es_id,cluster,row_id,report_group,study,outcome_subject,grade_band,g,v,se,n_t,n_c,n_clusters,icc_assumed,cluster_adjusted,pretest_adjusted,test_type,test_name,include,exclude_reason,extraction_method,source_stat,page_ref,extractor,confidence,notes
abe_2012-01,abe_2012,1,abe_2012,Abe et al. 2012,Reading,5 (within 3-6 registry band; TPD targeted grades 4-5),0.2439,0.01016,0.1008,1566,1486,45,,True,True,standardized_independent,Stanford Achievement Test 10th ed. (SAT-10) Reading Comprehension scale score (Hawai'i: TerraNova converted to SAT-10-equivalent),1,,"Paper-reported standardized impact d = impact/SD_control = 5.3/21.721 = 0.244 (control-group SD standardizer), from two-level HLM, pretest/covariate-adjusted. g = J*d with J = 1-3/(4*df-1), df = N-2 = 3050, J = 0.99975. SE(d) = SE(impact)/SD_control = 2.19/21.721 = 0.1008; g_se = J*SE(d) = 0.1008; g_var = g_se^2 = 0.01016. Cross-check t = impact/SE = 2.42, matching reported p = .017.",5.3,"p. xv-xvii (Exec. Summary); Table B.5 'Estimate of overall impact: weighted mean of three entity estimates (benchmark model)', p. B11 (PDF p.117); sample sizes p. xiv-xv (PDF p.15) and Figure 2.2 (PDF p.44); school counts p.34-36 (PDF p.35-36)",subagent,high,"Headline confirmatory full-sample student outcome. Overall impact = weighted mean of three entity-specific HLM estimates. Entity subsamples (NOT extracted as separate full-sample rows; they are subgroups): American Samoa ES = -0.146 (n=185, p=.629), CNMI ES = 0.392 (n=692, p=.027), Hawai'i ES = 0.133 (n=2,175, p=.050). A 'combined sample' pooled estimate (entity fixed effects) gave ES = 0.068 (n=3,052, p=.247, NS) and is reported by the authors as method-sensitive; the authors adopt the weighted-mean estimate (0.244) as the primary result. A priori MDES for student outcomes was 0.16. Comparison/control = business-as-usual."
allen_2015-01,allen_2015,2,allen_2015,Allen et al. 2015,Other,"6-12 (mixed: 11% middle school, 89% high school)",0.48,0.0311,0.176,659,536,86,,True,True,standardized_independent,"Virginia Standards of Learning (SOL) end-of-course standardized state achievement test, pooled across teachers' focal core courses (math/science and English/social studies); scaled 200-600",1,,"Hedges' g = 0.48 taken directly from the report (Results text, p.481/offset 26159): the covariate-adjusted standardized mean difference favoring MTP-S, derived from the HLM impact (Table 2: MTP-S intervention coefficient B = 14.67**, SE = 5.39, p<.01) standardizing by the within-group/residual SOL SD (~30.56 points, implied by b/g = 14.67/0.48). Positive = favors TPD. Small-sample correction J = 1 - 3/(4*df-1) with df = n_t+n_c-2 = 1193 gives J = 0.9994, negligible, so g_reported already = g. g_se = J*(SE_b/s) = 0.9994*(5.39/30.56) = 0.176; g_var = g_se^2 = 0.0311 (back-computed; not paper-stated).",14.67,"Results 'Primary Intervention Effects' p.481 (BioC offset 26159) for g=.48/.31; Table 2 (p.482) MTP-S coefficient B=14.67**, SE=5.39; Table 1 (p.482) sample sizes; Figure 1 (means by group).",subagent,high,"Single pooled student-achievement contrast (one TPD arm vs. business-as-usual). The report's HEADLINE/confirmatory result is the covariate-adjusted Hedges' g = 0.48 (after covarying individual prior-year SOL score [r=.77 with outcome], grade level, family poverty, racial/ethnic minority status); the SIMPLE unadjusted comparison gave Hedges' g = 0.31 (same contrast, no covariates) -- not extracted as a separate row since it is the same contrast; per spec the covariate-adjusted estimate is preferred. Effect was equivalent to moving the typical student from the 50th to the 59th percentile. Content area (English/history/SS vs. math/science) tested as moderator: NO main or moderating effect (p>.50) -> single pooled effect across subjects, hence outcome_subject='Other'. Clustering: design randomized teachers/classrooms (86 clusters); HLM nested students-within-teachers-within-schools, but preliminary 3-level models found no significant school effects (all p>.35) so the school level was dropped; the teacher/class HLM impact estimate accounts for the relevant nesting -> cluster_adjusted=true. ICC not reported as a single design-effect value (left null per spec; never guess). n_t=659, n_c=536 from Table 1 (male+female counts); paper text rounds total to 1,194 (Table 1 sums to 1,195). Tests are Virginia state SOL end-of-course exams (standardized, independent of developers). Conflict-of-interest note: R. Pianta co-owns the MTP dissemination company."
ansari_pianta_2018-01,ansari_pianta_2018,3,ansari_pianta_2018,Ansari & Pianta 2018,Reading,Pre-K,0.06996,0.001598,0.03998,736,671,325,,True,True,standardized_independent,"Peabody Picture Vocabulary Test, 3rd ed. (PPVT-III) - receptive vocabulary (age-standardized score)",1,,"Reported standardized impact coefficient is itself the SMD (all variables standardized to mean 0 / SD 1, per Table 2 note). g = J * d with J=0.999466 (df=N-2=1405). g_se = J * reported SE(d); g_var = g_se^2. Marginally significant (p<0.10).",0.07,"p.107 Table 2 (Main effect model, Receptive language); raw means p.105 Table 1",subagent,medium,"Receptive vocabulary; only outcome with a p<0.10 main effect. Adjusted standardized model coefficient = effect size; classroom-clustered, site FE, pretest covariate. Raw Table 1 means are unadjusted posttest (cross-check)."
ansari_pianta_2018-02,ansari_pianta_2018,3,ansari_pianta_2018,Ansari & Pianta 2018,Reading,Pre-K,-0.01999,0.001598,0.03998,736,671,325,,True,True,standardized_independent,Woodcock-Johnson III Picture Vocabulary subtest - expressive vocabulary (age-standardized score),1,,"Standardized impact coefficient = SMD (Table 2 note). g = J * d, J=0.999466. g_se = J * reported SE(d); g_var = g_se^2. Not significant.",-0.02,"p.107 Table 2 (Main effect model, Expressive language); raw means p.105 Table 1",subagent,medium,"Expressive vocabulary (WJ-III). Negative/near-zero main effect, ns."
ansari_pianta_2018-03,ansari_pianta_2018,3,ansari_pianta_2018,Ansari & Pianta 2018,Reading,Pre-K,0.00999,0.002497,0.04997,736,671,325,,True,True,standardized_independent,Test of Preschool Early Literacy (TOPEL) - phonological awareness (raw score),1,,"Standardized impact coefficient = SMD (Table 2 note). g = J * d, J=0.999466. g_se = J * reported SE(d); g_var = g_se^2. Not significant.",0.01,"p.107 Table 2 (Main effect model, Phonological awareness); raw means p.105 Table 1",subagent,medium,"TOPEL phonological awareness (word elision/blending), raw scores used by authors. ns."
ansari_pianta_2018-04,ansari_pianta_2018,3,ansari_pianta_2018,Ansari & Pianta 2018,Reading,Pre-K,0.05997,0.001598,0.03998,736,671,325,,True,True,standardized_independent,Test of Preschool Early Literacy (TOPEL) - print knowledge (raw score),1,,"Standardized impact coefficient = SMD (Table 2 note). g = J * d, J=0.999466. g_se = J * reported SE(d); g_var = g_se^2. Not significant.",0.06,"p.107 Table 2 (Main effect model, Print knowledge); raw means p.105 Table 1",subagent,medium,"TOPEL print knowledge (alphabet/print conventions), raw scores used by authors. ns."
ansari_pianta_2018-05,ansari_pianta_2018,3,ansari_pianta_2018,Ansari & Pianta 2018,Reading,Pre-K,0.02998,0.001598,0.03998,736,671,325,,True,True,researcher_made,"Average of all child outcomes (composite of receptive vocab, expressive vocab, phonological awareness, print knowledge, inhibitory control; each z-standardized then re-standardized)",0,researcher_made,"Standardized composite impact coefficient = SMD (Table 2 note). g = J * d, J=0.999466. g_se = J * reported SE(d); g_var = g_se^2. Not significant. This is the authors' headline aggregate effect (~3% of an SD).",0.03,"p.107 Table 2 (Main effect model, Average of all child outcomes)",subagent,medium,Authors' overall aggregate impact across the 5 child outcomes. NOTE: this composite is NOT pure achievement - it includes the inhibitory-control (executive-function) measure as a fifth component. Mapped to Reading as the dominant academic content but flagged here; central merge should treat with caution / may prefer the 4 individual language-literacy subscales. The 4 language/literacy subscales above are components of this composite (subscale relationship).
arens_2012-01,arens_2012,4,arens_2012,Arens et al. 2012,Reading,1-5,-0.02999,0.0035979,0.05998,1761,851,52,0.12,True,True,standardized_independent,IDEA Proficiency Test (IPT) basic composite score (listening comprehension + reading/vocabulary comprehension + writing),1,,"Reported standardized HLM impact taken directly: gamma01 = -0.03, SE = 0.06 on z-scored IPT composite (Table 4.1, p.44; Table J2, p.J-2). This equals d because the outcome was already z-standardized; the report's own Glass's Delta = -0.03 (control-SD standardization) confirms d = -0.03. Hedges' g = J*d with J = 1 - 3/(4*df-1), df = n_t+n_c-2 = 2610, J = 0.99971; g = 0.99971*(-0.03) = -0.02999; g_se = J*0.06 = 0.05998; g_var = g_se^2 = 0.0035979.",-0.03,Table 4.1 (p.44) confirmatory impact; Table J2 (p.J-2) full model; ICC from Table I1 (p.I-1); design/sample from Summary pp.xi-xii and Table 2.6/2.7,subagent,high,"Confirmatory (headline) research question outcome: combined OWE+RISE impact on IPT basic composite. Two-level HLM (students nested in schools) adjusting for IPT pretest, percent White, percent Hispanic, block (district) randomization indicators, and student grade; intent-to-treat over 52 schools; multilevel model accounts for clustering so cluster_adjusted=true. ICC = 0.12 (Table I1). mean_t/mean_c are the adjusted IPT posttest means (intervention 0.00 -> reported -0.04 unadjusted; here adjusted means from Table 4.1: 0.00 vs 0.03); SDs (square brackets in Table 4.1) are unadjusted-posttest SDs of the z-scored composite (0.84 intervention, 0.86 control). Not statistically significant (p=.66, 95% CI -0.14 to 0.09). Subscale impacts (Models 6-8, Table 4.2): listening -0.02, reading -0.06, writing -0.03 (all NS); these are sensitivity/subscale analyses of the same composite and are NOT extracted as separate rows (composite is the confirmatory outcome). Sensitivity models (3-10) all NS, range -0.01 to -0.12."
babinski_2018-01,babinski_2018,5,babinski_2018,Babinski et al. 2018,Reading,K-2,0.05,0.01505,0.1227,64,41,45,,True,True,standardized_independent,"Woodcock Muñoz Language Survey-Revised (WMLS-R), English – Picture Vocabulary (W score)",1,,"Authors' reported Hedge's g (Table 5) for the ITT multilevel ANCOVA group difference in change in W scores. g_se derived by scaling the model W-score SE (=CI width/(2*1.96)=2.503) into g units via the paper's g/Mdiff ratio: g_se = 0.05*2.503/1.02 = 0.1227; g_var=g_se^2. Standardized by the SD the authors used to report g (Hill et al. 2008 narrow-focus benchmark metric), not recomputed.",1.02,p.134 Table 5 (Picture Vocabulary row); narrative p.132,subagent,high,"Full randomized analytic sample (n_t=64, n_c=41). ns. mean_t/mean_c are the adjusted means from Table 5 (intervention 453, control 452); SDs are the unadjusted subtest SDs. Picture Vocabulary (vocabulary) -> Reading per spec (reading/literacy)."
babinski_2018-02,babinski_2018,5,babinski_2018,Babinski et al. 2018,Other,K-2,0.23,0.01489,0.122,64,41,45,,True,True,standardized_independent,"Woodcock Muñoz Language Survey-Revised (WMLS-R), English – Verbal Analogies (W score)",1,,Authors' reported Hedge's g (Table 5) for the ITT multilevel ANCOVA group difference in change in W scores. g_se = g*SE_Mdiff/|Mdiff| = 0.23*1.661/3.13 = 0.1220 (SE_Mdiff = (6.39-(-0.12))/(2*1.96)); g_var=g_se^2.,3.13,"p.134 Table 5 (Verbal Analogies row); narrative p.132, 137",subagent,high,"Full sample. Parameter estimate 3.13** (the ** mark in Table 5; p for change difference = .053 per narrative, CI [-0.12, 6.39] almost entirely above zero). Highlighted in abstract/discussion as one of two beneficial effects (g=0.23 matches the Hill et al. 2008 benchmark for narrow-focus measures). Verbal Analogies = reasoning with lexical/verbal knowledge (oral language) -> Other per spec (writing/language/other)."
babinski_2018-03,babinski_2018,5,babinski_2018,Babinski et al. 2018,Reading,K-2,0.0,0.03943,0.1986,64,41,45,,True,True,standardized_independent,"Woodcock Muñoz Language Survey-Revised (WMLS-R), English – Letter-Word Identification (W score)",1,,"Authors' reported Hedge's g = 0.00 (Table 5). Because Mdiff=0.03 (g=0.00), the CI-scaling method is undefined; g_se falls back to the n-based large-sample formula Var(g)=J^2*[(nt+nc)/(nt*nc)+d^2/(2*(nt+nc))] with d=g/J=0, J=0.99270 -> g_var=0.03943, g_se=0.1986. This fallback IGNORES clustering (the model CI implies a tighter SE_Mdiff/SD); flagged.",0.03,p.134 Table 5 (Letter-Word Identification row),subagent,high,"Full sample. Null effect (Mdiff=0.03, g=0.00, ns). g_se uses n-based fallback because effect is ~0 (see g_method/problems). Letter-Word Identification (reading decoding) -> Reading per spec."
babinski_2018-04,babinski_2018,5,babinski_2018,Babinski et al. 2018,Other,K-2,0.04,0.02117,0.1455,64,41,45,,True,True,standardized_independent,"Woodcock Muñoz Language Survey-Revised (WMLS-R), English – Dictation (W score)",1,,Authors' reported Hedge's g (Table 5). g_se = g*SE_Mdiff/|Mdiff| = 0.04*2.656/0.73 = 0.1455 (SE_Mdiff=(5.93-(-4.48))/(2*1.96)); g_var=g_se^2.,0.73,p.134 Table 5 (Dictation row),subagent,high,Full sample. ns. Dictation (spelling/writing) -> Other per spec (writing/language/other).
babinski_2018-05,babinski_2018,5,babinski_2018,Babinski et al. 2018,Other,K-2,0.1,0.00807,0.0898,64,41,45,,True,True,standardized_independent,"Woodcock Muñoz Language Survey-Revised (WMLS-R), English – Understanding Directions (W score)",1,,Authors' reported Hedge's g (Table 5). g_se = g*SE_Mdiff/|Mdiff| = 0.10*1.536/1.71 = 0.0898 (SE_Mdiff=(4.72-(-1.3))/(2*1.96)); g_var=g_se^2.,1.71,p.134 Table 5 (Understanding Directions row),subagent,high,Full sample. ns. Understanding Directions (listening/oral-language comprehension) -> Other per spec.
babinski_2018-06,babinski_2018,5,babinski_2018,Babinski et al. 2018,Other,K-2,0.29,0.0216,0.147,64,41,45,,True,True,standardized_independent,"Woodcock Muñoz Language Survey-Revised (WMLS-R), English – Story Recall (W score)",1,,Authors' reported Hedge's g (Table 5). g_se = g*SE_Mdiff/|Mdiff| = 0.29*1.531/3.02 = 0.1470 (SE_Mdiff=(6.02-0.02)/(2*1.96)); g_var=g_se^2.,3.02,"p.134 Table 5 (Story Recall row); narrative p.132, 137",subagent,high,"Full sample. SIGNIFICANT: Mdiff=3.02, 95% CI [0.02, 6.02], p=.048, g=0.29. The study's strongest/headline beneficial student effect (oral language: listening, memory, expressive language). Story Recall (oral-language recall) -> Other per spec."
babinski_2018-07,babinski_2018,5,babinski_2018,Babinski et al. 2018,Reading,K-2,0.03,0.00646,0.0804,64,41,45,,True,True,standardized_independent,"Woodcock Muñoz Language Survey-Revised (WMLS-R), English – Passage Comprehension (W score)",1,,Authors' reported Hedge's g (Table 5). g_se = g*SE_Mdiff/|Mdiff| = 0.03*3.724/1.39 = 0.0804 (SE_Mdiff=(8.69-(-5.91))/(2*1.96)); g_var=g_se^2.,1.39,p.134 Table 5 (Passage Comprehension row),subagent,high,Full sample. ns. Passage Comprehension (reading comprehension) -> Reading per spec.
bierman_2008-01,bierman_2008,6,bierman_2008,Bierman et al. 2008,Reading,Pre-K,0.38917,0.011401,0.10678,178,178,44,,True,True,standardized_independent,"Blending subtest, Test of Preschool Early Literacy (TOPEL; formerly Pre-CTOPP) -- phonological processing",1,,"Reported HLM 'Intervention Effect' (approximate effect size) d=.39 (Table 3, p.23), standardized because all measures were rescaled to mean 0/SD 1 in the model (p.11-12); pretest-adjusted and cluster-accounted (children nested in classroom). Hedges g = J*d with df = n_t+n_c-2 = 354, J = 1 - 3/(4*354-1) = 0.997880, g = 0.997880*0.39 = 0.38917. Variance is a FALLBACK design-based estimate at the student level (no model SE reported): Var(d) = (n_t+n_c)/(n_t*n_c) + d^2/(2*(n_t+n_c)) = 356/31684 + 0.39^2/712 = 0.011425, Var(g)=J^2*Var(d)=0.011401, g_se=0.10678. NOT cluster-adjusted (see problems); central team should correct with n_clusters and an ICC (no ICC reported).",0.39,Table 3 (p.23 of PDF / journal p.1815); HLM/effect-size definition pp.11-12 (PDF) / pp.1809-1810,subagent,high,"Emergent-literacy (phonological awareness) -> Reading. One of the strongest, statistically significant effects (d=.39, p=.001). Means/SDs shown are raw post-test observed scores (control 13.04/4.30; intervention 14.71/4.33); they are NOT the standardizing SD of the effect (effect is from the SD=1 standardized HLM). TOPEL is a published/standardized instrument (alpha=.86)."
bierman_2008-02,bierman_2008,6,bierman_2008,Bierman et al. 2008,Reading,Pre-K,0.34926,0.01136,0.10658,178,178,44,,True,True,standardized_independent,"Elision subtest, Test of Preschool Early Literacy (TOPEL; formerly Pre-CTOPP) -- phonological processing",1,,"Reported HLM 'Intervention Effect' d=.35 (Table 3, p.23), standardized (model SD=1), pretest-adjusted, cluster-accounted. Hedges g = J*d, df=354, J=0.997880, g=0.34926. Fallback design-based variance (no model SE): Var(d)=356/31684 + 0.35^2/712 = 0.011385, Var(g)=J^2*Var(d)=0.011360, g_se=0.10658. NOT cluster-adjusted; correct centrally with n_clusters/ICC (no ICC reported).",0.35,Table 3 (p.23 of PDF / journal p.1815); pp.11-12 (PDF),subagent,high,"Emergent-literacy (phonological awareness) -> Reading. Statistically significant (d=.35, p=.001). Raw post-test means/SDs: control 9.61/3.58; intervention 11.19/4.02. TOPEL Elision subtest (alpha=.83)."
bierman_2008-03,bierman_2008,6,bierman_2008,Bierman et al. 2008,Reading,Pre-K,0.15966,0.011224,0.10594,178,178,44,,True,True,standardized_independent,"Print Knowledge / Print Awareness subtest, Test of Preschool Early Literacy (TOPEL)",1,,"Reported HLM 'Intervention Effect' d=.16 (Table 3, p.23), standardized (model SD=1), pretest-adjusted, cluster-accounted. Hedges g = J*d, df=354, J=0.997880, g=0.15966. Fallback design-based variance (no model SE): Var(d)=356/31684 + 0.16^2/712 = 0.011271, Var(g)=J^2*Var(d)=0.011224, g_se=0.10594. NOT cluster-adjusted; correct centrally with n_clusters/ICC (no ICC reported).",0.16,Table 3 (p.23 of PDF / journal p.1815); pp.11-12 (PDF),subagent,high,"Emergent-literacy (print knowledge) -> Reading. Marginal/not significant (d=.16, p=.10). Raw post-test means/SDs: control 16.49/12.59; intervention 18.84/12.84. TOPEL Print Knowledge subtest (alpha=.97)."
bierman_2008-04,bierman_2008,6,bierman_2008,Bierman et al. 2008,Other,Pre-K,0.14968,0.01122,0.10592,178,178,44,,True,True,standardized_independent,Expressive One-Word Picture Vocabulary Test (EOWPVT) -- expressive vocabulary,1,,"Reported HLM 'Intervention Effect' d=.15 (Table 3, p.23), standardized (model SD=1), pretest-adjusted, cluster-accounted. Hedges g = J*d, df=354, J=0.997880, g=0.14968. Fallback design-based variance (no model SE): Var(d)=356/31684 + 0.15^2/712 = 0.011267, Var(g)=J^2*Var(d)=0.011220, g_se=0.10592. NOT cluster-adjusted; correct centrally with n_clusters/ICC (no ICC reported).",0.15,Table 3 (p.23 of PDF / journal p.1815); pp.11-12 (PDF),subagent,high,"Oral-language (expressive vocabulary) -> Other per spec (language). Statistically significant (d=.15, p=.02). Raw post-test means/SDs: control 41.03/11.24; intervention 42.79/11.55. EOWPVT is a standardized published instrument."
bierman_2008-05,bierman_2008,6,bierman_2008,Bierman et al. 2008,Other,Pre-K,-0.06985,0.011195,0.10581,178,178,44,,True,True,standardized_independent,"Grammatical Understanding subtest, Test of Language Development (TOLD) -- syntax comprehension",1,,"Reported HLM 'Intervention Effect' d=-.07 (Table 3, p.23), standardized (model SD=1), pretest-adjusted, cluster-accounted. Hedges g = J*d, df=354, J=0.997880, g=-0.06985. Fallback design-based variance (no model SE): Var(d)=356/31684 + 0.07^2/712 = 0.011242, Var(g)=J^2*Var(d)=0.011195, g_se=0.10581. NOT cluster-adjusted; correct centrally with n_clusters/ICC (no ICC reported).",-0.07,Table 3 (p.23 of PDF / journal p.1815); pp.11-12 (PDF),subagent,high,"Oral-language (syntax comprehension) -> Other. No intervention effect (d=-.07, p=.56; negative/favoring control but n.s.). Raw post-test means/SDs: control 11.72/4.90; intervention 11.95/4.70. TOLD Grammatical Understanding subtest (alpha=.80)."
bierman_2008-06,bierman_2008,6,bierman_2008,Bierman et al. 2008,Other,Pre-K,-0.03992,0.011191,0.10579,178,178,44,,True,True,standardized_independent,"Sentence Imitation subtest, Test of Language Development (TOLD) -- syntax expression (log-transformed for analysis)",1,,"Reported HLM 'Intervention Effect' d=-.04 (Table 3, p.23), standardized (model SD=1), pretest-adjusted, cluster-accounted. Hedges g = J*d, df=354, J=0.997880, g=-0.03992. Fallback design-based variance (no model SE): Var(d)=356/31684 + 0.04^2/712 = 0.011238, Var(g)=J^2*Var(d)=0.011191, g_se=0.10579. NOT cluster-adjusted; correct centrally with n_clusters/ICC (no ICC reported).",-0.04,Table 3 (p.23 of PDF / journal p.1815); pp.11-12 (PDF); preliminary analyses (log-transform) p.11,subagent,high,"Oral-language (syntax expression) -> Other. No intervention effect (d=-.04, p=.73, n.s.). Sentence Imitation was log-transformed before analysis due to skew (p.11); raw post-test means/SDs shown are control 1.56/.80, intervention 1.57/.75. TOLD Sentence Imitation subtest (alpha=.90)."
bleses_2021-01,bleses_2021,7,bleses_2021,Bleses et al. 2021,Reading,Pre-K delivery (children 4-5 yrs); outcome measured in Grade 2 (3-6 yrs later),-0.06996,0.00384,0.06197,770,701,74,0.14,True,True,standardized_independent,Danish national reading test (Grade 2) - Language comprehension subscale,1,,"Outcome standardized to SD=1; Table 4 coefficient = d = -0.07, se(d)=0.062 from a pretest- and covariate-adjusted cross-classified mixed-effects model. df=n_t+n_c-2=1469, J=1-3/(4*df-1)=0.99949, g=J*d=-0.06996, g_se=J*se(d)=0.06197, g_var=g_se^2=0.003840.",-0.07,Table 4 (p.13); model/ICC in Methods (pp.9-10); Ns in Table 2/Table 3 (pp.11-12),subagent,medium,"Non-significant (p=0.283). n_clusters=74 = 38 SPELL + 36 BAU childcare centers (as randomized). icc=0.14 is the childcare-classroom ICC for language comprehension (also reported: 2nd-grade-classroom ICC 0.18, crossing 0.07, child-level 0.57-0.62). Preschool post-test (researcher-made) for this arm: language comprehension subtest g=-0.03 (means 20.3 vs 20.4)."
bleses_2021-02,bleses_2021,7,bleses_2021,Bleses et al. 2021,Reading,Pre-K delivery (children 4-5 yrs); outcome measured in Grade 2 (3-6 yrs later),-0.02998,0.004895,0.06996,770,701,74,0.16,True,True,standardized_independent,Danish national reading test (Grade 2) - Word decoding subscale,1,,"Outcome SD=1; Table 4 d=-0.03, se(d)=0.070. df=1469, J=0.99949, g=-0.02998, g_se=0.06996, g_var=0.004895.",-0.03,Table 4 (p.13); Methods pp.9-10; Ns Table 2/3,subagent,medium,"Non-significant (p=0.620). icc=0.16 = childcare-classroom ICC for decoding (2nd-grade-classroom ICC 0.13, child-level ICC 0.62)."
bleses_2021-03,bleses_2021,7,bleses_2021,Bleses et al. 2021,Reading,Pre-K delivery (children 4-5 yrs); outcome measured in Grade 2 (3-6 yrs later),-0.01999,0.004756,0.06896,770,701,74,0.14,True,True,standardized_independent,Danish national reading test (Grade 2) - Reading/Text comprehension subscale,1,,"Outcome SD=1; Table 4 d=-0.02 (labeled 'Text comprehension'), se(d)=0.069. df=1469, J=0.99949, g=-0.01999, g_se=0.06896, g_var=0.004756.",-0.02,Table 4 (p.13); Methods pp.9-10; Ns Table 2/3,subagent,medium,"Non-significant (p=0.740). Table 4 calls this 'Text comprehension'; Table 3 calls it 'Reading comprehension'. icc=0.14 = childcare-classroom ICC for reading comprehension (crossing ICC 0.11, child-level 0.57)."
bleses_2021-04,bleses_2021,7,bleses_2021,Bleses et al. 2021,Reading,Pre-K delivery (children 4-5 yrs); outcome measured in Grade 2 (3-6 yrs later),0.09995,0.004092,0.06397,692,701,70,0.14,True,True,standardized_independent,Danish national reading test (Grade 2) - Language comprehension subscale,1,,"Outcome SD=1; Table 4 d=0.10, se(d)=0.064. df=n_t+n_c-2=1391, J=0.99946, g=0.09995, g_se=0.06397, g_var=0.004092.",0.1,Table 4 (p.13); Methods pp.9-10; Ns Table 2/3,subagent,medium,Non-significant (p=0.120). n_clusters=70 = 34 SPELL+PD + 36 BAU centers. icc=0.14 childcare-classroom ICC (language comprehension).
bleses_2021-05,bleses_2021,7,bleses_2021,Bleses et al. 2021,Reading,Pre-K delivery (children 4-5 yrs); outcome measured in Grade 2 (3-6 yrs later),0.07996,0.005178,0.07196,692,701,70,0.16,True,True,standardized_independent,Danish national reading test (Grade 2) - Word decoding subscale,1,,"Outcome SD=1; Table 4 d=0.08, se(d)=0.072. df=1391, J=0.99946, g=0.07996, g_se=0.07196, g_var=0.005178.",0.08,Table 4 (p.13); Methods pp.9-10; Ns Table 2/3,subagent,medium,Non-significant (p=0.248). icc=0.16 childcare-classroom ICC (decoding).
bleses_2021-06,bleses_2021,7,bleses_2021,Bleses et al. 2021,Reading,Pre-K delivery (children 4-5 yrs); outcome measured in Grade 2 (3-6 yrs later),0.09995,0.005036,0.07096,692,701,70,0.14,True,True,standardized_independent,Danish national reading test (Grade 2) - Reading/Text comprehension subscale,1,,"Outcome SD=1; Table 4 d=0.10 ('Text comprehension'), se(d)=0.071. df=1391, J=0.99946, g=0.09995, g_se=0.07096, g_var=0.005036.",0.1,Table 4 (p.13); Methods pp.9-10; Ns Table 2/3,subagent,medium,Non-significant (p=0.145). icc=0.14 childcare-classroom ICC (reading comprehension).
bleses_2021-07,bleses_2021,7,bleses_2021,Bleses et al. 2021,Reading,Pre-K delivery (children 4-5 yrs); outcome measured in Grade 2 (3-6 yrs later),0.08995,0.004484,0.06696,537,701,70,0.14,True,True,standardized_independent,Danish national reading test (Grade 2) - Language comprehension subscale,1,,"Outcome SD=1; Table 4 d=0.09, se(d)=0.067. df=n_t+n_c-2=1236, J=0.99939, g=0.08995, g_se=0.06696, g_var=0.004484.",0.09,Table 4 (p.13); Methods pp.9-10; Ns Table 2/3,subagent,medium,"Non-significant (p=0.179). n_clusters=70 = 34 SPELL+HOME + 36 BAU centers. Included for completeness; the enhancement is a home/parent program, not teacher PD."
bleses_2021-08,bleses_2021,7,bleses_2021,Bleses et al. 2021,Reading,Pre-K delivery (children 4-5 yrs); outcome measured in Grade 2 (3-6 yrs later),0.04997,0.005469,0.07396,537,701,70,0.16,True,True,standardized_independent,Danish national reading test (Grade 2) - Word decoding subscale,1,,"Outcome SD=1; Table 4 d=0.05, se(d)=0.074. df=1236, J=0.99939, g=0.04997, g_se=0.07396, g_var=0.005469.",0.05,Table 4 (p.13); Methods pp.9-10; Ns Table 2/3,subagent,medium,Non-significant (p=0.503). icc=0.16 childcare-classroom ICC (decoding).
bleses_2021-09,bleses_2021,7,bleses_2021,Bleses et al. 2021,Reading,Pre-K delivery (children 4-5 yrs); outcome measured in Grade 2 (3-6 yrs later),-0.00999,0.005469,0.07396,537,701,70,0.14,True,True,standardized_independent,Danish national reading test (Grade 2) - Reading/Text comprehension subscale,1,,"Outcome SD=1; Table 4 d=-0.01 ('Text comprehension'), se(d)=0.074. df=1236, J=0.99939, g=-0.00999, g_se=0.07396, g_var=0.005469.",-0.01,Table 4 (p.13); Methods pp.9-10; Ns Table 2/3,subagent,medium,Non-significant (p=0.899). icc=0.14 childcare-classroom ICC (reading comprehension).
borman_2007-01,borman_2007,8,borman_2007,Borman et al. 2007,Reading,K-2,0.3599,0.01209,0.11,1085,1023,35,,True,True,standardized_independent,Woodcock Reading Mastery Tests - Revised (WMRT) Word Attack subtest (phonemic decoding of nonsense words; nationally normed),1,,"Impact is the standardized HLM fixed-effect coefficient for SFA assignment from Table 4 (combined longitudinal + in-mover 'school-wide' sample); outcomes were standardized so the coefficient is itself d = 0.36 with SE = 0.11 (matches Table 5 School-wide Year 3 = 0.36). Hedges' g = J*d, J = 1 - 3/(4*df-1) with df = n_t+n_c-2 = 2106, J = 0.99964, g = 0.3599. g_se = J*impact_se = 0.99964*0.11 = 0.1100; g_var = g_se^2 = 0.01209. Standardized via the pooled within-sample SD of the outcome (the model's standardization), pretest-adjusted by school-mean PPVT covariate, cluster-adjusted via school-level HLM.",0.36,Table 4 (p. 50 of PDF / journal p. 50); Table 5 School-wide Year 3 (p. 51); results text p. 28-29; sample sizes p. 23-24,subagent,high,"Full analytic ('school-wide') sample: 1,085 treatment + 1,023 control = 2,108 students in 35 schools (18 SFA, 17 control). Significant at p<.01 (t=3.27). Largest of the three literacy effects; Word Attack measures phonemic awareness/decoding, the domain SFA's kindergarten phonics instruction targets first. d=0.36 corresponds to Cohen's U3 of ~64th percentile (text p. 33). WMRT is nationally normed, independent of the developer. One of three co-equal primary literacy outcomes (no composite reported)."
borman_2007-02,borman_2007,8,borman_2007,Borman et al. 2007,Reading,K-2,0.2399,0.01209,0.11,1085,1023,35,,True,True,standardized_independent,Woodcock Reading Mastery Tests - Revised (WMRT) Word Identification subtest (reading words in isolation; nationally normed),1,,"Standardized HLM fixed-effect coefficient for SFA assignment, Table 4 (combined longitudinal + in-mover sample): d = 0.24, SE = 0.11 (matches Table 5 School-wide Year 3 = 0.24). g = J*d, J = 0.99964 (df = 2106), g = 0.2399. g_se = J*0.11 = 0.1100; g_var = 0.01209. Pretest-adjusted (school-mean PPVT), cluster-adjusted (school-level HLM).",0.24,Table 4 (p. 50 of PDF); Table 5 School-wide Year 3 (p. 51); results text p. 28-29,subagent,high,"Full analytic ('school-wide') sample (n_t=1,085, n_c=1,023). Significant at p<.05 (t=2.29). One of three co-equal primary literacy outcomes."
borman_2007-03,borman_2007,8,borman_2007,Borman et al. 2007,Reading,K-2,0.2099,0.00809,0.09,1085,1023,35,,True,True,standardized_independent,Woodcock Reading Mastery Tests - Revised (WMRT) Passage Comprehension subtest (cloze reading comprehension; nationally normed),1,,"Standardized HLM fixed-effect coefficient for SFA assignment, Table 4 (combined longitudinal + in-mover sample): d = 0.21, SE = 0.09 (matches Table 5 School-wide Year 3 = 0.21). g = J*d, J = 0.99964 (df = 2106), g = 0.2099. g_se = J*0.09 = 0.0900; g_var = 0.00809. Pretest-adjusted (school-mean PPVT), cluster-adjusted (school-level HLM).",0.21,Table 4 (p. 50 of PDF); Table 5 School-wide Year 3 (p. 51); results text p. 28-29,subagent,high,"Full analytic ('school-wide') sample (n_t=1,085, n_c=1,023). Significant at p<.05 (t=2.36). One of three co-equal primary literacy outcomes."
borman_2007-04,borman_2007,8,borman_2007,Borman et al. 2007,Reading,K-2,0.3298,0.01209,0.11,,,35,,True,True,standardized_independent,Woodcock Reading Mastery Tests - Revised (WMRT) Word Attack subtest (phonemic decoding; nationally normed) - three-year longitudinal sample,0,subgroup,"Standardized HLM fixed-effect coefficient for SFA assignment, Table 3 (three-year longitudinal sample, n=1,445): d = 0.33, SE = 0.11 (matches Table 5 Longitudinal Year 3 = 0.33). g = J*d, J = 0.99948 (df = 1443 using total longitudinal N), g = 0.3298. g_se = J*0.11 = 0.1099; g_var = 0.01209. Pretest-adjusted (school-mean PPVT), cluster-adjusted (school-level HLM).",0.33,Table 3 (p. 49 of PDF); Table 5 Longitudinal Year 3 (p. 51); results text p. 27-28,subagent,high,"Three-year LONGITUDINAL sample (n=1,445): the non-random persister subset of children who remained in SFA/control schools across all three study years (Year 1 baseline kindergarten cohort through spring grade 2). Subgroup of the full school-wide sample, hence is_full_sample=false. Per-condition n split not reported (full school-wide split is 1,085/1,023). Significant at p<.01 (t=3.03)."
borman_2007-05,borman_2007,8,borman_2007,Borman et al. 2007,Reading,K-2,0.2199,0.00999,0.0999,,,35,,True,True,standardized_independent,Woodcock Reading Mastery Tests - Revised (WMRT) Word Identification subtest (reading words in isolation; nationally normed) - three-year longitudinal sample,0,subgroup,"Standardized HLM fixed-effect coefficient for SFA assignment, Table 3 (three-year longitudinal sample, n=1,445): d = 0.22, SE = 0.10 (matches Table 5 Longitudinal Year 3 = 0.22). g = J*d, J = 0.99948 (df = 1443), g = 0.2199. g_se = J*0.10 = 0.0999; g_var = 0.00999. Pretest-adjusted (school-mean PPVT), cluster-adjusted (school-level HLM).",0.22,Table 3 (p. 49 of PDF); Table 5 Longitudinal Year 3 (p. 51); results text p. 27-28,subagent,high,"Three-year longitudinal (persister) subset, n=1,445. Significant at p<.05 (t=2.24). Subgroup of the full school-wide sample."
borman_2007-06,borman_2007,8,borman_2007,Borman et al. 2007,Reading,K-2,0.2099,0.00809,0.09,,,35,,True,True,standardized_independent,Woodcock Reading Mastery Tests - Revised (WMRT) Passage Comprehension subtest (cloze comprehension; nationally normed) - three-year longitudinal sample,0,subgroup,"Standardized HLM fixed-effect coefficient for SFA assignment, Table 3 (three-year longitudinal sample, n=1,445): d = 0.21, SE = 0.09 (matches Table 5 Longitudinal Year 3 = 0.21). g = J*d, J = 0.99948 (df = 1443), g = 0.2099. g_se = J*0.09 = 0.0900; g_var = 0.00809. Pretest-adjusted (school-mean PPVT), cluster-adjusted (school-level HLM).",0.21,Table 3 (p. 49 of PDF); Table 5 Longitudinal Year 3 (p. 51); results text p. 27-28,subagent,high,"Three-year longitudinal (persister) subset, n=1,445. Significant at p<.05 (t=2.37). Subgroup of the full school-wide sample. Identical point estimate to the full-sample Passage Comprehension contrast (0.21)."
borman_2008-01,borman_2008,9,borman_2008,Borman et al. 2008,STEM,4,-0.267,0.0082,0.091,,,74,0.25,True,True,researcher_made,LAUSD life science periodic assessment (Grade 4),0,researcher_made,"Authors' standardized effect (Table 8, p.261) d=-0.27 from fully-specified 2-level HLM Model 3 coeff -0.056 (Table 2); g=J*d, J=0.9895 (df=n_clusters-2=72); g_se=J*(SE_coeff/SD), SD=0.207 back-derived from coeff/ES; standardized by student-level outcome SD (proportion-correct).",-0.056,Table 2 (Model 3) p.248; Table 8 p.261; n p.246-247,subagent,medium,"Headline confirmatory outcome ('the key science achievement outcome'; 'main outcome of interest is the life science periodic score'). Total analytic n=6,385 students, 74 schools (80 assigned; 6 schools dropped: 1 control, 5 treatment). ICC=0.25 (unconditional model). Statistically significant negative effect (p<.01). Coeff = ~6 percentage-point control advantage. Immediate post (1st implementation year); 2nd-year/CST-Science not reported in this article."
borman_2008-02,borman_2008,9,borman_2008,Borman et al. 2008,STEM,4,-0.503,0.0297,0.172,749,777,60,0.52,True,True,researcher_made,LAUSD life science periodic assessment (Grade 4),0,researcher_made,"Authors' standardized effect (Table 8) d=-0.51 from HLM Model 3 coeff -0.111 (Table 2); g=J*d, J=0.9870 (df=58); g_se=J*(SE_coeff/SD), SD=0.218 (=0.111/0.51); standardized by student-level outcome SD.",-0.111,"Table 2 (Model 3, Science Lead Teacher) p.248; Table 8 p.261; n p.246-247",subagent,medium,"NON-RANDOM subset: students of the designated science lead teacher (primary PD target) at each school. Lead-teacher role assigned PRE-randomization, so treat/control contrast is experimental, but it is a subgroup of the full sample. n=1,526 (749 T, 777 C), 60 schools. DIFFERENTIAL ATTRITION (treatment 64% vs control 72% retained, p<.01) -> caution; may positively bias the (already negative) estimate. ICC=0.52. Largest negative effect (-0.51 SD, p<.01)."
borman_2008-03,borman_2008,9,borman_2008,Borman et al. 2008,STEM,4,0.01,0.0066,0.081,,,74,,True,True,researcher_made,LAUSD earth science periodic assessment (Grade 4),0,researcher_made,"Authors' standardized effect (Table 8) d=0.01 from HLM Model 3 coeff 0.002 (Table 3); g=J*d, J=0.9895 (df=72); g_se=J*(SE_coeff/SD), SD=0.207.",0.002,Table 3 (Model 3) p.251; Table 8 p.261,subagent,medium,"More distal content (not the immersion focus). Total n=6,862 students, 74 schools. Not statistically significant; effect ~0. Coefficient heavily rounded -> g from coeff alone unstable; authors' Table 8 ES used as basis."
borman_2008-04,borman_2008,9,borman_2008,Borman et al. 2008,STEM,4,-0.079,0.0166,0.129,,,71,,True,True,researcher_made,LAUSD physical science periodic assessment (Grade 4),0,researcher_made,"Authors' standardized effect (Table 8) d=-0.08; HLM Model 3 coeff -0.006 (Table 4); g=J*d, J=0.9891 (df=69); g_se=J*(SE_coeff/SD), SD=0.207.",-0.006,Table 4 (Model 3) p.252; Table 8 p.261,subagent,medium,"More distal content. Total n=6,444 students, 71 schools. Not statistically significant. Table 8 reports d=-0.08 while Model-3 coeff (-0.006) is near zero; reported coeff is rounded to 3 d.p. so g taken from authors' Table 8 ES."
borman_2008-05,borman_2008,9,borman_2008,Borman et al. 2008,STEM,4,-0.02,0.0139,0.118,,,63,,True,True,researcher_made,LAUSD earth science periodic assessment (Grade 4),0,researcher_made,"Authors' standardized effect (Table 8) d=-0.02; HLM Model 3 coeff 0.003 (Table 3, lead-teacher); g=J*d, J=0.9877 (df=61); g_se=J*(SE_coeff/SD), SD=0.218.",0.003,"Table 3 (Model 3, Science Lead Teacher) p.251; Table 8 p.261",subagent,medium,"Non-random science-lead-teacher subset. n=1,667 students, 63 schools. Not significant; ~0. Sign of Table 8 ES (-0.02) opposite to rounded coeff (+0.003) due to rounding; authors' Table 8 used as basis."
borman_2008-06,borman_2008,9,borman_2008,Borman et al. 2008,STEM,4,-0.03,0.015,0.122,,,59,,True,True,researcher_made,LAUSD physical science periodic assessment (Grade 4),0,researcher_made,"Authors' standardized effect (Table 8) d=-0.03; HLM Model 3 coeff -0.006 (Table 4, lead-teacher); g=J*d, J=0.9868 (df=57); g_se=J*(SE_coeff/SD), SD=0.218.",-0.006,"Table 4 (Model 3, Science Lead Teacher) p.252; Table 8 p.261",subagent,medium,"Non-random science-lead-teacher subset. n=1,565 students, 59 schools. Not significant; ~0."
borman_2021-01,borman_2021,10,borman_2021,Borman et al. 2021,Other,7-8,0.04,,,,,11,,True,True,standardized_independent,"Cumulative postintervention GPA (grade point average), school administrative records; reported as a standardized achievement measure",0,no_variance,"Reported HLM impact coefficient b=0.04 (SE=0.05) for the Treatment effect on Black students' postintervention GPA; paper states d<0.01 (effectively zero). GPA appears to be standardized (SD~=1), so g~=b~=0.04. Small-sample correction J could not be applied (df/n not given). NOT independently verifiable from PDF (Supplemental Table S8 is online-only).",0.04,"p.21 (section 'Variation in Student Discipline Explained by Postintervention GPA', lines 907-910); detailed numbers in online-only Supplemental Table S8 (not in PDF)",subagent,high,"BLACK-SUBGROUP ONLY, not the full randomized sample (set is_full_sample=false). GPA was used as a MEDIATOR/predictor of the behavioral (suspension/ODR) outcomes, not as a primary achievement outcome. Paper explicitly reports the achievement effect for Black students as null (b=0.04, SE=0.05, z=0.65, p=.517, d<0.01). No full-sample, White-subgroup, or other-subgroup achievement treatment effect is reported in the article body, and the supplemental table holding the underlying numbers is not in this PDF. Do NOT treat this as the study's primary full-sample TPD-vs-control achievement contrast."
bottge_2014-01,bottge_2014,11,bottge_2014,Bottge et al. 2014,STEM,6-8,1.0,0.028,0.167,159,176,31,,True,True,researcher_made,"Fractions Computation Test (researcher-developed, 42 pts)",0,researcher_made,"Authors' reported Hedges' g (Table 3 ES). g = gamma010 / s_pool; gamma010 = HLM pretest+covariate-adjusted impact, s_pool = pooled unadjusted student-level posttest SD (Table 3 footnote). g_se = impact_se / s_pool (s_pool back-derived from gamma010/ES). My own pooled-SD recompute gives ~1.18 (unequal posttest SDs 13.70 vs 6.65); authors' headline 1.00 retained.",12.55,p.432 Table 3 (total row); means/SDs p.432 Table 2,subagent,high,"Headline researcher-developed fraction-computation outcome (RQ1), p<.001, n=319 valid posttest in HLM. Subsumes 10 subscales (Addition Overall/Simple/Mixed, Subtraction Overall/Simple/Mixed, Like/Unlike Denominator, No-rewrite/Rewrite), ES range .73-1.00, all p<.001."
bottge_2014-02,bottge_2014,11,bottge_2014,Bottge et al. 2014,STEM,6-8,0.39,0.031,0.175,159,176,31,,True,True,researcher_made,"Problem-Solving Test PS1-PS2 (researcher-developed, 35 pts)",0,researcher_made,Authors' reported Hedges' g (Table 3 ES). g = gamma010 / s_pool (HLM pretest+covariate-adjusted impact / pooled unadjusted posttest SD). g_se = impact_se / s_pool (s_pool back-derived from gamma010/ES). Independent pooled-SD recompute reproduces ES (.40 vs reported .39).,1.76,p.432 Table 3 (total row); means/SDs p.432 Table 2,subagent,high,"Headline researcher-developed problem-solving outcome (RQ2), p<.05, n=324 valid posttest in HLM. Subsumes 4 subscales: Ratios & Proportional Relationships (ES .61, p<.01), Measurement & Data (.16 ns), Number & Operations-Fractions (.15 ns), Geometry/Graphing (.57, p<.01)."
bottge_2014-03,bottge_2014,11,bottge_2014,Bottge et al. 2014,STEM,6-8,0.44,0.026,0.163,159,176,31,,True,True,standardized_independent,"ITBS Computation subtest (Iowa Tests of Basic Skills, Form C Level 12, 30 items)",1,,Authors' reported Hedges' g (Table 3 ES). g = gamma010 / s_pool (HLM pretest+covariate-adjusted impact / pooled unadjusted posttest SD). g_se = impact_se / s_pool (s_pool back-derived from gamma010/ES). Independent pooled-SD recompute reproduces ES (.45 vs reported .44).,2.22,p.432 Table 3 (total row); means/SDs p.432 Table 2,subagent,high,"STANDARDIZED/norm-referenced math computation outcome (the type the meta-analysis includes), p<.05, n=317 valid posttest in HLM. Subsumes 6 subscales: Fraction Addition (.60**), Fraction Subtraction (.41**), Whole/Decimal Addition (.40*), Subtraction (.26 ns), Multiplication (.25 ns), Division (.09 ns); effect driven by fraction subscales."
bottge_2014-04,bottge_2014,11,bottge_2014,Bottge et al. 2014,STEM,6-8,-0.04,0.023,0.152,159,176,31,,True,True,standardized_independent,"ITBS Problem-Solving and Data Interpretation subtest (Iowa Tests of Basic Skills, Form C Level 12, 28 items)",1,,"Authors' reported Hedges' g (Table 3 ES, magnitude .04) signed NEGATIVE to match gamma010 = -0.15 (favors BAU). g = gamma010 / s_pool. g_se = impact_se / s_pool (s_pool back-derived from |gamma010|/ES). Independent pooled-SD recompute reproduces magnitude (-.04).",-0.15,p.432 Table 3 (total row); means/SDs p.432 Table 2,subagent,high,STANDARDIZED/norm-referenced math problem-solving outcome. NON-SIGNIFICANT and slightly FAVORS BAU (gamma010 = -0.15) - the only one of four measures not favoring EAI. n=327 valid posttest in HLM. No extracted subscales.
boylan_2018-01,boylan_2018,12,boylan_2018,Boylan et al. 2018,STEM,3-6,0.0,0.003822,0.0618,2803,3015,110,0.11,True,True,standardized_independent,"KS2 maths attainment (overall raw points, National Curriculum tests / SATs via NPD)",1,,"EEF/SHU cluster-randomised Hedges g = stage-2 three-level ITT multilevel impact coefficient (Group=Intervention, b=0.06, raw KS2 maths points; model controls KS1 maths at pupil + school level) divided by standardizing SD = sqrt(empty-model total variance 566.1) = 23.79. g = 0.06/23.79 = 0.0025 ~ 0.00 (report rounds to 0.00). impact_se/g_se = model coef SE (1.471) / 23.79 = 0.0618; g_var = g_se^2 = 0.003822. Consistency check: report 95% CI (-0.12, +0.12) implies SE = 0.24/(2*1.96) = 0.0612 (g_var 0.003748).",0.06,"p.5 Table 1 (exec summary); p.39 Table 12 (headline ITT); p.107 Table 40 + Appendix I (model coefficients, empty-model variance, g calculation)",subagent,high,"Headline / primary confirmatory outcome (EEF security rating: very high). Overall KS2 maths is the composite that subsumes the three KS2 maths test papers (also extracted as subscales). n in model = 5,818 (2,803 intervention; 3,015 control); 110 schools, 207 classes. p = 0.970 (no evidence of impact). mean/sd are bivariate descriptive (Table 11, n=2,877/3,111). Scaled-score model gave g = +0.01 (n.s.), not extracted separately (same outcome). National Curriculum KS2 maths tests (SATs) are externally set/marked standardized assessments obtained from the National Pupil Database -> standardized_independent."
boylan_2018-02,boylan_2018,12,boylan_2018,Boylan et al. 2018,STEM,3-6,0.15,0.005579,0.0747,1778,2063,81,0.13,True,True,researcher_made,"Computational Thinking test (SHU-developed, Bebras/Beaver-based), raw score - all participants (81 schools)",0,researcher_made,"EEF/SHU cluster-randomised Hedges g = stage-2 three-level multilevel impact coefficient (Group=Intervention, b=0.33, CT raw score; controls KS1 maths pupil + school) divided by standardizing SD = sqrt(empty-model total variance 4.88) = 2.209. g = 0.33/2.209 = 0.149 ~ 0.15. impact_se/g_se = coef SE (0.165)/2.209 = 0.0747; g_var = 0.005579. Consistency check: report 95% CI (+0.001, +0.29) implies SE = 0.289/(2*1.96) = 0.0737 (g_var 0.005435).",0.33,"p.41 Table 15 (CT impact); p.108-109 Table 41 + Appendix I (model coefficients, empty-model variance, g calculation)",subagent,high,"Interim secondary outcome measured at end of Year 1 (Year 5). Statistically significant positive effect (p=0.048) but below the analysis-stage MDES (~0.17) so estimated retrospective power only ~60%; report urges caution. Heavy missing CT data (full ITT not possible): not obtained from 29 schools incl. 11 known intervention withdrawals. n in model = 3,841 (1,778 intervention; 2,063 control); 81 schools, 162 classes. Complete-pairs sensitivity subsample (62 schools) gave g = +0.12 (95% CI -0.04, +0.29), n.s. - not extracted (sensitivity, not full sample). Test developed independently by SHU evaluators (Bebras-based), not a published standardized commercial/state test -> researcher_made; developers disputed its construct validity."
boylan_2018-03,boylan_2018,12,boylan_2018,Boylan et al. 2018,STEM,3-6,-0.04,,,2803,3016,110,0.11,True,True,standardized_independent,"KS2 maths Paper 1 (Arithmetic), NPD",0,no_variance,"EEF/SHU cluster-randomised Hedges g as reported in Table 14 (stage-2 three-level ITT multilevel model, same method as primary). g taken directly from Table 14. g_se/g_var not separately derivable from printed table (only 95% CI given); CI = (-0.16, +0.08) implies g_se ~ 0.0612.",,p.40 Table 14 (follow-on secondary outcomes); p.38 Table 11 (descriptives),subagent,high,"Subscale / component of the composite KS2 maths outcome. n in model = 5,819 (2,803; 3,016). p = 0.542. 95% CI (-0.16, +0.08), n.s."
boylan_2018-04,boylan_2018,12,boylan_2018,Boylan et al. 2018,STEM,3-6,0.01,,,2804,3016,110,0.11,True,True,standardized_independent,"KS2 maths Paper 2 (Reasoning 1), NPD",0,no_variance,"EEF/SHU cluster-randomised Hedges g as reported in Table 14 (stage-2 three-level ITT multilevel model). g taken directly from Table 14. 95% CI (-0.11, +0.13) implies g_se ~ 0.0612.",,p.40 Table 14 (follow-on secondary outcomes); p.38 Table 11 (descriptives),subagent,high,"Subscale / component of the composite KS2 maths outcome. n in model = 5,820 (2,804; 3,016). p = 0.859. 95% CI (-0.11, +0.13), n.s."
boylan_2018-05,boylan_2018,12,boylan_2018,Boylan et al. 2018,STEM,3-6,0.03,,,2805,3015,110,0.11,True,True,standardized_independent,"KS2 maths Paper 3 (Reasoning 2), NPD",0,no_variance,"EEF/SHU cluster-randomised Hedges g as reported in Table 14 (stage-2 three-level ITT multilevel model). g taken directly from Table 14. 95% CI (-0.10, +0.16) implies g_se ~ 0.0663.",,p.40 Table 14 (follow-on secondary outcomes); p.38 Table 11 (descriptives),subagent,high,"Subscale / component of the composite KS2 maths outcome. n in model = 5,820 (2,805; 3,015). p = 0.637. 95% CI (-0.10, +0.16), n.s."
buysse_2010-01,buysse_2010,13,buysse_2010,Buysse et al. 2010,Reading,Pre-K,0.4084,0.02104,0.1451,92,101,55,,False,True,standardized_independent,"Woodcock Language Proficiency Battery-Revised (WLPB-R), Spanish form - Broad Language",1,,"g = J*d, J=0.9961 (df=N-2=191); d = author-reported Cohen's d (Table 4) computed as adjusted intervention-vs-control difference in fall->spring LS-mean difference scores (mixed model adjusting for classroom, %Latino, teacher education, gender, age). Standardizing SD = pooled SD of difference scores implied by author's Cohen's d. g_var = J^2*[(n_t+n_c)/(n_t*n_c) + d^2/(2*(n_t+n_c))] (naive student-level approx; model SE for standardized d not reported).",0.41,p.201 Table 4 (effect sizes/means); p.202-203 Table 5 (mixed-model parameter estimates),subagent,medium,"Spanish oral language proficiency; ns (study condition b=2.47, SE=1.71, p=.16, Table 5). Spanish-language assessment. Point estimate (d) is from a classroom-adjusted mixed model so g itself accounts for clustering; only g_var is a student-level approximation needing central cluster-correction (ICC not reported). Pretest-adjusted via fall->spring difference scores."
buysse_2010-02,buysse_2010,13,buysse_2010,Buysse et al. 2010,Reading,Pre-K,0.0996,0.02063,0.1436,92,101,55,,False,True,standardized_independent,Test de Vocabulario en Imagenes Peabody (TVIP),1,,"g = J*d, J=0.9961 (df=N-2=191); d = author-reported Cohen's d (Table 4) computed as adjusted intervention-vs-control difference in fall->spring LS-mean difference scores (mixed model adjusting for classroom, %Latino, teacher education, gender, age). Standardizing SD = pooled SD of difference scores implied by author's Cohen's d. g_var = J^2*[(n_t+n_c)/(n_t*n_c) + d^2/(2*(n_t+n_c))] (naive student-level approx; model SE for standardized d not reported).",0.1,p.201 Table 4 (effect sizes/means); p.202-203 Table 5 (mixed-model parameter estimates),subagent,medium,"Spanish receptive vocabulary; ns (b=.70, SE=2.06, p=.74, Table 5). Spanish-language assessment. Point estimate (d) is from a classroom-adjusted mixed model so g itself accounts for clustering; only g_var is a student-level approximation needing central cluster-correction (ICC not reported). Pretest-adjusted via fall->spring difference scores."
buysse_2010-03,buysse_2010,13,buysse_2010,Buysse et al. 2010,Reading,Pre-K,0.6873,0.02183,0.1478,92,101,55,,False,True,researcher_made,"Phonological Awareness Tasks (PAT), Spanish",0,researcher_made,"g = J*d, J=0.9961 (df=N-2=191); d = author-reported Cohen's d (Table 4) computed as adjusted intervention-vs-control difference in fall->spring LS-mean difference scores (mixed model adjusting for classroom, %Latino, teacher education, gender, age). Standardizing SD = pooled SD of difference scores implied by author's Cohen's d. g_var = J^2*[(n_t+n_c)/(n_t*n_c) + d^2/(2*(n_t+n_c))] (naive student-level approx; model SE for standardized d not reported).",0.69,p.201 Table 4 (effect sizes/means); p.202-203 Table 5 (mixed-model parameter estimates),subagent,medium,"SIGNIFICANT (b=1.91, SE=.78, p=.02, Table 5). Composite of 3 PAT subscales also extracted. Cronbach alpha .59 overall (low internal consistency - study limitation). Spanish-language assessment. Point estimate (d) is from a classroom-adjusted mixed model so g itself accounts for clustering; only g_var is a student-level approximation needing central cluster-correction (ICC not reported). Pretest-adjusted via fall->spring difference scores."
buysse_2010-04,buysse_2010,13,buysse_2010,Buysse et al. 2010,Reading,Pre-K,0.6773,0.0218,0.1476,92,101,55,,False,True,researcher_made,"Phonological Awareness Tasks (PAT) - Rhyme Matching subscale, Spanish",0,researcher_made,"g = J*d, J=0.9961 (df=N-2=191); d = author-reported Cohen's d (Table 4) computed as adjusted intervention-vs-control difference in fall->spring LS-mean difference scores (mixed model adjusting for classroom, %Latino, teacher education, gender, age). Standardizing SD = pooled SD of difference scores implied by author's Cohen's d. g_var = J^2*[(n_t+n_c)/(n_t*n_c) + d^2/(2*(n_t+n_c))] (naive student-level approx; model SE for standardized d not reported).",0.68,p.201 Table 4 (effect sizes/means); p.202-203 Table 5 (mixed-model parameter estimates),subagent,medium,"Subscale of PAT Total; SIGNIFICANT (b=1.11, SE=.46, p=.02, Table 5). alpha=.42. Spanish-language assessment. Point estimate (d) is from a classroom-adjusted mixed model so g itself accounts for clustering; only g_var is a student-level approximation needing central cluster-correction (ICC not reported). Pretest-adjusted via fall->spring difference scores."
buysse_2010-05,buysse_2010,13,buysse_2010,Buysse et al. 2010,Reading,Pre-K,0.4084,0.02104,0.1451,92,101,55,,False,True,researcher_made,"Phonological Awareness Tasks (PAT) - Onset Matching subscale, Spanish",0,researcher_made,"g = J*d, J=0.9961 (df=N-2=191); d = author-reported Cohen's d (Table 4) computed as adjusted intervention-vs-control difference in fall->spring LS-mean difference scores (mixed model adjusting for classroom, %Latino, teacher education, gender, age). Standardizing SD = pooled SD of difference scores implied by author's Cohen's d. g_var = J^2*[(n_t+n_c)/(n_t*n_c) + d^2/(2*(n_t+n_c))] (naive student-level approx; model SE for standardized d not reported).",0.41,p.201 Table 4 (effect sizes/means); p.202-203 Table 5 (mixed-model parameter estimates),subagent,medium,"Subscale of PAT Total; ns (b=.44, SE=.31, p=.16, Table 5). alpha=.30. Spanish-language assessment. Point estimate (d) is from a classroom-adjusted mixed model so g itself accounts for clustering; only g_var is a student-level approximation needing central cluster-correction (ICC not reported). Pretest-adjusted via fall->spring difference scores."
buysse_2010-06,buysse_2010,13,buysse_2010,Buysse et al. 2010,Reading,Pre-K,0.0299,0.02061,0.1436,92,101,55,,False,True,researcher_made,"Phonological Awareness Tasks (PAT) - Onset Segmentation & Matching subscale, Spanish",0,researcher_made,"g = J*d, J=0.9961 (df=N-2=191); d = author-reported Cohen's d (Table 4) computed as adjusted intervention-vs-control difference in fall->spring LS-mean difference scores (mixed model adjusting for classroom, %Latino, teacher education, gender, age). Standardizing SD = pooled SD of difference scores implied by author's Cohen's d. g_var = J^2*[(n_t+n_c)/(n_t*n_c) + d^2/(2*(n_t+n_c))] (naive student-level approx; model SE for standardized d not reported).",0.03,p.201 Table 4 (effect sizes/means); p.202-203 Table 5 (mixed-model parameter estimates),subagent,medium,"Subscale of PAT Total; ns (b=.04, SE=.36, p=.91, Table 5). alpha=.22. Spanish-language assessment. Point estimate (d) is from a classroom-adjusted mixed model so g itself accounts for clustering; only g_var is a student-level approximation needing central cluster-correction (ICC not reported). Pretest-adjusted via fall->spring difference scores."
buysse_2010-07,buysse_2010,13,buysse_2010,Buysse et al. 2010,Reading,Pre-K,0.4781,0.0212,0.1456,92,101,55,,False,True,researcher_made,"Naming Letters Task (NCEDL, 2003)",0,researcher_made,"g = J*d, J=0.9961 (df=N-2=191); d = author-reported Cohen's d (Table 4) computed as adjusted intervention-vs-control difference in fall->spring LS-mean difference scores (mixed model adjusting for classroom, %Latino, teacher education, gender, age). Standardizing SD = pooled SD of difference scores implied by author's Cohen's d. g_var = J^2*[(n_t+n_c)/(n_t*n_c) + d^2/(2*(n_t+n_c))] (naive student-level approx; model SE for standardized d not reported).",0.48,p.201 Table 4 (effect sizes/means); p.202-203 Table 5 (mixed-model parameter estimates),subagent,medium,"Spanish letter naming; ns (b=.55, SE=.33, p=.10, Table 5). Spanish-language assessment. Point estimate (d) is from a classroom-adjusted mixed model so g itself accounts for clustering; only g_var is a student-level approximation needing central cluster-correction (ICC not reported). Pretest-adjusted via fall->spring difference scores."
buysse_2010-08,buysse_2010,13,buysse_2010,Buysse et al. 2010,Reading,Pre-K,-0.3387,0.0209,0.1446,92,101,55,,False,True,researcher_made,"Where's My Teddy Story and Print Concepts (FACES, 2003)",0,researcher_made,"g = J*d, J=0.9961 (df=N-2=191); d = author-reported Cohen's d (Table 4) computed as adjusted intervention-vs-control difference in fall->spring LS-mean difference scores (mixed model adjusting for classroom, %Latino, teacher education, gender, age). Standardizing SD = pooled SD of difference scores implied by author's Cohen's d. g_var = J^2*[(n_t+n_c)/(n_t*n_c) + d^2/(2*(n_t+n_c))] (naive student-level approx; model SE for standardized d not reported).",-0.34,p.201 Table 4 (effect sizes/means); p.202-203 Table 5 (mixed-model parameter estimates),subagent,medium,"Spanish print/story concepts; ns and favors control (b=-.36, SE=.31, p=.24, Table 5). Spanish-language assessment. Point estimate (d) is from a classroom-adjusted mixed model so g itself accounts for clustering; only g_var is a student-level approximation needing central cluster-correction (ICC not reported). Pretest-adjusted via fall->spring difference scores."
buysse_2010-09,buysse_2010,13,buysse_2010,Buysse et al. 2010,Reading,Pre-K,-0.1494,0.02067,0.1438,92,101,55,,False,True,standardized_independent,"Woodcock Language Proficiency Battery-Revised (WLPB-R), English form - Broad Language",1,,"g = J*d, J=0.9961 (df=N-2=191); d = author-reported Cohen's d (Table 4) computed as adjusted intervention-vs-control difference in fall->spring LS-mean difference scores (mixed model adjusting for classroom, %Latino, teacher education, gender, age). Standardizing SD = pooled SD of difference scores implied by author's Cohen's d. g_var = J^2*[(n_t+n_c)/(n_t*n_c) + d^2/(2*(n_t+n_c))] (naive student-level approx; model SE for standardized d not reported).",-0.15,p.201 Table 4 (effect sizes/means); p.202-203 Table 5 (mixed-model parameter estimates),subagent,medium,"English oral language proficiency; ns and favors control (b=-.90, SE=1.70, p=.60, Table 5). English-language assessment. Point estimate (d) is from a classroom-adjusted mixed model so g itself accounts for clustering; only g_var is a student-level approximation needing central cluster-correction (ICC not reported). Pretest-adjusted via fall->spring difference scores."
buysse_2010-10,buysse_2010,13,buysse_2010,Buysse et al. 2010,Reading,Pre-K,-0.1096,0.02064,0.1437,92,101,55,,False,True,standardized_independent,Peabody Picture Vocabulary Test (PPVT-III),1,,"g = J*d, J=0.9961 (df=N-2=191); d = author-reported Cohen's d (Table 4) computed as adjusted intervention-vs-control difference in fall->spring LS-mean difference scores (mixed model adjusting for classroom, %Latino, teacher education, gender, age). Standardizing SD = pooled SD of difference scores implied by author's Cohen's d. g_var = J^2*[(n_t+n_c)/(n_t*n_c) + d^2/(2*(n_t+n_c))] (naive student-level approx; model SE for standardized d not reported).",-0.11,p.201 Table 4 (effect sizes/means); p.202-203 Table 5 (mixed-model parameter estimates),subagent,medium,"English receptive vocabulary; ns and favors control (b=-.70, SE=1.78, p=.70, Table 5). English-language assessment. Point estimate (d) is from a classroom-adjusted mixed model so g itself accounts for clustering; only g_var is a student-level approximation needing central cluster-correction (ICC not reported). Pretest-adjusted via fall->spring difference scores."
buysse_2010-11,buysse_2010,13,buysse_2010,Buysse et al. 2010,Reading,Pre-K,0.3885,0.021,0.1449,92,101,55,,False,True,researcher_made,"Phonological Awareness Tasks (PAT), English",0,researcher_made,"g = J*d, J=0.9961 (df=N-2=191); d = author-reported Cohen's d (Table 4) computed as adjusted intervention-vs-control difference in fall->spring LS-mean difference scores (mixed model adjusting for classroom, %Latino, teacher education, gender, age). Standardizing SD = pooled SD of difference scores implied by author's Cohen's d. g_var = J^2*[(n_t+n_c)/(n_t*n_c) + d^2/(2*(n_t+n_c))] (naive student-level approx; model SE for standardized d not reported).",0.39,p.201 Table 4 (effect sizes/means); p.202-203 Table 5 (mixed-model parameter estimates),subagent,medium,"ns overall (b=1.06, SE=.77, p=.17, Table 5). Composite of 3 PAT subscales also extracted. Cronbach alpha .52 overall (low internal consistency - study limitation). English-language assessment. Point estimate (d) is from a classroom-adjusted mixed model so g itself accounts for clustering; only g_var is a student-level approximation needing central cluster-correction (ICC not reported). Pretest-adjusted via fall->spring difference scores."
buysse_2010-12,buysse_2010,13,buysse_2010,Buysse et al. 2010,Reading,Pre-K,-0.1992,0.02071,0.1439,92,101,55,,False,True,researcher_made,"Phonological Awareness Tasks (PAT) - Rhyme Matching subscale, English",0,researcher_made,"g = J*d, J=0.9961 (df=N-2=191); d = author-reported Cohen's d (Table 4) computed as adjusted intervention-vs-control difference in fall->spring LS-mean difference scores (mixed model adjusting for classroom, %Latino, teacher education, gender, age). Standardizing SD = pooled SD of difference scores implied by author's Cohen's d. g_var = J^2*[(n_t+n_c)/(n_t*n_c) + d^2/(2*(n_t+n_c))] (naive student-level approx; model SE for standardized d not reported).",-0.2,p.201 Table 4 (effect sizes/means); p.202-203 Table 5 (mixed-model parameter estimates),subagent,medium,"Subscale of PAT Total; ns and favors control (b=-.41, SE=.57, p=.48, Table 5). alpha=.42. English-language assessment. Point estimate (d) is from a classroom-adjusted mixed model so g itself accounts for clustering; only g_var is a student-level approximation needing central cluster-correction (ICC not reported). Pretest-adjusted via fall->spring difference scores."
buysse_2010-13,buysse_2010,13,buysse_2010,Buysse et al. 2010,Reading,Pre-K,0.4084,0.02104,0.1451,92,101,55,,False,True,researcher_made,"Phonological Awareness Tasks (PAT) - Onset Matching subscale, English",0,researcher_made,"g = J*d, J=0.9961 (df=N-2=191); d = author-reported Cohen's d (Table 4) computed as adjusted intervention-vs-control difference in fall->spring LS-mean difference scores (mixed model adjusting for classroom, %Latino, teacher education, gender, age). Standardizing SD = pooled SD of difference scores implied by author's Cohen's d. g_var = J^2*[(n_t+n_c)/(n_t*n_c) + d^2/(2*(n_t+n_c))] (naive student-level approx; model SE for standardized d not reported).",0.41,p.201 Table 4 (effect sizes/means); p.202-203 Table 5 (mixed-model parameter estimates),subagent,medium,"Subscale of PAT Total; ns (b=.55, SE=.38, p=.16, Table 5). alpha=.35. English-language assessment. Point estimate (d) is from a classroom-adjusted mixed model so g itself accounts for clustering; only g_var is a student-level approximation needing central cluster-correction (ICC not reported). Pretest-adjusted via fall->spring difference scores."
buysse_2010-14,buysse_2010,13,buysse_2010,Buysse et al. 2010,Reading,Pre-K,0.6076,0.02156,0.1468,92,101,55,,False,True,researcher_made,"Phonological Awareness Tasks (PAT) - Onset Segmentation & Matching subscale, English",0,researcher_made,"g = J*d, J=0.9961 (df=N-2=191); d = author-reported Cohen's d (Table 4) computed as adjusted intervention-vs-control difference in fall->spring LS-mean difference scores (mixed model adjusting for classroom, %Latino, teacher education, gender, age). Standardizing SD = pooled SD of difference scores implied by author's Cohen's d. g_var = J^2*[(n_t+n_c)/(n_t*n_c) + d^2/(2*(n_t+n_c))] (naive student-level approx; model SE for standardized d not reported).",0.61,p.201 Table 4 (effect sizes/means); p.202-203 Table 5 (mixed-model parameter estimates),subagent,medium,"Subscale of PAT Total; SIGNIFICANT (b=.78, SE=.36, p=.04, Table 5). alpha=.19. English-language assessment. Point estimate (d) is from a classroom-adjusted mixed model so g itself accounts for clustering; only g_var is a student-level approximation needing central cluster-correction (ICC not reported). Pretest-adjusted via fall->spring difference scores."
buysse_2010-15,buysse_2010,13,buysse_2010,Buysse et al. 2010,Reading,Pre-K,0.1096,0.02064,0.1437,92,101,55,,False,True,researcher_made,"Naming Letters Task (NCEDL, 2003)",0,researcher_made,"g = J*d, J=0.9961 (df=N-2=191); d = author-reported Cohen's d (Table 4) computed as adjusted intervention-vs-control difference in fall->spring LS-mean difference scores (mixed model adjusting for classroom, %Latino, teacher education, gender, age). Standardizing SD = pooled SD of difference scores implied by author's Cohen's d. g_var = J^2*[(n_t+n_c)/(n_t*n_c) + d^2/(2*(n_t+n_c))] (naive student-level approx; model SE for standardized d not reported).",0.11,p.201 Table 4 (effect sizes/means); p.202-203 Table 5 (mixed-model parameter estimates),subagent,medium,"English letter naming; ns (b=.43, SE=1.10, p=.70, Table 5). English-language assessment. Point estimate (d) is from a classroom-adjusted mixed model so g itself accounts for clustering; only g_var is a student-level approximation needing central cluster-correction (ICC not reported). Pretest-adjusted via fall->spring difference scores."
buysse_2010-16,buysse_2010,13,buysse_2010,Buysse et al. 2010,Reading,Pre-K,0.2291,0.02074,0.144,92,101,55,,False,True,researcher_made,"Where's My Teddy Story and Print Concepts (FACES, 2003)",0,researcher_made,"g = J*d, J=0.9961 (df=N-2=191); d = author-reported Cohen's d (Table 4) computed as adjusted intervention-vs-control difference in fall->spring LS-mean difference scores (mixed model adjusting for classroom, %Latino, teacher education, gender, age). Standardizing SD = pooled SD of difference scores implied by author's Cohen's d. g_var = J^2*[(n_t+n_c)/(n_t*n_c) + d^2/(2*(n_t+n_c))] (naive student-level approx; model SE for standardized d not reported).",0.23,p.201 Table 4 (effect sizes/means); p.202-203 Table 5 (mixed-model parameter estimates),subagent,medium,"English print/story concepts; ns (b=.27, SE=.33, p=.42, Table 5). English-language assessment. Point estimate (d) is from a classroom-adjusted mixed model so g itself accounts for clustering; only g_var is a student-level approximation needing central cluster-correction (ICC not reported). Pretest-adjusted via fall->spring difference scores."
cabell_2011-01,cabell_2011,14,cabell_2011,Cabell et al. 2011,Reading,Pre-K,0.0997,0.01516,0.1231,121,116,38,0.058,True,True,standardized_independent,"CELF Preschool-2 Grammar composite (Sentence Structure + Word Structure subtests, raw-score Z composite)",1,,"g = J*d_reported; paper reports Cohen's d=0.10 = HLM intervention-condition coefficient gamma01 (residualized fall->spring gain) / pooled outcome SD. J=1-3/(4*df-1), df=N-2=226. g_se = J*(SE_coeff/SD_implied), SD_implied=coeff/d=1.70.",0.17,p.324 Table 4,subagent,high,"HLM 2-level (children in centers), pretest-adjusted (fall score centered predictor). gamma01 p=.42 (NS). n_t/n_c are Table 3 component ns for sentence structure; HLM grammar composite N=228. Grammar composite is a Z-score composite (M=0, SD~1), consistent with SD_implied=1.70."
cabell_2011-02,cabell_2011,14,cabell_2011,Cabell et al. 2011,Reading,Pre-K,0.0498,0.03316,0.1821,116,113,38,0.19,True,True,standardized_independent,"CELF Preschool-2 Expressive Vocabulary subtest (raw, max 40)",1,,g = J*d_reported; d=0.05 = coeff/pooled SD. J: df=N-2=227. SD_implied=coeff/d=5.20 (note: smaller than Table 3 spring SD ~8.5; paper's pooled/standardizing SD differs - d_reported used as authoritative). g_se=J*(SE/SD_implied).,0.26,p.324 Table 4,subagent,high,"HLM gamma01 p=.78 (NS). Table 3 spring M(SD): int 19.27(8.52), ctrl 19.21(8.57). SD_implied(5.20) is lower than raw spring SD; the reported Cohen's d=0.05 is taken as authoritative per the paper."
cabell_2011-03,cabell_2011,14,cabell_2011,Cabell et al. 2011,Reading,Pre-K,0.1296,0.00783,0.0885,122,118,38,0.003,True,True,standardized_independent,"Peabody Picture Vocabulary Test-III (PPVT-III, raw)",1,,"g = J*d_reported; d=0.13 = coeff/pooled SD. J: df=N-2=238. SD_implied=coeff/d=17.69 (~ Table 3 spring SD 19.75, consistent). g_se=J*(SE/SD_implied).",2.3,p.324 Table 4,subagent,high,"HLM gamma01 p=.15 (NS). SD_implied 17.69 close to full-sample spring SD 19.75, confirming standardizer = outcome SD."
cabell_2011-04,cabell_2011,14,cabell_2011,Cabell et al. 2011,Reading,Pre-K,0.3887,0.01476,0.1215,120,114,36,0.05,True,True,standardized_independent,"Preschool Print and Word Awareness Test (PWPA, 14-item, max 17)",1,,g = J*d_reported; d=0.39 = coeff/pooled SD. J: df=N-2=232. SD_implied=coeff/d=3.69 (matches Table 3 full-sample spring SD 3.67 -> validates b/s standardization). g_se=J*(SE/SD_implied).,1.44,p.325 Table 5,subagent,high,Only SIGNIFICANT main effect: HLM gamma01 p=.004 (survives Benjamini-Hochberg). Reported as the study's positive emergent-literacy finding. SD_implied 3.69 ~ spring SD 3.67 confirms standardizer.
cabell_2011-05,cabell_2011,14,cabell_2011,Cabell et al. 2011,Reading,Pre-K,0.2393,0.02037,0.1427,130,121,38,0.25,True,True,standardized_independent,"PALS Preschool Upper-Case + Lower-Case Alphabet Knowledge composite (sum, max 52)",1,,g = J*d_reported; d=0.24 = coeff/pooled SD. J: df=N-2=244. SD_implied=coeff/d=19.42 (composite of uppercase+lowercase). g_se=J*(SE/SD_implied).,4.66,p.325 Table 5,subagent,high,"HLM gamma01 p=.10 (NS). Composite of two PALS subtests (Table 3 spring SDs: uppercase 10.01, lowercase 9.43); n_t/n_c are uppercase component ns; HLM composite N=246."
carroll_2020-01,carroll_2020,15,carroll_2020,Carroll et al. 2020,Reading,"K-2 (Years 1-2, ages ~5-7)",0.117,0.003611,0.0601,593,680,30,0.13,False,True,standardized_independent,InCAS Reading Standardised (composite age-standardised reading score),1,,"Spec-preferred model-based: d = B / pooled posttest SD; B=1.75 (HLM impact coefficient, baseline-reading/PP/EAL/sex/year-adjusted, Table 6, A1 panel), pooled posttest SD = sqrt(((592*15.18^2)+(679*14.78^2))/1271) = 14.968. d=1.75/14.968=0.1169; J(df=1271)=0.99941; g=0.1168. g_se = J*SE_B/SD = 0.99941*0.90/14.968 = 0.0601; g_var=0.003611. Standardised by pooled raw posttest SD. NOTE: report's own headline Cohen's d (gain-score diff / pooled SD) = 0.18 (=> alt g=0.180, var=0.003166, se=0.0563); the meta-analysis may have used 0.18.",1.75,"Table 6 (A1 panel), p.28 of UCL AAM; narrative p.13-14",subagent,high,"Report's PRIMARY/headline confirmatory outcome and a COMPOSITE of the word recognition + word decoding + comprehension subscales (also extracted below as subscales). Significant at A1 (p=.050). cluster_adjusted=false (effect-size from pupil-level stats); n_clusters=30, observed reading ICC=0.13 recorded for central Hedges-2007 correction. Reported Cohen's d=0.18."
carroll_2020-02,carroll_2020,15,carroll_2020,Carroll et al. 2020,Reading,K-2 (Years 1-2),0.053,0.001735,0.0417,593,680,30,,False,True,standardized_independent,InCAS word recognition subscale (Rasch age-equivalent units),0,redundant_subscale,"d = B/pooled SD; B=0.098 (Table 6 A1), pooled SD=sqrt(((592*1.90^2)+(679*1.80^2))/1271)=1.847; d=0.0531; J=0.99941; g=0.0530. g_se=J*0.077/1.847=0.0417; g_var=0.001735. Reported Cohen's d=0.09 (alt g=0.090). Non-significant (p=.207).",0.098,"Table 6 (A1 panel), p.28 UCL AAM",subagent,high,Subscale of Reading Standardised composite. Non-significant. icc left null (no per-subscale ICC reported).
carroll_2020-03,carroll_2020,15,carroll_2020,Carroll et al. 2020,Reading,K-2 (Years 1-2),0.141,0.004698,0.0685,593,680,30,,False,True,standardized_independent,InCAS word decoding subscale (Rasch age-equivalent units),0,redundant_subscale,"d = B/pooled SD; B=0.300 (Table 6 A1), pooled SD=sqrt(((592*2.15^2)+(679*2.11^2))/1271)=2.129; d=0.1409; J=0.99941; g=0.1408. g_se=J*0.146/2.129=0.0685; g_var=0.004698. Reported Cohen's d=0.18 (alt g=0.180). Significant (p=.039).",0.3,"Table 6 (A1 panel), p.28 UCL AAM",subagent,high,"Subscale of Reading Standardised composite; strongest/most consistent Bug Club effect (decoding, attributed to systematic phonics). Significant at A1. icc null (no per-subscale ICC)."
carroll_2020-04,carroll_2020,15,carroll_2020,Carroll et al. 2020,Reading,K-2 (Years 1-2),0.113,0.003339,0.0578,593,680,30,,False,True,standardized_independent,InCAS reading comprehension subscale (Rasch age-equivalent units),0,redundant_subscale,"d = B/pooled SD; B=0.207 (Table 6 A1), pooled SD=sqrt(((592*1.86^2)+(679*1.81^2))/1271)=1.833; d=0.1129; J=0.99941; g=0.1128. g_se=J*0.106/1.833=0.0578; g_var=0.003339. Reported Cohen's d=0.12 (alt g=0.120). Significant (p=.050).",0.207,"Table 6 (A1 panel), p.28 UCL AAM",subagent,high,Subscale of Reading Standardised composite. Significant at A1. icc null (no per-subscale ICC).
carroll_2020-05,carroll_2020,15,carroll_2020,Carroll et al. 2020,Other,K-2 (Years 1-2),0.146,0.003841,0.062,593,680,30,,False,True,standardized_independent,"InCAS spelling subscale (single-word spelling, Rasch age-equivalent units)",1,,"d = B/pooled SD; B=0.252 (Table 6 A1), pooled SD=sqrt(((592*1.72^2)+(679*1.73^2))/1271)=1.725; d=0.1461; J=0.99941; g=0.1460. g_se=J*0.107/1.725=0.0620; g_var=0.003841. Reported Cohen's d=0.23 (alt g=0.230). Significant (p=.019).",0.252,"Table 6 (A1 panel), p.28 UCL AAM",subagent,high,Spelling -> writing/language => outcome_subject=Other per spec. Separate InCAS scale (not part of the Reading Standardised composite). Significant at A1. icc null.
carroll_2020-06,carroll_2020,15,carroll_2020,Carroll et al. 2020,Other,K-2 (Years 1-2),0.084,0.003731,0.0611,593,680,30,,False,True,standardized_independent,InCAS picture vocabulary subscale (Developed Ability; Rasch age-equivalent units),1,,"d = B/pooled SD; B=0.171 (Table 6 A1), pooled SD=sqrt(((592*2.05^2)+(679*2.01^2))/1271)=2.029; d=0.0843; J=0.99941; g=0.0842. g_se=J*0.124/2.029=0.0611; g_var=0.003731. Reported Cohen's d=0.13 (alt g=0.130). Non-significant (p=.170).",0.171,"Table 6 (A1 panel), p.28 UCL AAM",subagent,high,"Picture vocabulary (oral/receptive vocabulary, part of InCAS 'Developed Ability') -> language/vocabulary => outcome_subject=Other per spec. Separate scale, not part of Reading Standardised composite. Non-significant at A1. icc null."
carroll_2020-07,carroll_2020,15,carroll_2020,Carroll et al. 2020,Reading,K-2 (Year 1 at baseline -> Year 2 at A2),0.11,0.006334,0.0796,318,313,30,0.13,False,True,standardized_independent,InCAS Reading Standardised (composite),0,subgroup,"At A2 the table reports a standardized Beta (.055) and t (2.12), not an unstandardized B, so the spec b/s route is unavailable; g computed from the report's reported Cohen's d (gain-based) = 0.11. g = J(df=629)*0.11; J=0.99881; g=0.1099; Var(d)=(631/(318*313))+0.11^2/(2*631)=0.006350; g_var=J^2*Var(d)=0.006334; g_se=0.0796. (Posttest mean diff / pooled SD = 2.33/15.76 = 0.148; multilevel impact NOT significant after accounting for school variance though Beta t=2.12* at pupil level.)",,"Table 6 (A2 panel), p.29 UCL AAM; narrative p.14",subagent,high,"Secondary/longer-treatment wave restricted to the Year-1-at-baseline cohort (3 terms of Bug Club). is_full_sample=false (only the Y1-at-baseline subset is followed to A2, not the full A1 randomised sample). Reported es=.11. Per narrative, after controlling for school-level variance the Reading Standardised advantage (1.92 std points) was NOT statistically significant at A2. icc=0.13 (observed reading ICC). g from reported Cohen's d."
carroll_2020-08,carroll_2020,15,carroll_2020,Carroll et al. 2020,Reading,K-2 (Year 1 at baseline -> Year 2 at A2),0.24,0.00637,0.0798,318,313,30,,False,True,standardized_independent,InCAS word decoding subscale,0,subgroup,"From report's reported Cohen's d (gain-based) = 0.24 (Table 6 A2 panel; standardized Beta=.119, t=3.89***). g=J(df=629)*0.24; J=0.99881; g=0.2397; Var(d)=(631/(318*313))+0.24^2/(2*631)=0.006389; g_var=J^2*Var(d)=0.006370; g_se=0.0798. Posttest diff/pooled SD=0.49/2.020=0.243 (consistent).",,"Table 6 (A2 panel), p.29 UCL AAM; narrative p.14",subagent,high,"Word decoding subscale at A2 (3 terms), Y1-at-baseline cohort only (is_full_sample=false). Significant (p<.001 / Beta t=3.89). Strongest sustained effect (decoding). g from reported Cohen's d. icc null."
castro_2017-01,castro_2017,16,castro_2017,Castro et al. 2017,Reading,Pre-k,-0.1496,0.0132,0.1149,159,144,33,,True,True,standardized_independent,ROWPVT (Receptive One-Word Picture Vocabulary Test) - English,1,,g = J*d; d = -0.15 reported (adjusted LSM diff / observed raw SD); J=0.9975 (df=301). Var(d)=N/(n_t*n_c)+d^2/(2N); Var(g)=J^2*Var(d). LSMs in score units (English receptive vocab).,-0.15,"p.199, Table 3 (English / Receptive vocabulary / ROWPVT)",subagent,medium,"Main effect of treatment Tx F=2.7 (1,196), ns. Standardized norm-referenced receptive vocabulary."
castro_2017-02,castro_2017,16,castro_2017,Castro et al. 2017,Reading,Pre-k,0.1895,0.0132,0.115,159,144,33,,True,True,researcher_made,RWKP (NNSR Receptive Word Knowledge Probe) - English,0,researcher_made,g = J*d; d = 0.19 reported (adjusted LSM diff / observed raw SD); J=0.9975. Var(d)=N/(n_t*n_c)+d^2/(2N); Var(g)=J^2*Var(d).,0.19,"p.199, Table 3 (English / Receptive vocabulary / RWKP)",subagent,medium,"Researcher-developed 28-item English receptive vocab probe of intervention target words. Tx F=2.3 (1,144), ns."
castro_2017-03,castro_2017,16,castro_2017,Castro et al. 2017,Reading,Pre-k,-0.0299,0.0132,0.1148,159,144,33,,True,True,standardized_independent,PV - Picture Vocabulary (Woodcock Language Proficiency Battery-Revised) - English,1,,g = J*d; d = -0.03 reported (adjusted LSM diff / observed raw SD); J=0.9975. Var(d)=N/(n_t*n_c)+d^2/(2N); Var(g)=J^2*Var(d).,-0.03,"p.199, Table 3 (English / Expressive vocabulary / PV)",subagent,medium,"WLPB-R Picture Vocabulary subtest (expressive vocab). Tx F=0.2 (1,224), ns."
castro_2017-04,castro_2017,16,castro_2017,Castro et al. 2017,Reading,Pre-k,0.389,0.0134,0.1158,159,144,33,,True,True,researcher_made,EWKP (NNSR Expressive Word Knowledge Probe) - English,0,researcher_made,g = J*d; d = 0.39 reported (adjusted LSM diff / observed raw SD); J=0.9975. Var(d)=N/(n_t*n_c)+d^2/(2N); Var(g)=J^2*Var(d).,0.39,"p.199, Table 3 (English / Expressive vocabulary / EWKP)",subagent,medium,"Researcher-developed 21-item English expressive vocab probe. SIGNIFICANT main effect Tx F=5.4 (1,160), p<.05; abstract highlights this English expressive-vocab gain."
castro_2017-05,castro_2017,16,castro_2017,Castro et al. 2017,Reading,Pre-k,0.1995,0.0132,0.115,159,144,33,,True,True,researcher_made,PAT (Phonological Awareness Task; Miccio & Hammer) - English,0,researcher_made,g = J*d; d = 0.20 reported (adjusted LSM diff / observed raw SD); J=0.9975. Var(d)=N/(n_t*n_c)+d^2/(2N); Var(g)=J^2*Var(d).,0.2,"p.199, Table 3 (English / Phonological awareness / PAT)",subagent,medium,"Developer-made phonological awareness task (Rhyme/Onset matching & segmentation). Tx F=0.0 (1,292), ns. LSMs equal (13.3 vs 13.3) but reported d=.20."
castro_2017-06,castro_2017,16,castro_2017,Castro et al. 2017,Reading,Pre-k,0.0898,0.0132,0.1148,159,144,33,,True,True,standardized_independent,LWI - Letter-Word Identification (Woodcock Language Proficiency Battery-Revised) - English,1,,g = J*d; d = 0.09 reported (adjusted LSM diff / observed raw SD); J=0.9975. Var(d)=N/(n_t*n_c)+d^2/(2N); Var(g)=J^2*Var(d).,0.09,"p.199, Table 3 (English / Alphabet knowledge / LWI)",subagent,medium,"WLPB-R Letter-Word Identification (alphabet/early reading). Tx F=1.1 (1,218), ns."
castro_2017-07,castro_2017,16,castro_2017,Castro et al. 2017,Other,Pre-k,0.1696,0.0132,0.115,159,144,33,,True,True,researcher_made,Name Writing Task (Yaden & Tardibuono) - English,0,researcher_made,g = J*d; d = 0.17 reported (adjusted LSM diff / observed raw SD); J=0.9975. Var(d)=N/(n_t*n_c)+d^2/(2N); Var(g)=J^2*Var(d).,0.17,"p.199, Table 3 (English / Writing / Write name)",subagent,medium,"Emergent name-writing (0-6 scale). Mapped to Other per spec (writing). Tx F=0.8 (1,106), ns."
castro_2017-08,castro_2017,16,castro_2017,Castro et al. 2017,STEM,Pre-k,0.1397,0.0132,0.1149,159,144,33,,True,True,standardized_independent,"TEMA-3 (Test of Early Mathematics Ability, 3rd ed.) - English",1,,g = J*d; d = 0.14 reported (adjusted LSM diff / observed raw SD); J=0.9975. Var(d)=N/(n_t*n_c)+d^2/(2N); Var(g)=J^2*Var(d).,0.14,"p.199, Table 3 (English / Early mathematics / TEMA)",subagent,medium,"Standardized early-math test (administered in English). Tx F=2.4 (1,208), ns."
castro_2017-09,castro_2017,16,castro_2017,Castro et al. 2017,Reading,Pre-k,0.2494,0.0133,0.1152,159,144,33,,True,True,standardized_independent,"ROWPVT-Bilingual (Receptive One-Word Picture Vocabulary Test, bilingual form) - Spanish/bilingual",1,,g = J*d; d = 0.25 reported (adjusted LSM diff / observed raw SD); J=0.9975. Var(d)=N/(n_t*n_c)+d^2/(2N); Var(g)=J^2*Var(d).,0.25,"p.199, Table 3 (Spanish / Receptive vocabulary / ROWPVT-Bilingual)",subagent,medium,"Bilingual receptive (conceptual) vocab, responses accepted in either language. SIGNIFICANT main effect Tx F=5.8 (1,202), p<.05; abstract highlights this Spanish receptive-vocab gain."
castro_2017-10,castro_2017,16,castro_2017,Castro et al. 2017,Reading,Pre-k,0.1397,0.0132,0.1149,159,144,33,,True,True,standardized_independent,PV - Picture Vocabulary (Bateria III Woodcock-Munoz) - Spanish,1,,g = J*d; d = 0.14 reported (adjusted LSM diff / observed raw SD); J=0.9975. Var(d)=N/(n_t*n_c)+d^2/(2N); Var(g)=J^2*Var(d).,0.14,"p.199, Table 3 (Spanish / Expressive vocabulary / PV)",subagent,medium,"Bateria (Spanish WLPB-R) Picture Vocabulary expressive subtest. Marginal main effect Tx F=2.2 (1,202), p<.10."
castro_2017-11,castro_2017,16,castro_2017,Castro et al. 2017,Reading,Pre-k,-0.1596,0.0132,0.1149,159,144,33,,True,True,researcher_made,"PAT-Spanish (Phonological Awareness Task, Spanish version) - Spanish",0,researcher_made,g = J*d; d = -0.16 reported (adjusted LSM diff / observed raw SD); J=0.9975. Var(d)=N/(n_t*n_c)+d^2/(2N); Var(g)=J^2*Var(d).,-0.16,"p.199, Table 3 (Spanish / Phonological awareness / PAT)",subagent,medium,"Developer-made Spanish phonological awareness task. Tx F=1.4 (1,206), ns."
castro_2017-12,castro_2017,16,castro_2017,Castro et al. 2017,Reading,Pre-k,0.5885,0.0137,0.1172,159,144,33,,True,True,standardized_independent,LWI - Letter-Word Identification (Bateria III Woodcock-Munoz) - Spanish,1,,g = J*d; d = 0.59 reported (adjusted LSM diff / observed raw SD); J=0.9975. Var(d)=N/(n_t*n_c)+d^2/(2N); Var(g)=J^2*Var(d).,0.59,"p.199, Table 3 (Spanish / Alphabet knowledge / LWI)",subagent,medium,"Bateria Letter-Word Identification (alphabet/early reading). CAVEAT: the main-effect Tx F=0.2 (1,100) is NS; the significant result was the Tx x Bilingual interaction (F=4.4, p<.05) - i.e., d=.59 reflects classrooms with two bilingual teachers in year 2, not a full-sample main effect. The reported LSMs (86.3 vs 85.9) imply a far smaller raw main-effect gap; kept as the table-reported d with this caveat. Treat with caution."
castro_2017-13,castro_2017,16,castro_2017,Castro et al. 2017,Other,Pre-k,0.6683,0.0139,0.1179,159,144,33,,True,True,researcher_made,Name Writing Task (Yaden & Tardibuono) - Spanish,0,researcher_made,g = J*d; d = 0.67 reported (adjusted LSM diff / observed raw SD); J=0.9975. Var(d)=N/(n_t*n_c)+d^2/(2N); Var(g)=J^2*Var(d).,0.67,"p.199, Table 3 (Spanish / Writing / Write name)",subagent,medium,"Emergent name-writing (0-6) administered in Spanish. Mapped to Other per spec (writing). SIGNIFICANT main effect Tx F=12.6 (1,109), p<.01; largest effect in study (abstract highlights Spanish writing gain)."
castro_2017-14,castro_2017,16,castro_2017,Castro et al. 2017,STEM,Pre-k,0.1895,0.0132,0.115,159,144,33,,True,True,standardized_independent,"TEMA-3 (Test of Early Mathematics Ability, 3rd ed.) - Spanish",1,,g = J*d; d = 0.19 reported (adjusted LSM diff / observed raw SD); J=0.9975. Var(d)=N/(n_t*n_c)+d^2/(2N); Var(g)=J^2*Var(d).,0.19,"p.199, Table 3 (Spanish / Early mathematics / TEMA)",subagent,medium,"Standardized early-math test administered in Spanish. SIGNIFICANT main effect Tx F=3.8 (1,232), p<.05; abstract highlights Spanish early-math gain."
cavalluzzo_2014-01,cavalluzzo_2014,17,cavalluzzo_2014,Cavalluzzo et al. 2014,STEM,4-5,0.0077,0.0026016,0.05101,5384,4903,59,,True,True,standardized_independent,"Florida state end-of-grade mathematics assessment (FCAT), SY 2012-13 scale score",1,,"Model-based standardized mean difference. d = HLM treatment coefficient b / pooled posttest SD: b=0.16 (Table 4.4); pooled SD computed from Table 2.6 posttest math scale-score SDs [sqrt(((5384-1)*20.2^2 + (4903-1)*21.4^2)/(5384+4903-2)) = 20.78], reproducing the report's stated effect size of .007. d = 0.16/20.78 = 0.0077. Hedges' g = J*d with J = 1 - 3/(4*df-1), df = n_t+n_c-2 = 10285, J = 0.99993, so g = 0.0077. g_se = J * (impact_se/pooled SD) = 0.99993 * (1.06/20.78) = 0.05101 (multilevel-model SE, already cluster-adjusted); g_var = g_se^2 = 0.0026016.",0.16,Table 4.4 (p. 54) impact coefficient + N; text p. 55 ('effect size is small (.007) and not statistically significant'); pooled SD from Table 2.6 (p. 29); ES method footnote 11 (p. 37); Exec. Summary p. 2.,subagent,high,"This is the report's PRIMARY CONFIRMATORY student-achievement contrast: Year-2 schoolwide two-level HLM impact of UD on state math scale score. Treatment effect +0.16 scale points, SE 1.06, z=0.15, p=0.883 -> no overall effect (ES .007). Model controls for prior (SY 2010-11) state math score, race/ethnicity, FRL, ELL, gifted, learning disability, grade, missing-pretest flag, and school block (random school effect). mean_t/mean_c are unadjusted descriptive posttest means (Table 2.6); the +0.16 is the covariate-adjusted impact. EXPLORATORY (not extracted as separate full-sample rows): block-specific Year-2 effects ranged from ES=-.29 (Block 1 lowest-needs, p<.05, significantly NEGATIVE) up to ES=.15 (Block 4 highest-needs, n.s.) (Table 4.6/Fig 4.1, p.56); a streamlined dosage model for students taught 2 yrs by a UD teacher gave ES=.05, p=.04 (Table 4.9, p.61); restricting to ITT teachers' students, Block 4 reached ES=.40, p=.01 (Table 4.12, p.63) -- a non-randomised subgroup, the 'effect size = .40' cited in the Executive Summary. Year-1 student results (a teacher 'learning year') were also exploratory and null overall (schoolwide treatment effect -0.56, p=0.458; Table 4.13, p.64). Teacher outcomes (data use ES .37, attitudes/beliefs ES .34, knowledge/skills ES .25) are NOT student achievement and were not extracted per spec."
clarke_2015-01,clarke_2015,18,clarke_2015,Clarke et al. 2015,STEM,K-2,0.108,0.00188,0.0434,1134,982,129,0.159,True,True,standardized_independent,"Test of Early Mathematics Ability, Third Edition (TEMA-3), raw score",1,,"Hedges' g taken directly from Table 4 (paper computed g = 0.108 for the Time x Condition gain-difference fixed effect, the change from fall pretest to spring posttest). g_var/g_se from spec large-sample approximation Var(d)=(nt+nc)/(nt*nc)+g^2/(2*(nt+nc)), Var(g)=J^2*Var(d), J=1-3/(4*126-1)=0.99404, using T2 analyzed n. Raw-metric impact estimate 1.08 (SE 0.55) standardized by paper to g.",1.08,p.315 Table 4 (g and p in 'Time x Condition' row); means/SDs p.314 Table 3,subagent,high,"Primary conceptual-understanding outcome. Full-sample condition effect; not statistically significant (p=.0517). The TEMA effect was significantly moderated by initial achievement (Table 5) favoring low-pretest students, but that is a subgroup/interaction result, not extracted here as a full-sample contrast. Time coded 0=T1,1=T2; Condition 0=control,1=ELM."
clarke_2015-02,clarke_2015,18,clarke_2015,Clarke et al. 2015,STEM,K-2,0.1,0.00188,0.0434,1134,982,129,0.189,True,True,researcher_made,Early Numeracy-Curriculum-Based Measurement (EN-CBM) total score,0,researcher_made,Hedges' g taken directly from Table 4 (g = 0.100 for Time x Condition gain-difference). g_var/g_se from spec large-sample approximation with J=0.99404 and T2 analyzed n. Raw-metric impact estimate 5.23 (SE 3.58).,5.23,p.315 Table 4 ('Time x Condition' row); means/SDs p.314 Table 3,subagent,high,"Primary procedural-fluency outcome (sum of four 1-minute CBM fluency probes: Oral Counting, Number ID, Quantity Discrimination, Missing Number); researcher-developed CBM, not an independent standardized test. Full-sample condition effect not significant (p=.1463); not moderated by initial achievement (p=.1887)."
clarke_2015-03,clarke_2015,18,clarke_2015,Clarke et al. 2015,STEM,K-2,-0.008,0.00236,0.0486,893,788,129,0.166,True,True,standardized_independent,"Stanford Achievement Test, Tenth Edition (SAT-10) Math Problem Solving subtest",1,,Hedges' g taken directly from Table 4 (g = -0.008 for the Condition fixed effect from a mixed-model ANCOVA with TEMA pretest as covariate; no same-measure pretest existed). g_var/g_se from spec large-sample approximation with J=0.99404 and T3 analyzed n. Raw-metric ANCOVA condition estimate -0.07 (SE 0.49).,-0.07,"p.315 Table 4 (Condition row, SAT-10 Problem Solving column); means/SDs p.314 Table 3",subagent,high,Distal first-grade follow-up outcome; standardized independent test. Full-sample condition effect not significant (p=.8911). ANCOVA used TEMA pretest as covariate. Secondary/delayed timepoint relative to the immediate K posttest.
clarke_2015-04,clarke_2015,18,clarke_2015,Clarke et al. 2015,STEM,K-2,0.016,0.00236,0.0486,893,788,129,0.107,True,True,standardized_independent,"Stanford Achievement Test, Tenth Edition (SAT-10) Math Procedures subtest",1,,Hedges' g taken directly from Table 4 (g = 0.016 for the Condition fixed effect from a mixed-model ANCOVA with TEMA pretest as covariate). g_var/g_se from spec large-sample approximation with J=0.99404 and T3 analyzed n. Raw-metric ANCOVA condition estimate 0.11 (SE 0.39).,0.11,"p.315 Table 4 (Condition row, SAT-10 Procedures column); means/SDs p.314 Table 3",subagent,high,Distal first-grade follow-up outcome; standardized independent test. Full-sample condition effect not significant (p=.7853). ANCOVA used TEMA pretest as covariate.
cordray_2012-01,cordray_2012,19,cordray_2012,Cordray et al. 2012,Reading,3-6,0.05,0.0037,0.0608,1149,765,32,0.09,True,True,standardized_independent,"Illinois Standards Achievement Test (ISAT) reading scale score, spring 2010",1,,"Report's model-based standardized impact (ES = impact / control-group SD = 1.29 / 25.80 = 0.05) taken as d, standardized by the control-group SD of the ISAT reading score. Hedges J = 1 - 3/(4*df-1) with df = n_t+n_c-2 = 1912 gives J = 0.99961, so g = J*d = 0.0500. g_se = impact_se / control_SD = 1.570/25.80 = 0.0609, times J = 0.0608 (from the cluster-adjusted 2-level HLM); g_var = g_se^2 = 0.0037. Control SD (25.80) reconstructed as impact/ES and cross-checked against Table B.2 Model 1 variance components (sqrt(610.6+58.2)=25.86).",1.29,p.61 Table 4.1 (ISAT row); detail in Table B.2 (pp.B7-B9),subagent,high,"Confirmatory headline outcome (chapter 4). Impact 1.29, SE 1.570, p=.412 (not significant); reported ES 0.05. MAP mean 215.6, control 214.3 (regression-adjusted, district-weighted). Overall impact is the district-weighted average of full-model (Model 4) district-specific impacts. n_t/n_c are the analytic samples reported in Table 4.1 (complete eligible sample = 1,914 grade-4 students from 32 schools, multiple imputation for missing data; 85 grade-4 teachers). n_clusters = 16 MAP schools + 16 control schools = 32 (less than 4 schools withdrew immediately after randomization). ISAT = independent state standardized reading test."
cordray_2012-02,cordray_2012,19,cordray_2012,Cordray et al. 2012,Reading,3-6,0.07,0.004218,0.0649,1149,765,32,0.09,True,True,researcher_made,"MAP composite (NWEA Measures of Academic Progress reading and language-usage average) RIT score, spring 2010",0,researcher_made,"Report's model-based standardized impact (ES = impact / control-group SD = 0.96 / 13.71 = 0.07) taken as d, standardized by the control-group SD of the MAP composite score. Hedges J with df = 1912 = 0.99961, so g = J*d = 0.0700. g_se = impact_se / control_SD = 0.891/13.71 = 0.0650, times J = 0.0649 (cluster-adjusted HLM); g_var = g_se^2 = 0.004218. Control SD (13.71) reconstructed as impact/ES; Table B.3 Model 1 variance components sqrt(153.4+15.8)=13.01 (RIT-scale SD on the order of 13-15).",0.96,p.61 Table 4.1 (MAP composite row); detail in Table B.3 (pp.B10-B12),subagent,high,"Confirmatory headline outcome (chapter 4), measured on the intervention's own NWEA MAP instrument (reading + language-usage composite), hence test_type researcher_made/developer; the meta-analysis used only independent measures so this row is likely filtered out centrally but extracted per spec. Impact 0.96, SE 0.891, p=.280 (not significant); reported ES 0.07. MAP mean 202.5, control 201.5. Same analytic sample/clusters as the ISAT grade-4 row."
cordray_2012-03,cordray_2012,19,cordray_2012,Cordray et al. 2012,Reading,3-6,-0.05,0.002128,0.0461,701,1105,32,0.07,True,True,standardized_independent,"Illinois Standards Achievement Test (ISAT) reading scale score, spring 2010",1,,"Report's model-based standardized impact (ES = impact / control-group SD = -1.48 / 29.60 = -0.05) taken as d, standardized by the control-group SD of the ISAT reading score. Hedges J with df = n_t+n_c-2 = 1804 = 0.99958, so g = J*d = -0.0500. g_se = |impact_se| / control_SD = 1.366/29.60 = 0.0461, times J = 0.0461 (cluster-adjusted HLM); g_var = g_se^2 = 0.002128. Control SD (29.60) reconstructed as |impact|/|ES|; cross-checked vs Table B.4 Model 1 variance components sqrt(569.2+46.0)=24.8 (same order).",-1.48,p.63 Table 5.1 (ISAT row); detail in Table B.4 (pp.B12-B15),subagent,high,"Exploratory grade-5 experiment (chapter 5); treated as exploratory rather than confirmatory because some Year-2 grade-5 control students had been in grade-4 MAP classes in Year 1 (possible contamination), so outcome_role=secondary. Impact -1.48, SE 1.366, p=.280 (not significant); reported ES -0.05 (favors control, ns). MAP mean 221.7, control 223.2. n_t/n_c from Table 5.1. n_clusters = 16 MAP + 16 control = 32. ISAT = independent state standardized reading test."
cordray_2012-04,cordray_2012,19,cordray_2012,Cordray et al. 2012,Reading,3-6,0.01,0.004775,0.0691,701,1105,32,0.07,True,True,researcher_made,"MAP composite (NWEA Measures of Academic Progress reading and language-usage average) RIT score, spring 2010",0,researcher_made,"Report's model-based standardized impact (ES = impact / control-group SD = 0.15 / 15.00 = 0.01) taken as d, standardized by the control-group SD of the MAP composite. Hedges J with df = 1804 = 0.99958, so g = J*d = 0.0100. g_se = impact_se / control_SD = 1.037/15.00 = 0.0691, times J = 0.0691 (cluster-adjusted HLM); g_var = g_se^2 = 0.004775. Control SD (15.00) reconstructed as impact/ES (ES rounded to 0.01 in the report, so the implied SD is approximate).",0.15,p.63 Table 5.1 (MAP composite row); detail in Table B.5 (pp.B16-B17),subagent,high,"Exploratory grade-5 outcome on the intervention's own NWEA MAP instrument (test_type researcher_made/developer), likely filtered centrally. Impact 0.15, SE 1.037, p=.889 (not significant); reported ES 0.01. MAP mean 205.6, control 205.4. Implied control SD (15.0) is approximate because the reported ES is rounded to two decimals (0.01). Same sample/clusters as grade-5 ISAT row."
coyne_2013-01,coyne_2013,20,coyne_2013,Coyne et al. 2013,Reading,K-2,-0.11,,,87,75,48,,True,True,standardized_independent,WRMT-R/NU Supplementary Letter Checklist - Letter Names,0,no_variance,"Reported directly in Table 10 as authors' Hedges' delta_w (Hedges, 2007), cluster-corrected, from the covariate-adjusted 3-level HLM; standardized using the HLM-based pooled SD. Negative = favors SDI comparison.",-0.33,p.18 Table 10 (col 'ERI Replication vs SDI Replication'); coeff p.16 Table 7; means p.12 Table 3,subagent,high,"Posttest-only measure (no matched pretest); HLM used Letter Identification pretest as covariate. Not statistically significant (Table 7, p=0.474)."
coyne_2013-02,coyne_2013,20,coyne_2013,Coyne et al. 2013,Reading,K-2,-0.04,,,87,75,48,,True,True,standardized_independent,WRMT-R/NU Supplementary Letter Checklist - Letter Sounds,0,no_variance,"Reported directly in Table 10 as authors' Hedges' delta_w, cluster-corrected, from covariate-adjusted 3-level HLM. Negative = favors SDI.",-0.2,p.18 Table 10; coeff p.16 Table 7; means p.12 Table 3,subagent,high,Posttest-only measure; Letter ID pretest used as covariate. Not significant (p=0.794).
coyne_2013-03,coyne_2013,20,coyne_2013,Coyne et al. 2013,Reading,K-2,0.15,,,87,75,48,,True,True,standardized_independent,CTOPP Sound Matching,0,no_variance,"Reported directly in Table 10 as authors' Hedges' delta_w, cluster-corrected, from covariate-adjusted 3-level HLM. Positive = favors ERI.",0.27,p.18 Table 10; coeff p.16 Table 7; means p.12 Table 3,subagent,high,Pre/post measure (CTOPP Sound Matching at both pre and post). Not significant (p=0.294).
coyne_2013-04,coyne_2013,20,coyne_2013,Coyne et al. 2013,Reading,K-2,-0.07,,,87,75,48,,True,True,standardized_independent,CTOPP Blending Words,0,no_variance,"Reported directly in Table 10 as authors' Hedges' delta_w, cluster-corrected, from covariate-adjusted 3-level HLM. Negative = favors SDI.",-0.16,p.18 Table 10; coeff p.16 Table 7; means p.12 Table 3,subagent,high,Pre/post measure. Not significant (p=0.631).
coyne_2013-05,coyne_2013,20,coyne_2013,Coyne et al. 2013,Reading,K-2,-0.08,,,87,75,48,,True,True,standardized_independent,DIBELS Phoneme Segmentation Fluency,0,no_variance,"Reported directly in Table 10 as authors' Hedges' delta_w, cluster-corrected, from covariate-adjusted 3-level HLM. Negative = favors SDI.",-1.23,p.18 Table 10; coeff p.16 Table 7; means p.12 Table 3,subagent,high,Posttest-only measure; Letter ID pretest used as covariate. Not significant (p=0.609).
coyne_2013-06,coyne_2013,20,coyne_2013,Coyne et al. 2013,Reading,K-2,-0.21,,,87,75,48,,True,True,standardized_independent,DIBELS Nonsense Word Fluency,0,no_variance,"Reported directly in Table 10 as authors' Hedges' delta_w, cluster-corrected, from covariate-adjusted 3-level HLM. Negative = favors SDI.",-2.91,p.18 Table 10; coeff p.16 Table 7; means p.12 Table 3,subagent,high,Pre/post measure. Not significant (p=0.166).
coyne_2013-07,coyne_2013,20,coyne_2013,Coyne et al. 2013,Reading,K-2,0.0,,,87,75,48,,True,True,standardized_independent,WRMT-R/NU Word Attack,0,no_variance,"Reported directly in Table 10 as authors' Hedges' delta_w, cluster-corrected, from covariate-adjusted 3-level HLM (delta=0). ~No difference.",-0.03,p.18 Table 10; coeff p.16 Table 7; means p.12 Table 3,subagent,high,Pre/post measure. In the INITIAL study this measure showed the largest ERI advantage (g=0.51); in the replication it is ~0. Not significant (p=0.986).
coyne_2013-08,coyne_2013,20,coyne_2013,Coyne et al. 2013,Reading,K-2,-0.18,,,87,75,48,,True,True,standardized_independent,WRMT-R/NU Word Identification,0,no_variance,"Reported directly in Table 10 as authors' Hedges' delta_w, cluster-corrected, from covariate-adjusted 3-level HLM. Negative = favors SDI.",-1.89,p.18 Table 10; coeff p.16 Table 7; means p.12 Table 3,subagent,high,Pre/post measure. Not significant (p=0.241).
culliney_2019-01,culliney_2019,21,culliney_2019,Culliney et al. 2019,Other,"Year 6 (KS2; grades 3-6 cohort, end of trial)",-0.05,0.00709,0.0842,1817,1790,80,0.18,True,True,standardized_independent,"KS2 Writing (past-paper test, 2012 KS2 test paper; max 31 marks)",1,,"Report's Hedges g (Table 8 / Appendix E): g = (T-C)_adjusted / sqrt(school_var+pupil_var) = full-model intervention coefficient (-0.29, SE 0.518 on raw mark scale) / total null-model SD (sqrt(37.17)=6.096) = -0.29/6.096 = -0.048 ~ -0.05. Pretest- and covariate-adjusted multilevel model (pupils nested in schools). g_se/g_var derived from reported 95% CI (-0.21, +0.12): g_se=(0.12-(-0.21))/(2*1.96)=0.0842; matches coefSE/6.096=0.085.",-0.05,p.26 Table 8; Appendix E p.64-65 Table E1; means/SDs Appendix D p.61 Table D1; exec summary p.6,subagent,high,"PRIMARY confirmatory outcome. Writing -> Other (language/writing). ~ -1 month progress, p=0.577, EEF security 3/5 padlocks. Multilevel model fully accounts for school clustering."
culliney_2019-02,culliney_2019,21,culliney_2019,Culliney et al. 2019,Reading,"Year 6 (KS2; grades 3-6 cohort, end of trial)",-0.07,0.0026,0.051,2348,2183,80,0.18,True,True,standardized_independent,"KS2 Reading (national KS2 reading test mark, from National Pupil Database)",1,,"Report's Hedges g (Table 8): same multilevel ES method as primary outcome (pretest/covariate-adjusted, pupils nested in schools; standardised by null-model total SD). g_se/g_var derived from reported 95% CI (-0.17, +0.03): g_se=(0.03-(-0.17))/(2*1.96)=0.0510. Raw means in Table 8 (Int 31.18, Ctrl 31.61); SDs not reported.",-0.07,p.26 Table 8; means p.26 Table 8,subagent,high,"Secondary outcome from NPD (attrition only ~4.85%). Reading -> Reading. p=0.176, non-significant, slightly favours control."
culliney_2019-03,culliney_2019,21,culliney_2019,Culliney et al. 2019,Other,"Year 6 (KS2; grades 3-6 cohort, end of trial)",-0.08,0.00315,0.0561,2348,2185,80,0.18,True,True,standardized_independent,"KS2 GPS - Grammar, Punctuation and Spelling (national KS2 GPS test mark, from National Pupil Database)",1,,"Report's Hedges g (Table 8): same multilevel ES method as primary outcome (pretest/covariate-adjusted, pupils nested in schools; standardised by null-model total SD). g_se/g_var derived from reported 95% CI (-0.19, +0.03): g_se=(0.03-(-0.19))/(2*1.96)=0.0561. Raw means in Table 8 (Int 46.78, Ctrl 47.59); SDs not reported.",-0.08,p.26 Table 8; means p.26 Table 8,subagent,high,"Secondary outcome from NPD (attrition only ~4.85%). GPS (grammar/punctuation/spelling) -> Other (language). p=0.153, non-significant, slightly favours control."
culliney_2019-04,culliney_2019,21,culliney_2019,Culliney et al. 2019,Other,"Year 6 (KS2), EAL pupils",-0.06,0.00891,0.0944,995,983,80,0.18,True,True,standardized_independent,"KS2 Writing (past-paper test), EAL subgroup",0,subgroup,"Report's Hedges g (Table 9), same multilevel ES method. g_se/g_var derived from reported 95% CI (-0.25, +0.12): g_se=(0.12-(-0.25))/(2*1.96)=0.0944; g_var=0.00891.",-0.06,p.26 Table 9; exec summary p.6,subagent,high,"Pre-specified EAL subgroup (the intervention principally targeted EAL pupils). Writing -> Other. p=0.517, non-significant. g_var/g_se in g_method note (CI-based)."
culliney_2019-05,culliney_2019,21,culliney_2019,Culliney et al. 2019,Reading,"Year 6 (KS2), EAL pupils",-0.08,0.0026,0.051,1231,1197,80,0.18,True,True,standardized_independent,"KS2 Reading (NPD), EAL subgroup",0,subgroup,"Report's Hedges g (Table 9), same multilevel ES method. g_se/g_var derived from reported 95% CI (-0.18, +0.02): g_se=(0.02-(-0.18))/(2*1.96)=0.0510.",-0.08,p.26 Table 9,subagent,high,"Pre-specified EAL subgroup. Reading -> Reading. p=0.134, non-significant."
culliney_2019-06,culliney_2019,21,culliney_2019,Culliney et al. 2019,Other,"Year 6 (KS2), EAL pupils",-0.09,0.00315,0.0561,1231,1200,80,0.18,True,True,standardized_independent,"KS2 GPS (NPD), EAL subgroup",0,subgroup,"Report's Hedges g (Table 9), same multilevel ES method. g_se/g_var derived from reported 95% CI (-0.20, +0.02): g_se=(0.02-(-0.20))/(2*1.96)=0.0561.",-0.09,p.26 Table 9,subagent,high,"Pre-specified EAL subgroup. GPS -> Other. p=0.120, non-significant."
culliney_2019-07,culliney_2019,21,culliney_2019,Culliney et al. 2019,Other,"Year 6 (KS2), FSM-eligible pupils",0.01,0.0094,0.0969,630,661,80,0.18,True,True,standardized_independent,"KS2 Writing (past-paper test), FSM subgroup",0,subgroup,"Report's Hedges g (Table 11), same multilevel ES method. g_se/g_var derived from reported 95% CI (-0.18, +0.20): g_se=(0.20-(-0.18))/(2*1.96)=0.0969.",0.01,p.27 Table 11; exec summary p.6,subagent,high,"Exploratory FSM-eligible subgroup. Writing -> Other. p=0.917, non-significant (~0 months progress)."
culliney_2019-08,culliney_2019,21,culliney_2019,Culliney et al. 2019,Reading,"Year 6 (KS2), FSM-eligible pupils",-0.09,0.00375,0.0612,883,830,80,0.18,True,True,standardized_independent,"KS2 Reading (NPD), FSM subgroup",0,subgroup,"Report's Hedges g (Table 11), same multilevel ES method. g_se/g_var derived from reported 95% CI (-0.21, +0.03): g_se=(0.03-(-0.21))/(2*1.96)=0.0612.",-0.09,p.27 Table 11,subagent,high,"Exploratory FSM-eligible subgroup. Reading -> Reading. p=0.129, non-significant."
culliney_2019-09,culliney_2019,21,culliney_2019,Culliney et al. 2019,Other,"Year 6 (KS2), FSM-eligible pupils",-0.05,0.0026,0.051,882,831,80,0.18,True,True,standardized_independent,"KS2 GPS (NPD), FSM subgroup",0,subgroup,"Report's Hedges g (Table 11), same multilevel ES method. g_se/g_var derived from reported 95% CI (-0.17, +0.03): g_se=(0.03-(-0.17))/(2*1.96)=0.0510; g_var=0.0026.",-0.05,p.27 Table 11,subagent,high,"Exploratory FSM-eligible subgroup. GPS -> Other. p=0.488, non-significant."
decesare_2017-01,decesare_2017,22,decesare_2017,DeCesare et al. 2017,STEM,1-5,0.06096,0.0014022,0.03745,533,572,62,,True,True,standardized_independent,"NWEA Measures of Academic Progress (MAP) math, Rasch (RIT) scale score",1,,"Report ES = adjusted mean diff / pooled SD of outcome = 0.061 (Table 2, fn c; report labels this 'Hedge's g'). Standardizing SD recovered = diff/ES = 1.4/0.061 = 22.95 (matches reported outcome SDs). g = J*d, df = n_t+n_c-2 = 1103, J = 0.999320, g = 0.999320*0.061 = 0.06096. g_se = J*(impact_se/SD) = 0.999320*(0.86/22.95) = 0.03745; g_var = g_se^2.",1.4,"Table 2 (p. 7); design/Ns Table A2 (p. A-2), Figure A2 (p. A-5), model Appendix A (pp. A-8 to A-10)",subagent,high,"End-of-treatment (Year 2) math impact. Diff = +1.4 RIT points favoring program, NOT statistically significant (p=.113). adjusted means/SDs from Table 2 (mean_t=program 179.7 (SD 24.22), mean_c=BAU 178.3 (SD 21.66)). n_clusters = 62 teachers in Y2 math analytic sample (30 program + 32 BAU; Figure A2). 2-level HLM (students within teachers, school dummies), fall MAP pretest + student/teacher covariates; SE adjusted for clustering of students within teachers (cluster_adjusted=true). No ICC reported."
decesare_2017-02,decesare_2017,22,decesare_2017,DeCesare et al. 2017,Reading,1-5,0.06595,0.0014559,0.03816,482,482,57,,True,True,standardized_independent,"NWEA Measures of Academic Progress (MAP) reading, Rasch (RIT) scale score",1,,"Report ES = adjusted mean diff / pooled SD of outcome = 0.066 (Table 3, fn c). Standardizing SD = diff/ES = 1.4/0.066 = 21.21 (matches reported outcome SDs). g = J*d, df = n_t+n_c-2 = 962, J = 0.999220, g = 0.999220*0.066 = 0.06595. g_se = J*(impact_se/SD) = 0.999220*(0.81/21.21) = 0.03816; g_var = g_se^2.",1.4,"Table 3 (p. 8); design/Ns Figure A2 (p. A-5), model Appendix A (pp. A-8 to A-10)",subagent,high,"End-of-treatment (Year 2) reading impact. Diff = +1.4 RIT points (text says 1.42) favoring program, NOT statistically significant (p=.078). adjusted means/SDs from Table 3 (mean_t=program 174.0 (SD 21.44), mean_c=BAU 172.6 (SD 20.73)). n_clusters = 57 teachers in Y2 reading analytic sample (28 program + 29 BAU; Figure A2). Same 2-level HLM with fall MAP pretest covariate; SE adjusted for clustering of students within teachers. No ICC reported. Reading impact was sensitive to inclusion of teacher-experience covariates (Appendix B Table B4)."
decesare_2017-03,decesare_2017,22,decesare_2017,DeCesare et al. 2017,STEM,1-5,0.06396,0.0010227,0.03198,614,575,70,,True,True,standardized_independent,"NWEA Measures of Academic Progress (MAP) math, Rasch (RIT) scale score",1,,"Report ES = adjusted mean diff / pooled SD of outcome = 0.064 (Table 2, fn c). Standardizing SD = diff/ES = 1.4/0.064 = 21.88. g = J*d, df = n_t+n_c-2 = 1187, J = 0.999368, g = 0.999368*0.064 = 0.06396. g_se = J*(impact_se/SD) = 0.999368*(0.70/21.88) = 0.03198; g_var = g_se^2.",1.4,"Table 2 (p. 7); design/Ns Figure A1 (p. A-4), regression Appendix E (Table E1)",subagent,high,"INTERIM (Year 1) math impact -- earlier wave of the two-year intervention; the end-of-treatment wave is the Year-2 record above. Diff = +1.4 RIT points favoring program, STATISTICALLY SIGNIFICANT (p=.045; not significant after Benjamini-Hochberg adjustment, threshold .025). This is the report's only significant student-achievement finding. n_clusters = 70 teachers in Y1 math analytic sample (35 program + 35 BAU; Figure A1). Same HLM specification. Recorded as outcome_role=secondary so central logic prefers the Year-2 end-of-treatment estimate; is_full_sample=true (full Y1 randomized sample, not a subgroup)."
decesare_2017-04,decesare_2017,22,decesare_2017,DeCesare et al. 2017,Reading,1-5,0.01399,0.0010657,0.03265,594,561,66,,True,True,standardized_independent,"NWEA Measures of Academic Progress (MAP) reading, Rasch (RIT) scale score",1,,"Report ES = adjusted mean diff / pooled SD of outcome = 0.014 (Table 3, fn c). Standardizing SD = diff/ES = 0.3/0.014 = 21.43. g = J*d, df = n_t+n_c-2 = 1153, J = 0.999349, g = 0.999349*0.014 = 0.01399. g_se = J*(impact_se/SD) = 0.999349*(0.70/21.43) = 0.03265; g_var = g_se^2.",0.3,Table 3 (p. 8); design/Ns Figure A1 (p. A-4),subagent,high,"INTERIM (Year 1) reading impact -- earlier wave; end-of-treatment wave is the Year-2 reading record above. Diff = +0.3 RIT points favoring program, NOT statistically significant (p=.637). n_clusters = 66 teachers in Y1 reading analytic sample (33 program + 33 BAU; Figure A1). Same HLM specification. Recorded as outcome_role=secondary; is_full_sample=true."
dolfin_2019-01,dolfin_2019,23,dolfin_2019,Dolfin et al. 2019,Reading,4-8,0.07999,0.000363,0.01905,5168,4991,66,,True,True,standardized_independent,"State ELA assessments, standardized to means/SDs of a national norming population",1,,"Report's effect size (=adjusted treatment-control difference on standardized state ELA scores / unadjusted student-level pooled posttest SD) = 0.08, taken as d. Hedges' g = J*d, J = 1 - 3/(4*df-1), df = n_t+n_c-2 = 10157, J = 0.99993; g = 0.99993*0.08 = 0.07999. g_se derived from coefficient SE: standardizing SD = coef/ES = 0.084/0.08 = 1.05; g_se = J*(SE_coef/SD) = 0.99993*(0.02/1.05) = 0.01905; g_var = g_se^2.",0.084,"Table VI.1 row 3 (p. 64, PDF p.79); discussion pp. 64-65",subagent,medium,"Report's headline overall impact across ALL study schools after two study years; positive and significant (p<0.01), robust to Benjamini-Hochberg correction and to complete-case (ES 0.09) and joiner (ES 0.09) sensitivity. ~1.1 months of growth. Coefficient is unstandardized treatment coefficient on standardized scores. n_t/n_c are student counts; 34 treatment + 32 control schools (n_clusters=66 schools contributing usable data). HLM clustering of students within schools -> SE already cluster-adjusted (cluster_adjusted=true). No ICC reported anywhere in the report."
dolfin_2019-02,dolfin_2019,23,dolfin_2019,Dolfin et al. 2019,Reading,4-8,0.09998,0.001063,0.0326,2631,1145,,,True,True,standardized_independent,"State ELA assessments, standardized to means/SDs of a national norming population",0,subgroup,Report's effect size = 0.10 taken as d. J with df = 3774 = 0.99980; g = 0.09998. g_se: standardizing SD = coef/ES = 0.092/0.10 = 0.92; g_se = 0.99980*(0.03/0.92) = 0.03260; g_var = g_se^2.,0.092,"Table VI.1 row 5 (p. 64, PDF p.79); discussion p. 65, 78",subagent,medium,"Largest reported student impact; positive and significant (p<0.01), robust to BH correction; complete-case ES 0.14, joiner ES 0.09. ~1.4 months of growth (50th->54th pctile). Restricted sample: only schools that implemented TPP for two years AND students of study teachers (not full randomized sample), so is_full_sample=false. This is a subset of the S4 overall two-year sample. Student-within-school clustering modeled -> cluster_adjusted=true."
dolfin_2019-03,dolfin_2019,23,dolfin_2019,Dolfin et al. 2019,Reading,4-8,0.01,4.4e-05,0.00667,6150,6709,66,,True,True,standardized_independent,"State ELA assessments, standardized to means/SDs of a national norming population",1,,"Report's effect size = 0.01 taken as d. J with df = 12857 = 0.99994; g = 0.01000. g_se: standardizing SD = coef/ES = 0.015/0.01 = 1.50; g_se = 0.99994*(0.01/1.50) = 0.00667; g_var = g_se^2. NOTE the 1.50 implied SD is an artifact of rounding ES to 0.01; true SD ~1.0, so g_se may be modestly understated.",0.015,"Table VI.1 row 2 (p. 64, PDF p.79); discussion p. 64",subagent,medium,Pure one-year RCT contrast on the full randomized sample (134 treatment + 134 control teachers in 66 schools). NOT statistically significant (p=0.25). This is the cleanest single TPD-vs-BAU contrast but at the earlier (1-year) timepoint; impacts emerged only after 2 years. Included so central merge can choose 1-yr vs 2-yr timepoint. Cluster-adjusted via HLM.
dolfin_2019-04,dolfin_2019,23,dolfin_2019,Dolfin et al. 2019,Reading,4-8,0.02,0.001245,0.03529,3486,3374,,,True,True,standardized_independent,"State ELA assessments, standardized to means/SDs of a national norming population",0,subgroup,Report's effect size = 0.02 taken as d. J with df = 6858 = 0.99989; g = 0.02000. g_se: standardizing SD = coef/ES = 0.017/0.02 = 0.85; g_se = 0.99989*(0.03/0.85) = 0.03529; g_var = g_se^2.,0.017,"Table VI.1 row 6 (p. 64, PDF p.79)",subagent,medium,"Schoolwide impact: students of ALL ELA teachers in 2-year schools, including teachers not directly in the study. Different (broader) population than the study-teacher contrasts; positive but NOT significant (p=0.32). is_full_sample=false because it is a distinct schoolwide-population contrast, not the randomized study-teacher sample. Cluster-adjusted."
dolfin_2019-05,dolfin_2019,23,dolfin_2019,Dolfin et al. 2019,Reading,4-8,0.05999,0.001071,0.03272,2537,3846,,,True,True,standardized_independent,"State ELA assessments, standardized to means/SDs of a national norming population",0,subgroup,Report's effect size = 0.06 taken as d. J with df = 6381 = 0.99988; g = 0.05999. g_se: standardizing SD = coef/ES = 0.055/0.06 = 0.9167; g_se = 0.99988*(0.03/0.9167) = 0.03272; g_var = g_se^2.,0.055,"Table VI.1 row 8 (p. 64, PDF p.79); discussion p. 65",subagent,medium,"Persistence/follow-up impact: students of study teachers in schools that got only ONE year of TPP, measured the FOLLOWING year (no continuing TPP). Approaches but does not reach 5% significance (p=0.07). Restricted to one-year-only schools (subset of S4 sample), so is_full_sample=false. Lost significance in complete-case (ES 0.04) sensitivity; stayed ~0.06 in joiner analysis. Cluster-adjusted."
dolfin_2019-06,dolfin_2019,23,dolfin_2019,Dolfin et al. 2019,Reading,4-8,0.0,0.0004,0.02,2162,2653,,,True,True,standardized_independent,"State ELA assessments, standardized to means/SDs of a national norming population",0,subgroup,"Report's effect size = 0.00 (coefficient -0.003), taken as d=0.00. J with df = 4813 = 0.99984; g = 0.00. ES rounds to 0.00 so standardizing SD cannot be derived from ES; g_se set from coefficient SE assuming SD~1.0: g_se = J*0.02 = ~0.02; g_var = g_se^2. Approximate.",-0.003,"Table VI.1 row 1 (p. 64, PDF p.79)",subagent,medium,"Subgroup: students of NOVICE ELA teachers (0-3 yrs experience) only, after 1 year. Essentially zero (coef -0.003), not significant (p=0.89). Subgroup, is_full_sample=false. Report cautions novice findings (S1/S5/S8) due to baseline grade-level imbalance. Cluster-adjusted."
dolfin_2019-07,dolfin_2019,23,dolfin_2019,Dolfin et al. 2019,Reading,4-8,0.04998,0.002827,0.05317,1063,738,,,True,True,standardized_independent,"State ELA assessments, standardized to means/SDs of a national norming population",0,subgroup,Report's effect size = 0.05 taken as d. J with df = 1799 = 0.99958; g = 0.04998. g_se: standardizing SD = coef/ES = 0.047/0.05 = 0.94; g_se = 0.99958*(0.05/0.94) = 0.05317; g_var = g_se^2.,0.047,"Table VI.1 row 4 (p. 64, PDF p.79); discussion p. 66",subagent,medium,"Subgroup: students of NOVICE teachers in their 2nd year of TPP. Positive but NOT significant (p=0.37). Subgroup, is_full_sample=false. Interpret with caution (baseline grade imbalance among novice samples). Cluster-adjusted."
dolfin_2019-08,dolfin_2019,23,dolfin_2019,Dolfin et al. 2019,Reading,4-8,0.01999,0.023371,0.15287,555,1161,,,True,True,standardized_independent,"State ELA assessments, standardized to means/SDs of a national norming population",0,subgroup,Report's effect size = 0.02 taken as d. J with df = 1714 = 0.99956; g = 0.01999. g_se: standardizing SD = coef/ES = 0.017/0.02 = 0.85; g_se = 0.99956*(0.13/0.85) = 0.15287; g_var = g_se^2.,0.017,"Table VI.1 row 7 (p. 64, PDF p.79)",subagent,medium,"Subgroup + follow-up: novice teachers' students in one-year-only schools, measured following year. Not significant (p=0.89); very large SE (0.13) reflecting small subgroup. Subgroup, is_full_sample=false. Cluster-adjusted. Lowest-precision estimate in the table."
droop_2016-01,droop_2016,24,droop_2016,Droop et al. 2016,Reading,3-6,0.2,0.005965,0.0772,674,517,62,0.19,True,True,standardized_independent,Reading Comprehension Test (Aarnoutse & Schellings 2003; shortened 11-text/29-item version),1,,"d = b/SD = 0.914/4.513 = 0.203, where b = SRI x Change-end-Grade-4 coefficient from multilevel Model 2 (Table 5, p.94) and SD = sqrt(student-level intercept variance from Model 1) = sqrt(20.368) = 4.513 (authors' own standardizing SD, p.91). g = J*d, J = 1-3/(4*df-1) = 0.98745 with df = n_clusters-2 = 60 (model clustered at classroom level). g_se = J*(SE_b/SD) = 0.98745*(0.353/4.513). Matches authors' reported d=0.20.",0.914,Table 5 Model 2 p.94; descriptives Table 3 p.89-90; ES text p.95; ICC p.94,subagent,high,"Headline reading-comprehension achievement outcome. Repeated-measures multilevel model on learning gains; positive intervention effect at end of Grade 4 (b=0.914, z=2.59, p=.010) but NOT at end of Grade 3 (interim wave: b=0.210, ns, d=0.04). Pretest favored control (exp group lower at baseline, b_pretest_diff=-1.011) but exp group caught up and overtook control after 2 years. Posttest raw means (Table 3) favor CONTROL (control 20.53 vs exp 19.87) because the model-based gain effect is adjusted for the lower exp pretest; the covariate-adjusted impact is positive and is the correct contrast (raw posttest g would be misleadingly negative due to baseline imbalance from differential school attrition). Standardizing SD from Model 1 student-level intercept variance. Pretest ICC=.19."
droop_2016-02,droop_2016,24,droop_2016,Droop et al. 2016,Reading,3-6,0.176,0.007084,0.0842,698,520,62,0.25,True,True,standardized_independent,"PIRLS Reading Literacy (one PIRLS-2006 booklet; mean of narrative + expository, max 33)",1,,"d = b/SD = 0.428/2.405 = 0.178, where b = SRI x Change-end-Grade-4 coefficient from multilevel Model 2 (Table 6, p.95) and SD = sqrt(student-level intercept variance from Model 1) = sqrt(5.784) = 2.405 (authors' standardizing SD). g = J*d, J = 0.98745 (df = n_clusters-2 = 60). g_se = J*(SE_b/SD) = 0.98745*(0.205/2.405). Matches authors' reported d=0.18.",0.428,"Table 6 Model 2/Model 4 p.95; descriptives Table 3 p.89-90; ES text p.96 (b=0.43, z=2.09, p<.05, d=0.18); ICC p.96",subagent,high,"Second general reading-comprehension achievement outcome (independent standardized international assessment). Significant positive intervention effect at end of Grade 4 (b=0.428, z=2.088, p=.037) but NOT at end of Grade 3 (interim: b=-0.067, ns). As with the Reading Comprehension Test, raw posttest means slightly favor control due to baseline imbalance; covariate-adjusted model impact is positive (=correct contrast). NOTE: the end-of-Grade-4 PIRLS effect lost significance after additionally controlling for Raven nonverbal IQ (z=1.89, p=.059) or decoding (z=1.71, p=.086); the primary reported model (Model 4) effect is significant and is used here. PIRLS narrative/expository subtests analyzed separately in online Appendix D (narrative effect stronger); not extracted (subscales of this composite). Pretest ICC=.25."
drummond_2011-01,drummond_2011,25,drummond_2011,Drummond et al. 2011,Reading,3-6,-0.0356,0.001411,0.0376,1156,991,90,,True,True,standardized_independent,"Gates-MacGinitie Reading Tests (GMRT) Reading Vocabulary subtest, extended scale scores (45-item word-knowledge subtest)",1,,"Report's own Hedges' g: HG = beta01 / s_pooled, where beta01 = -1.24 is the 3-level HLM treatment coefficient (Table C3.1) and s_pooled = 34.86 is the unadjusted student-level posttest pooled SD (Table 4.1 footnote). d = -1.24/34.86 = -0.03557. df = n_t+n_c-2 = 2145, J = 1-3/(4*df-1) = 0.99965, so g = J*d = -0.0356 (report rounds to -0.04). Variance from the model-based (cluster-adjusted) SE: se_d = impact_se/s_pooled = 1.31/34.86 = 0.03758; g_se = J*se_d = 0.0376; g_var = g_se^2 = 0.001411. SE taken from the HLM, so it already accounts for clustering (students in teachers in schools).",-1.24,p.55 Table 4.1 (regression-adjusted means + ES); p.95 Table C3.1 (3-level HLM coefficient/SE); p.94 effect-size formula; Exec Summary p.5,subagent,high,"Primary research question 1 (reading vocabulary). Estimated impact -1.24 (SE 1.31), p=.35, ns (Bonferroni-adjusted alpha=.025); 95% CI -4.17 to 1.69; report ES = -0.04. Regression-adjusted group means (extended scale scores): intervention 515.75, control 516.99. Analytic N for this subtest = 2,147 (intervention 1,156 / control 991), spanning 90 teachers in 32 schools. Negative sign = favors control (trivially). Sensitivity analyses (multiple imputation, fixed-effect treatment, two-level model, one classroom/teacher) did not change direction or magnitude."
drummond_2011-02,drummond_2011,25,drummond_2011,Drummond et al. 2011,Reading,3-6,0.0267,0.002603,0.051,1154,986,90,,True,True,standardized_independent,"Gates-MacGinitie Reading Tests (GMRT) Reading Comprehension subtest, extended scale scores (48-item comprehension subtest)",1,,"Report's own Hedges' g: HG = beta01 / s_pooled, where beta01 = 0.90 is the 3-level HLM treatment coefficient (Table C3.1) and s_pooled = 33.70 is the unadjusted student-level posttest pooled SD (Table 4.1 footnote). d = 0.90/33.70 = 0.02671. df = n_t+n_c-2 = 2138, J = 1-3/(4*df-1) = 0.99965, so g = J*d = 0.0267 (report rounds to 0.03). Variance from the model-based (cluster-adjusted) SE: se_d = impact_se/s_pooled = 1.72/33.70 = 0.05104; g_se = J*se_d = 0.0510; g_var = g_se^2 = 0.002603. SE taken from the HLM, so it already accounts for clustering.",0.9,p.55 Table 4.1 (regression-adjusted means + ES); p.95 Table C3.1 (3-level HLM coefficient/SE); p.94 effect-size formula; Exec Summary p.5,subagent,high,"Primary research question 2 (reading comprehension). Estimated impact 0.90 (SE 1.72), p=.61, ns (Bonferroni-adjusted alpha=.025); 95% CI -2.95 to 4.75; report ES = 0.03. Regression-adjusted group means (extended scale scores): intervention 507.42, control 506.52. Analytic N for this subtest = 2,140 (intervention 1,154 / control 986), spanning 90 teachers in 32 schools. One exploratory tertile interaction on comprehension was significant (5.77, p=.03) but treated as likely chance/post-hoc by the authors and is not the main impact contrast. Sensitivity analyses did not change direction or magnitude."
drummond_2020-01,drummond_2020,26,drummond_2020,Drummond et al. 2020,Reading,Grades 2-3 (students who entered the study in K/Grade 1 and were in Grades 2-3 by Year 3; pooled across grades),0.040984,0.005485,0.074057,943,1006,54,,True,True,standardized_independent,"GRADE (Group Reading Assessment and Diagnostic Evaluation), total/overall scale score",1,,"Report gives the standardized impact directly: ES = average treatment effect (3-level HLM, students in classrooms in schools, block fixed effects, ITT, adjusted for baseline GRADE pretest + student covariates) divided by the pooled within-group SD of the outcome (Table 8). Treated this ES = d = 0.041. Hedges' g = J*d with J = 1 - 3/(4*df-1), df = n_t+n_c-2 = 1947, J = 0.999615; g = 0.040984. SE back-computed from the reported two-tailed t-test p = 0.580: z = Phi^-1(1 - 0.580/2) = 0.5534, se_d = |0.041|/0.5534 = 0.07409; g_se = J*se_d = 0.074057; g_var = g_se^2. This SE reflects the HLM cluster adjustment.",0.041,"Table 8, p. 19 (physical p. 27); methods p. 13-14 (physical p. 21-22)",subagent,high,"GRADE total score pooled across grades, full analytic sample. Year 3 is the end-of-treatment wave (extracted). Other waves: Year 1 (Grades K-3) ES = -0.005, p=0.894, n=5,659 (T=2,792/C=2,867); Year 2 (Grades 1-3) ES = 0.010, p=0.861, n=3,409 (T=1,664/C=1,745). None statistically significant. The GRADE was administered to a randomly selected subset (~40 students per grade per school) of English-proficient students; the Year-3 pooled sample is smaller because earlier entry-grade cohorts aged out of testing (students reaching Grade 4 left the GRADE pool). Entry-grade breakdown (Table 9, non-randomised subgroups, not extracted as separate rows): Year 3 ES by entry grade = Kindergarten -0.050 (p=0.582), Grade 1 +0.144 (p=0.092); Grades 2/3 aged out. SE derived from rounded p-value; approximate."
drummond_2020-02,drummond_2020,26,drummond_2020,Drummond et al. 2020,Reading,"Grade 3+ (state ELA tested; all students reaching Grade 3+ by Year 3, pooled across entry grades)",0.017998,0.003858,0.06211,3948,4611,54,,True,True,standardized_independent,"State standardized end-of-year ELA assessments (FSA-Florida, CMAS-Colorado, STAAR-Texas, PARCC/NJSLA-New Jersey), standardized within state/grade/year to mean 0, SD 1",1,,"Report gives the standardized impact directly: ES = average treatment effect (same 3-level HLM, ITT, pretest/covariate-adjusted) on state ELA scores that were first normalized within state/grade/year to mean 0 SD 1; the ES is the HLM impact divided by the pooled within-group SD (Table 10, 'All students' row). Treated this ES = d = 0.018. Hedges' g = J*d, df = n_t+n_c-2 = 8557, J = 0.999912; g = 0.017998. SE back-computed from the reported two-tailed p = 0.772: z = Phi^-1(1 - 0.772/2) = 0.2898, se_d = |0.018|/0.2898 = 0.06212; g_se = J*se_d = 0.062110; g_var = g_se^2. Reflects HLM cluster adjustment.",0.018,"Table 10, p. 21 (physical p. 29); methods p. 13-14 (physical p. 21-22)",subagent,high,"State ELA, 'All students' (full sample pooled across entry grades), Year 3 = end-of-treatment wave (extracted). Other waves for 'All students': Year 1 n/a (only Grade 3 students had state-test data in Year 1, so no all-students total); Year 2 ES = 0.007, p=0.905, n=6,514 (T=2,981/C=3,533). Year 3 ES = 0.018, p=0.772, n=8,559 (T=3,948/C=4,611). Not statistically significant. State tests start in Grade 3, so this sample is the cumulative pool of students who had reached Grade 3+ by the given year (it grows across years and is larger than the GRADE subset). Entry-grade breakdown (Table 10, non-randomised subgroups, not extracted as separate rows): Year 3 ES by entry grade = Grade 1 +0.118 (p=0.102), Grade 2 -0.033 (p=0.698), Grade 3 -0.069 (p=0.536). SE derived from rounded p-value; approximate."
duncan_2018-01,duncan_2018,27,duncan_2018,Duncan et al. 2018,STEM,4-5,0.14,0.011257,0.1061,451,483,32,,True,True,standardized_independent,"NWEA Measures of Academic Progress (MAP) mathematics, RIT scale (student-level analysis)",1,,"Hedges' g reported verbatim by the authors (imputed student-level analysis), computed from pretest/covariate-adjusted posttest means of a 2-level model (students nested in schools; pretest, treatment, economically-disadvantaged, white, ELL fixed effects + random school intercept), standardized via the report's 'Statistical Adjustment' (baseline-equivalence g=0.20). g_se/g_var back-derived from the reported two-tailed p=0.187: SE = |g|/invNorm(1-p/2) = 0.14/1.319 = 0.1061; g_var = SE^2.",0.14,"p. 11 (RQ4 narrative); Exhibit 11 (summary, printed p. 28); Exhibit 20 (NWEA Student-Level, printed p. 37)",subagent,high,"Full-sample student-level estimate, multiply-imputed (20 imputations; reported per-imputation n = 451 MFA, 483 BAU; total 9,020 MFA / 9,660 BAU rows). Not statistically significant (p=0.187). Unimputed counterpart (Exhibit 20): adj posttest MFA 214.010 (SD 14.514), BAU 212.470 (SD 14.409), n=423 MFA / 458 BAU, Hedges' g = 0.106, p=0.394. NWEA MAP is an independent/standardized adaptive assessment (Exhibit 10). Pretest = Spring 2015 MAP; posttest = Spring 2016 MAP."
duncan_2018-02,duncan_2018,27,duncan_2018,Duncan et al. 2018,STEM,4-5,0.327,0.036275,0.19046,16,16,32,,True,True,standardized_independent,"NWEA Measures of Academic Progress (MAP) mathematics, RIT scale (school-level / cluster-aggregated analysis)",1,,"Hedges' g reported verbatim by the authors (school-level / cluster-aggregated analysis), computed from pretest-adjusted school-mean posttest scores (32 school-level units), standardized via the report's 'Statistical Adjustment' (baseline-equivalence g=0.10). g_se/g_var back-derived from the reported two-tailed p=0.086: SE = |g|/invNorm(1-p/2) = 0.327/1.717 = 0.1905; g_var = SE^2.",0.327,"p. 11 (RQ4 narrative); Exhibit 11 (summary, printed p. 28); Exhibit 19 (NWEA School-Level, printed p. 36)",subagent,high,"Same full sample as the student-level row, aggregated to the 32 school clusters (includes ALL grade 4 & 5 students at the study schools, even those of nonparticipating teachers, so this aggregate DILUTES the treatment effect). Marked outcome_role=composite so central merge logic treats it as the cluster aggregate of the student-level full-sample outcome and does not double-count it. Not statistically significant (p=0.086), attributed by authors to small unit sample (32 schools). mean_t/mean_c/sd_t/sd_c here are school-level adjusted means and SDs. Unadjusted posttest school means: MFA 212.923, BAU 210.634. No imputed version (Exhibit 11 lists N/A for imputed school-level)."
duncan_2018-03,duncan_2018,27,duncan_2018,Duncan et al. 2018,STEM,4,0.26,0.014001,0.11833,261,262,32,,True,True,standardized_independent,"NWEA Measures of Academic Progress (MAP) mathematics, RIT scale (grade 4 subgroup, student-level)",0,subgroup,"Hedges' g reported verbatim by the authors (imputed, grade-4 subgroup from the grade x treatment moderator model), pretest/covariate-adjusted, standardized via the report's 'Statistical Adjustment' (baseline-equivalence g=0.35). g_se/g_var back-derived from the reported two-tailed p=0.028: SE = |g|/invNorm(1-p/2) = 0.26/2.197 = 0.1183; g_var = SE^2.",0.26,"p. 11 (RQ4 grade-moderator narrative); Exhibit 11 (summary, printed p. 28); Exhibit 21 (Student NWEA Grade 4, printed p. 38)",subagent,high,"Grade-4 moderator subgroup; multiply-imputed (per-imputation n = 261 MFA / 262 BAU; totals 5,220 / 5,240). Statistically significant in the imputed analysis (p=0.028) - the only significant student-achievement result. Unimputed grade-4 (Exhibit 21): adj posttest MFA 211.520 (SD 14.149), BAU 208.750 (SD 13.053), n=242 MFA / 247 BAU, Hedges' g = 0.203, p=0.159 (not significant). Subgroup (not full sample) per spec because it is a non-randomised grade-level subset."
duncan_2018-04,duncan_2018,27,duncan_2018,Duncan et al. 2018,STEM,5,-0.039,0.013702,0.11705,190,221,32,,True,True,standardized_independent,"NWEA Measures of Academic Progress (MAP) mathematics, RIT scale (grade 5 subgroup, student-level)",0,subgroup,"Hedges' g reported verbatim by the authors (imputed, grade-5 subgroup from the grade x treatment moderator model), pretest/covariate-adjusted, standardized via the report's 'Statistical Adjustment' (baseline-equivalence g=0.10). g_se/g_var back-derived from the reported two-tailed p=0.739: SE = |g|/invNorm(1-p/2) = 0.039/0.333 = 0.1171; g_var = SE^2.",-0.039,"p. 11 (RQ4 grade-moderator narrative); Exhibit 11 (summary, printed p. 28); Exhibit 22 (Student NWEA Grade 5, printed p. 39)",subagent,high,"Grade-5 moderator subgroup; multiply-imputed (per-imputation n = 190 MFA / 221 BAU; totals 3,800 / 4,420). Negative g = slightly favors control; not statistically significant (p=0.739). Unimputed grade-5 (Exhibit 22): adj posttest MFA 217.080 (SD 14.672), BAU 217.880 (SD 14.263), n=181 MFA / 211 BAU, Hedges' g = -0.055, p=0.649. Subgroup (not full sample) per spec. Note: derived SE is unstable because p is near 1 and g is near 0; the SE here should be treated as approximate."
early_2016-01,early_2016,28,early_2016,Early et al. 2016,STEM,9-10,0.14,0.00412,0.0642,3935,4315,20,0.08,True,True,standardized_independent,"District/state standardized math tests (CST, TCAP/EOC, AIMS, NYSTP/Regents), pooled & standardized within test and district",1,,"Paper's reported Hedges' g (Table 3, Model 2) = HLM intervention-effect estimate (b=0.133) / raw control-group SD of the standardized math outcome; g_se = impact_se * (g/b) = 0.061 * (0.14/0.133) = 0.0642; g_var = g_se^2.",0.133,"p.19, Table 3 (Math Year 2, Model 2)",subagent,high,"Co-primary outcome. Statistically significant favoring ECED (b=0.133, SE=0.061, p=0.048). End-of-treatment (2-year) wave; this is the wave to extract. ICC range .06-.09 across outcomes/years; 0.08 recorded as central design-effect ICC. SE from 2-level HLM accounts for clustering of students within 20 schools (cluster_adjusted=true)."
early_2016-02,early_2016,28,early_2016,Early et al. 2016,Reading,9-10,0.06,0.00245,0.0495,3935,4315,20,0.08,True,True,standardized_independent,"District/state standardized ELA/reading tests (CST, TCAP, Stanford 10/AIMS, Regents, GMRT), pooled & standardized within test and district",1,,"Paper's reported Hedges' g (Table 3, Model 2) = HLM intervention-effect estimate (b=0.063) / raw control-group SD of the standardized ELA outcome; g_se = impact_se * (g/b) = 0.052 * (0.06/0.063) = 0.0495; g_var = g_se^2.",0.063,"p.19, Table 3 (ELA Year 2, Model 2)",subagent,high,"Co-primary outcome. Not statistically significant (b=0.063, SE=0.052, p=0.248). End-of-treatment (2-year) wave; this is the wave to extract. ICC range .06-.09; 0.08 recorded as central design-effect ICC. SE from 2-level HLM accounts for clustering (cluster_adjusted=true)."
early_2016-03,early_2016,28,early_2016,Early et al. 2016,STEM,9,0.17,0.00688,0.0829,,,20,0.08,True,True,standardized_independent,"District/state standardized math tests, pooled & standardized within test and district",1,,"Paper's reported Hedges' g (Table 3, Model 2) = HLM impact estimate (b=0.164) / raw control-group SD; g_se = 0.080 * (0.17/0.164) = 0.0829; g_var = g_se^2.",0.164,"p.19, Table 3 (Math Year 1, Model 2)",subagent,high,"INTERIM (Year 1) wave, NOT the end-of-treatment measurement; provided for completeness. Year 1 total n=7,184 (treatment/control split not reported separately). Marginally significant (b=0.164, SE=0.080, p=0.060). Prefer the Year 2 Math row for central analysis; exclude this row centrally to avoid double-counting the same arm-outcome at an earlier wave."
early_2016-04,early_2016,28,early_2016,Early et al. 2016,Reading,9,0.04,0.02074,0.144,,,20,0.08,True,True,standardized_independent,"District/state standardized ELA/reading tests, pooled & standardized within test and district",1,,"Paper's reported Hedges' g (Table 3, Model 2) = HLM impact estimate (b=0.035) / raw control-group SD; g_se = 0.126 * (0.04/0.035) = 0.144; g_var = g_se^2.",0.035,"p.19, Table 3 (ELA Year 1, Model 2)",subagent,high,"INTERIM (Year 1) wave, NOT the end-of-treatment measurement; provided for completeness. Year 1 total n=7,184 (split not reported). Not significant (b=0.035, SE=0.126, p=0.788). Prefer the Year 2 ELA row for central analysis; exclude this row centrally to avoid double-counting the same arm-outcome at an earlier wave."
fancsali_2015-01,fancsali_2015,29,fancsali_2015,Fancsali et al. 2015,Reading,9-12,0.14,0.011387,0.1067,,,42,,True,True,standardized_independent,"ETS scenario-based disciplinary literacy assessment (Reading for Understanding), unidimensional score - full sample, all subjects combined",1,,"Report's printed standardized effect size (Table 13): two-level HLM treatment coefficient (impact = 0.13, pretest/covariate-adjusted) divided by the unadjusted pooled SD of the standardized ETS score (raw SD = 0.937). Taken directly as g (WWC/Empirical Education convention; J correction negligible at this N). g_se = impact_se 0.100 / 0.937 = 0.1067; g_var = g_se^2.",0.13,p.45 Table 13 (row 'Literacy achievement assessment score'); also p.89 Table I2 ('Unidimensional Score'); exec summary p.6,subagent,high,"Headline full-sample (all subjects combined) achievement result; positive but not statistically significant (p=.184). Total Year-2 analytic n = 10,173 students; report does not split this n into treatment vs control counts. Adjusted means -0.02 (T) / -0.16 (C). This composite subsumes the three by-subject subscale rows below. Improvement index 5.6%. Robust across alternative model specs (Table I3, g 0.11-0.16)."
fancsali_2015-02,fancsali_2015,29,fancsali_2015,Fancsali et al. 2015,Reading,9-12,0.32,0.016405,0.1281,,,42,,True,True,standardized_independent,ETS scenario-based disciplinary literacy assessment - students in science classes,0,subgroup,Report's printed standardized effect size (Table 13): HLM impact 0.31 (pretest/covariate-adjusted) / standardizing SD 0.937. Taken directly as g. g_se = 0.120 / 0.937 = 0.1281; g_var = g_se^2.,0.31,p.45 Table 13 ('Students in science classes'); also p.89 Table I2 'Biology Assessment' (g=0.34),subagent,high,"Subject-area subset (students in science classes) of the full sample; STATISTICALLY SIGNIFICANT (impact 0.31*, p=.010, improvement index 12.6%). Largest impact, attributed to RA representing a larger pedagogical shift for science teachers. Reading/literacy construct measured in science classes -> Reading per spec. n = 4,360 (combined T+C). Adjusted means 0.01 (T) / -0.29 (C). Robust across model specs (Table I3, g 0.29-0.32)."
fancsali_2015-03,fancsali_2015,29,fancsali_2015,Fancsali et al. 2015,Reading,9-12,0.22,0.020756,0.1441,,,42,,True,True,standardized_independent,ETS scenario-based disciplinary literacy assessment - students in ELA classes,0,subgroup,Report's printed standardized effect size (Table 13): HLM impact 0.20 (pretest/covariate-adjusted) / standardizing SD 0.937. Taken directly as g. g_se = 0.135 / 0.937 = 0.1441; g_var = g_se^2.,0.2,p.45 Table 13 ('Students in ELA classes'); also p.89 Table I2 'Literacy Assessment' (g=0.22),subagent,high,"Subject-area subset (students in ELA classes) of the full sample; positive but NOT statistically significant (p=.148, improvement index 8.7%). n = 2,936 (combined T+C). Adjusted means -0.04 (T) / -0.24 (C)."
fancsali_2015-04,fancsali_2015,29,fancsali_2015,Fancsali et al. 2015,Reading,9-12,-0.08,0.02597,0.1612,,,42,,True,True,standardized_independent,ETS scenario-based disciplinary literacy assessment - students in history classes,0,subgroup,Report's printed standardized effect size (Table 13): HLM impact -0.08 (pretest/covariate-adjusted) / standardizing SD 0.937. Taken directly as g. g_se = 0.151 / 0.937 = 0.1612; g_var = g_se^2.,-0.08,p.45 Table 13 ('Students in history classes'); also p.89 Table I2 'History Assessment' (g=0.00),subagent,high,"Subject-area subset (students in U.S. history classes) of the full sample; NEGATIVE/negligible and NOT statistically significant (p=.618, improvement index -3.2%). n = 3,449 (combined T+C). Adjusted means -0.06 (T) / 0.02 (C). Note: alternative subject-specific 'History Assessment' scoring in Table I2 gives g=0.00."
finkelstein_2010-01,finkelstein_2010,30,finkelstein_2010,Finkelstein et al. 2010,STEM,11-12 (88% grade 12),0.31662,0.017619,0.13274,2178,1574,64,0.24,True,True,standardized_independent,"Test of Economic Literacy (TEL), 40-item standardized economics achievement test (Walstad & Rebeck 2001)",1,,"Reported effect size = impact / control-group SD = 2.60 / 8.21 = 0.31669 (paper reports 0.32, Table 4.1, Model C). Hedges' g = J*d with J = 1 - 3/(4*df-1), df = n_t+n_c-2 = 3750, J = 0.99980; g = 0.99980 * 0.31669 = 0.31662. g_se = J * (impact_se / control SD) = 0.99980 * (1.09/8.21) = 0.13274; g_var = g_se^2 = 0.017619. Standardized by the control-group SD (8.21) of the TEL posttest, per the report's effect-size note.",2.6,Table 4.1 (p. 53); Exec. Summary (p. xi); per-arm n from Table 2.5 (p. 34); ICC from Table A.1 (p. 61),subagent,high,"Primary confirmatory outcome #1 (student content knowledge). Adjusted means: intervention 22.61, control 20.01; difference 2.60 (SE 1.09), significant p=0.017 (BH-adjusted p=0.034). Effect size 0.32 favoring TPD. Impact from conditional HLM (students nested in teachers) adjusting for baseline covariates incl. student TEL pretest where available (Model C is the headline model; sensitivity Models A/B and alternative samples give ES 0.17-0.34, Appendix Table I.1). cluster_adjusted=true because impact estimate and SE come from the multilevel model that accounts for teacher-level clustering. n_t=2178/n_c=1574 are TEL response counts (Table 2.5) = 3,752 analytic N (Table 4.1). icc=0.24 is the estimated intraclass correlation from the final analytic sample (Table A.1). SDs shown (8.08/8.21) accompany the adjusted means in Table 4.1; control SD 8.21 is the standardizing SD."
finkelstein_2010-02,finkelstein_2010,30,finkelstein_2010,Finkelstein et al. 2010,STEM,11-12 (88% grade 12),0.2686,0.014251,0.11938,1918,1497,62,0.12,True,True,researcher_made,Performance task assessment composite score (5 open-ended economics problem-solving tasks developed by UCLA CRESST; each student randomly assigned 2 tasks; composite range 4-12),0,researcher_made,"Reported effect size = impact / control-group SD = 0.54 / 2.01 = 0.26866 (paper reports 0.27, Table 4.1, Model C). Hedges' g = J*d with J = 1 - 3/(4*df-1), df = n_t+n_c-2 = 3413, J = 0.99978; g = 0.99978 * 0.26866 = 0.26860. g_se = J * (impact_se / control SD) = 0.99978 * (0.24/2.01) = 0.11938; g_var = g_se^2 = 0.014251. Standardized by the control-group SD (2.01) of the performance-task composite, per the report's effect-size note.",0.54,"Table 4.1 (p. 53); Exec. Summary (p. xi); per-arm n from Table 2.3/2.5 (pp. 28, 34); ICC from Table A.1 (p. 61)",subagent,high,"Primary confirmatory outcome #2 (student problem-solving skills). Adjusted means: intervention 6.72, control 6.18; difference 0.54 (SE 0.24), significant p=0.024 (BH-adjusted p=0.024). Effect size 0.27 favoring TPD. Researcher/developer-made open-ended performance assessment (UCLA CRESST), not a standardized norm-referenced test, so test_type=researcher_made (would likely be filtered centrally as the meta-analysis used independent measures; extracted and labeled per spec). Impact from conditional HLM model (Model C headline; sensitivity Models A/B give ES 0.09-0.27, Appendix Table I.2). cluster_adjusted=true (multilevel model SE). n_t=1918/n_c=1497 from Table 2.3/2.5 = 3,415 analytic N (Table 4.1). n_clusters=62 and icc=0.12 are from Table A.1 for the performance-task analytic sample (fewer than the 64 teachers in the TEL analysis because some teachers had no students with valid performance-task scores)."
fong_2015-01,fong_2015,31,fong_2015,Fong et al. 2015,Reading,12,0.1333,0.0006807,0.02609,3309,3309,,,False,True,standardized_independent,"California State University English Placement Test (EPT) total scale score (reading-skills MC + composing-skills MC + essay), administered/scored by ETS, spring 2014",1,,"Model-based standardized mean difference. d = adjusted mean difference / pooled within-group SD: b = 1.221 (covariate-adjusted ERWC enrollment coefficient from OLS, Table 3.4 p.26) divided by pooled within-group SD = 9.1598 (Table 3.5 p.26), giving d = 0.1333, exactly reproducing the report's stated effect size of 0.13. Hedges' g = J*d with J = 1 - 3/(4*df-1), df = n_t+n_c-2 = 6616, J = 0.99989, so g = 0.1333. g_se = J*(impact_se/pooled SD) = 0.99989*(0.239/9.1598) = 0.02609 (uses the reported cluster-robust SE of the ERWC coefficient); g_var = g_se^2 = 0.0006807. (Sample-size-formula alternative would give Var(g)=0.000606, se=0.0246 -- not used because the report's robust SE is preferred.) Per-arm SDs not reported; standardizing SD is the report's pooled within-group SD.",1.221,"Table 3.4 (p.26) impact coefficient + robust SE + N; Table 3.5 (p.26) group means, pooled within-group SD, effect size 0.13; Exec. Summary p.vi ('estimated standardized effect ... was .13 standard deviations'); regression model eq.(1) p.16.",subagent,high,"PRIMARY CONFIRMATORY student-achievement contrast (the report's headline research question: 'Does the ERWC have a positive impact on the reading and writing skills of grade-12 students as measured through the English Placement Test?'). ERWC coefficient = +1.221 EPT scale points, robust SE 0.239, t=5.12, p<.001; ES 0.13 favoring ERWC. OLS covariates: grade-11 ELA CST scale score (pretest, coef 0.136), average grade-11 English grade earned (1.365), grade-11 AP English enrollment (2.533), female, ethnicity (African American omitted) -- so the estimate is pretest/covariate-adjusted. Baseline equivalence achieved (grade-11 ELA CST standardized mean diff = 0.015, Table 3.3). mean_t/mean_c are observed EPT group means (Table 3.5); the +1.221 is the covariate-adjusted impact. Sensitivity analyses (Table 3.6, p.30): propensity-score matching ES=0.13, one-to-one match ES=0.13, matching-without-replacement ES=0.11, full-sample ES=0.14 -- all positive and significant at 1%, robustness checks of this same contrast (not separate effect sizes). Only one student-achievement outcome exists (EPT total scale score; the three EPT subsections are combined into the total). Fidelity-of-implementation results (only 10/56=17.9% of ERWC teachers taught >=8 modules with strict fidelity; 35/56=62.5% under a relaxed criterion) are teacher-level, not extracted."
garet_2008-01,garet_2008,32,garet_2008,Garet et al. 2008,Reading,K-2,0.08,0.006397,0.08,1789,1661,59,,True,True,standardized_independent,"District-administered standardized reading test (total reading score), standardized within district to the 2004-2005 baseline-cohort SD; tests = TerraNova/CTBS (4 districts), SAT-10 (1 district), criterion-referenced state test (1 district)",1,,"Report's model-based standardized impact (d = 0.08) taken directly as the ANCOVA/HLM effect size; standardized by within-district SD of the 2004-2005 baseline grade-2 cohort. Hedges J = 1 - 3/(4*df-1) with df = n_t+n_c-2 = 3448 gives J=0.99978, so g = J*d = 0.0800. g_se = J*impact_se = 0.08; g_var = g_se^2. SE taken from report's 'Standard Error of the Estimated Impact'.",0.08,"p.51, Table 4-3 (Test Score standardized effect size, 'Institute Series Only vs. Control'); also Exec Summary Fig E-3 (xxx) and p.50 text",subagent,high,"Immediate post-intervention (Implementation Year Spring 2006). Impact ES = 0.08, SE = 0.08, p = 0.37 (not significant). Group means (regression-adjusted, standardized): Treatment A = 0.08, Control = 0.01. n_clusters = 30 treatment-A schools + 29 control schools = 59 (1 control school missing student data; analysis N = 89 schools, 5,055 students total across all 3 groups). Follow-up Year (Spring 2007) ES = 0.10 (Table 5-3, p.61) - later wave, not extracted as primary. A secondary dichotomous outcome (% at/above baseline mean) gave +3.48 pp (SE 3.57, ns) but is a percentage-point measure, not an SMD, so not used for g."
garet_2008-02,garet_2008,33,garet_2008,Garet et al. 2008,Reading,K-2,0.03,0.008096,0.09,1605,1661,59,,True,True,standardized_independent,"District-administered standardized reading test (total reading score), standardized within district to the 2004-2005 baseline-cohort SD; tests = TerraNova/CTBS (4 districts), SAT-10 (1 district), criterion-referenced state test (1 district)",1,,"Report's model-based standardized impact (d = 0.03) taken directly as the ANCOVA/HLM effect size; standardized by within-district SD of the 2004-2005 baseline grade-2 cohort. Hedges J = 1 - 3/(4*df-1) with df = n_t+n_c-2 = 3264 gives J=0.99977, so g = J*d = 0.0300. g_se = J*impact_se = 0.09; g_var = g_se^2. SE taken from report's 'Standard Error of the Estimated Impact'.",0.03,"p.51, Table 4-3 (Test Score standardized effect size, 'Institute Series Plus Coaching vs. Control'); also Exec Summary Fig E-3 (xxx) and p.50 text",subagent,high,"Immediate post-intervention (Implementation Year Spring 2006). Impact ES = 0.03, SE = 0.09, p = 0.77 (not significant). Group means (regression-adjusted, standardized): Treatment B = 0.04, Control = 0.01. n_clusters = 30 treatment-B schools + 29 control schools = 59. Follow-up Year (Spring 2007) ES = 0.01 (Table 5-3, p.61) - later wave, not extracted as primary. Secondary dichotomous outcome (% at/above baseline mean) gave -2.35 pp (SE 3.78, ns) - percentage-point measure, not an SMD, not used for g. Treatment B vs Treatment A (added effect of coaching) on the achievement test ES = -0.05 (ns) - not a TPD-vs-control contrast, not extracted."
garet_2011-01,garet_2011,34,garet_2011,Garet et al. 2011,STEM,7,-0.0048,0.004619,0.068,1083,1049,39,,True,True,standardized_independent,NWEA Rational Number Test - Total Score,1,,"Report ES = impact/SD = -0.07/14.27 = -0.0049 (d); g = J*d with J=1-3/(4*37-1)=0.9796; g_se = J*(impact_se/SD) = 0.9796*(0.99/14.27). Standardized by control-group SD (14.27) from the first-year impact sample, per table notes.",-0.07,p.42 Table 3-4 (End of Second Year panel); also Table 4-3 (main estimate highlighted) and Table D-9,subagent,high,"Main model: 3-level HLM controlling for random-assignment block and school- and student-level covariates (NWEA pretest used). Reported effect size -0.01, p=0.94, not significant. First-year wave (two-year districts, Table 3-4 top panel): impact=-0.13, SE=0.95, d=-0.0091, g=-0.0089, g_se=0.0652. Standardizing SD (control group, first-year sample) = 14.27."
garet_2011-02,garet_2011,34,garet_2011,Garet et al. 2011,STEM,7,-0.0135,0.004475,0.0669,1083,1049,39,,True,True,standardized_independent,NWEA Rational Number Test - Fractions and Decimals subscale,0,redundant_subscale,"Report ES = impact/SD = -0.21/15.23 = -0.0138 (d); g = J*d, J=0.9796; g_se = 0.9796*(1.04/15.23). Standardized by control-group SD (15.23) from first-year impact sample.",-0.21,p.42 Table 3-4 (End of Second Year panel); also Table 4-3 and Table D-9,subagent,high,"Main 3-level HLM with block + school/student covariates. Reported effect size -0.01, p=0.84, not significant. Subscale of the Total Score (not independent of it). First-year wave (two-year districts): impact=0.12, SE=0.96, d=0.0079, g=0.0077."
garet_2011-03,garet_2011,34,garet_2011,Garet et al. 2011,STEM,7,0.0091,0.004489,0.067,1083,1049,39,,True,True,standardized_independent,NWEA Rational Number Test - Ratio and Proportion subscale,0,redundant_subscale,"Report ES = impact/SD = 0.14/15.06 = 0.0093 (d); g = J*d, J=0.9796; g_se = 0.9796*(1.03/15.06). Standardized by control-group SD (15.06) from first-year impact sample.",0.14,p.42 Table 3-4 (End of Second Year panel); also Table 4-3 and Table D-9,subagent,high,"Main 3-level HLM with block + school/student covariates. Reported effect size 0.01, p=0.89, not significant. Subscale of the Total Score (not independent of it). First-year wave (two-year districts): impact=-0.39, SE=1.01, d=-0.0259, g=-0.0254."
garet_2016-01,garet_2016,35,garet_2016,Garet et al. 2016,STEM,3-6,-0.04998,0.001639,0.04048,806,891,165,,True,True,standardized_independent,"NWEA study-administered adaptive mathematics assessment (MAP, RIT scale)",1,,"Report gives standardized impact ('Estimated Difference') directly as an effect size in control-group SD units from a two-level HLM (students nested in teachers, school fixed effects, pretest + student/teacher covariates), precision-weighted across districts. g = J*d with d = -0.05 and J = 1 - 3/(4*df-1) = 0.99956 (df = n_t+n_c-2 = 1695). g_se = J * SE(d); SE(d)=0.0405 derived from two-tailed p=0.217 (z=1.2345).",-0.05,"p. 40 Exhibit 4.4; p. D-6 Exhibit D.6 (Main Impact Analyses, row 1, All covariates); p. ES-8 Exhibit ES.3",subagent,high,"NWEA administered to a random subsample of students per class (hence smaller N than state test). Not statistically significant (p=0.217). n_clusters = 165 = teachers in analysis sample (level-2 random unit); 73 schools entered as fixed effects. Treatment mean -0.09 SD, control mean -0.04 SD (standardized outcome, control-group-standardized)."
garet_2016-02,garet_2016,35,garet_2016,Garet et al. 2016,STEM,3-6,-0.05999,0.000706,0.02658,1760,1917,165,,True,True,standardized_independent,"State mathematics assessment (district administrative records, Normal Curve Equivalent scale)",1,,"Report gives standardized impact ('Estimated Difference') directly as an effect size in control-group SD units from a two-level HLM (students nested in teachers, school fixed effects, pretest + student/teacher covariates), precision-weighted across districts. g = J*d with d = -0.06 and J = 1 - 3/(4*df-1) = 0.99980 (df = n_t+n_c-2 = 3675). g_se = J * SE(d); SE(d)=0.0266 derived from two-tailed p=0.024 (z=2.2571).",-0.06,"p. 40 Exhibit 4.4; p. D-6 Exhibit D.6 (Main Impact Analyses, row 1, All covariates); p. ES-8 Exhibit ES.3",subagent,high,Statistically significant in the main model (p=0.024) but the report notes this was NOT robust: not significant in any of the three sensitivity analyses (school-FE-only p=0.105; expanded sample p=0.155; excluding District 2 p=0.124). Negative = favors control. n_clusters = 165 = teachers in analysis sample (level-2 random unit); 73 schools entered as fixed effects.
gersten_2010-01,gersten_2010,36,gersten_2010,Gersten et al. 2010,Reading,K-2,0.43929,0.062299,0.2496,217,251,19,0.22,True,True,standardized_independent,WDRB Oral Vocabulary,1,,"Outcome standardized to mean 0/SD 1; Table 7 TSG treatment coefficient gamma02 = d = 0.44, se(d) = 0.25 from a two-level (student/school) HLM with school-mean Letter Naming Fluency pretest covariate (cluster-randomized RCT). g = J*d, J = 1 - 3/(4*df-1) with df = n_t+n_c-2 = 466, J = 0.99839; g = 0.43929; g_se = J*se(d) = 0.24960; g_var = g_se^2 = 0.062299. Standardized via the within-sample SD of the standardized outcome metric used in the model.",0.44,p. 33 text / Table 7 (manuscript p. 68),subagent,high,"One of three confirmatory TARGET measures directly aligned with the TSG focus (vocabulary/comprehension). Headline finding: 'moderately large effect size for Oral Vocabulary, ES = .44, was marginally significant' (t ratio 1.73, p<.10)."
gersten_2010-02,gersten_2010,36,gersten_2010,Gersten et al. 2010,Reading,K-2,0.20966,0.039871,0.19968,217,251,19,0.22,True,True,standardized_independent,WDRB Reading Vocabulary,1,,"Outcome standardized to mean 0/SD 1; Table 7 TSG treatment coefficient gamma02 = d = 0.21, se(d) = 0.20 from a two-level HLM with school-mean LNF pretest covariate. g = J*d, J = 0.99839 (df = 466); g = 0.20966; g_se = J*se(d) = 0.19968; g_var = 0.039871.",0.21,p. 33 text / Table 7 (manuscript p. 68),subagent,high,Confirmatory TARGET measure aligned with TSG focus; not statistically significant (t ratio 1.06).
gersten_2010-03,gersten_2010,36,gersten_2010,Gersten et al. 2010,Reading,K-2,0.12979,0.035984,0.18969,217,251,19,0.22,True,True,standardized_independent,WDRB Passage Comprehension,1,,"Outcome standardized to mean 0/SD 1; Table 7 TSG treatment coefficient gamma02 = d = 0.13, se(d) = 0.19 from a two-level HLM with school-mean LNF pretest covariate. g = J*d, J = 0.99839 (df = 466); g = 0.12979; g_se = J*se(d) = 0.18969; g_var = 0.035984.",0.13,p. 33 text / Table 7 (manuscript p. 68),subagent,high,Confirmatory TARGET measure aligned with TSG focus; not statistically significant (t ratio 0.67).
gersten_2010-04,gersten_2010,36,gersten_2010,Gersten et al. 2010,Reading,K-2,0.20966,0.035984,0.18969,217,251,19,0.22,True,True,standardized_independent,WDRB Letter-Word Identification,1,,"Outcome standardized to mean 0/SD 1; Table 7 TSG treatment coefficient gamma02 = d = 0.21, se(d) = 0.19 from a two-level HLM with school-mean LNF pretest covariate. g = J*d, J = 0.99839 (df = 466); g = 0.20966; g_se = J*se(d) = 0.18969; g_var = 0.035984.",0.21,p. 33 text / Table 7 (manuscript p. 68),subagent,high,Non-target reading outcome (decoding/word reading; not a TSG focus). Not statistically significant (t ratio 1.09).
gersten_2010-05,gersten_2010,36,gersten_2010,Gersten et al. 2010,Reading,K-2,0.12979,0.05273,0.22963,217,251,19,0.22,True,True,standardized_independent,WDRB Word Attack,1,,"Outcome standardized to mean 0/SD 1; Table 7 TSG treatment coefficient gamma02 = d = 0.13, se(d) = 0.23 from a two-level HLM with school-mean LNF pretest covariate. g = J*d, J = 0.99839 (df = 466); g = 0.12979; g_se = J*se(d) = 0.22963; g_var = 0.052730.",0.13,p. 33 text / Table 7 (manuscript p. 68),subagent,high,Non-target reading outcome (decoding; not a TSG focus). Not statistically significant (t ratio 0.57).
gersten_2010-06,gersten_2010,36,gersten_2010,Gersten et al. 2010,Reading,K-2,0.22963,0.025518,0.15974,217,251,19,0.22,True,True,standardized_independent,DIBELS Oral Reading Fluency,1,,"Outcome standardized to mean 0/SD 1; Table 7 TSG treatment coefficient gamma02 = d = 0.23, se(d) = 0.16 from a two-level HLM with school-mean LNF pretest covariate. g = J*d, J = 0.99839 (df = 466); g = 0.22963; g_se = J*se(d) = 0.15974; g_var = 0.025518.",0.23,p. 33 text / Table 7 (manuscript p. 68),subagent,high,Non-target reading outcome (fluency; not a TSG focus). Not statistically significant (t ratio 1.47).
gorard_2015-01,gorard_2015,37,gorard_2015,Gorard et al. 2015,Reading,Year 6 (KS2; initial Year 5 cohort),0.12,0.00262,0.0512,772,757,48,,False,True,standardized_independent,"Key Stage 2 reading (National Pupil Database), KS1->KS2 standardised gain",1,,Report's 'Effect' size = Hedges g (p.17) = (gain z T - gain z C)/pooled gain SD = (0.06-(-0.05))/0.90 = 0.12; standardised by Total-row gain z-score SD (0.90). J=0.9995 (df=1527). g_var = naive Var(g)=J^2*((n_t+n_c)/(n_t*n_c)+d^2/(2(n_t+n_c))).,0.11,"p.20, Table 5; exec summary Table p.4",subagent,high,Headline result: ~+2 months progress in reading. Reported by report as Hedges g.
gorard_2015-02,gorard_2015,37,gorard_2015,Gorard et al. 2015,STEM,Year 6 (KS2; initial Year 5 cohort),0.1,0.00262,0.0512,772,757,48,,False,True,standardized_independent,"Key Stage 2 maths (National Pupil Database), KS1->KS2 standardised gain",1,,Report's 'Effect' size = Hedges g = (0.04-(-0.04))/0.78 = 0.10; standardised by Total-row gain z-score SD (0.78). J=0.9995. g_var = naive Var(g).,0.08,"p.20, Table 7; exec summary Table p.4",subagent,high,Headline result: ~+2 months progress in maths. Reported by report as Hedges g. maths -> STEM.
gorard_2015-03,gorard_2015,37,gorard_2015,Gorard et al. 2015,Other,Year 6 (KS2; initial Year 5 cohort),0.03,0.00261,0.0511,772,757,48,,False,True,standardized_independent,"Key Stage 2 writing/GPS (National Pupil Database), KS1->KS2 standardised gain",1,,Report's 'Effect' size = Hedges g = (0.01-(-0.02))/0.84 = 0.03; standardised by Total-row gain z-score SD (0.84). J=0.9995. g_var = naive Var(g).,0.03,"p.20, Table 6; exec summary Table p.4",subagent,high,Writing/GPS -> Other. No P4C writing component; near-zero effect as expected.
gorard_2015-04,gorard_2015,37,gorard_2015,Gorard et al. 2015,Reading,"Year 6 (KS2; initial Year 5 cohort), FSM-eligible",0.29,0.00813,0.0901,265,233,48,,False,True,standardized_independent,"Key Stage 2 reading (NPD), KS1->KS2 standardised gain, FSM pupils",0,subgroup,Report's 'Effect' size = Hedges g = (0.24-(-0.02))/0.91 = 0.29; standardised by Total-row gain SD (0.91). J=0.9985 (df=496). g_var = naive Var(g).,0.26,"p.21, Table 8; exec summary Table p.4",subagent,high,Pre-specified FSM subgroup. Largest effect. Note FSM cases were not randomised as such (p.20).
gorard_2015-05,gorard_2015,37,gorard_2015,Gorard et al. 2015,STEM,"Year 6 (KS2; initial Year 5 cohort), FSM-eligible",0.2,0.00808,0.0899,265,233,48,,False,True,standardized_independent,"Key Stage 2 maths (NPD), KS1->KS2 standardised gain, FSM pupils",0,subgroup,Report's 'Effect' size = Hedges g = (0.09-(-0.08))/0.86 = 0.20; standardised by Total-row gain SD (0.86). J=0.9985. g_var = naive Var(g).,0.17,"p.21, Table 10; exec summary Table p.4",subagent,high,Pre-specified FSM subgroup. maths -> STEM.
gorard_2015-06,gorard_2015,37,gorard_2015,Gorard et al. 2015,Other,"Year 6 (KS2; initial Year 5 cohort), FSM-eligible",0.17,0.00807,0.0898,265,233,48,,False,True,standardized_independent,"Key Stage 2 writing/GPS (NPD), KS1->KS2 standardised gain, FSM pupils",0,subgroup,Report's 'Effect' size = Hedges g = (0.12-(-0.02))/0.82 = 0.17; standardised by Total-row gain SD (0.82). J=0.9985. g_var = naive Var(g).,0.14,"p.21, Table 9; exec summary Table p.4",subagent,high,Pre-specified FSM subgroup. Writing/GPS -> Other.
gorard_2015-07,gorard_2015,37,gorard_2015,Gorard et al. 2015,Other,Years 5-6 (CAT4 post-test; initial Years 4 & 5),0.07,0.00142,0.0377,1366,1455,48,,False,True,standardized_independent,"CAT4 (Cognitive Abilities Test, 4th ed., GL Assessment), overall pre->post gain",0,cognitive_test,Report's 'Effect' size = Hedges g = (gain T - gain C)/pooled SD = (2.22-1.70)/7.46 = 0.07; standardised by Total-row gain SD (7.46). mean_t/mean_c = gain scores; sd from gain SDs. J=0.9997. g_var = naive Var(g).,0.52,"p.21, Table 11; exec summary p.4",subagent,high,"CAT4 is a cognitive-ability/reasoning test, not a subject-achievement test (secondary outcome). Effect driven by initial Year 5 cohort (Year5 g=+0.14 Table 17; Year4 g=-0.01 Table 16) and by the verbal subscale (g=+0.08 Table 12). Subscales: verbal +0.08, quantitative -0.01, non-verbal +0.04, spatial +0.07 (Tables 12-15). outcome_subject set to Other since it is not a subject-content achievement test; central filtering can reclassify/drop."
gore_2021-01,gore_2021,38,gore_2021,Gore et al. 2021,STEM,3-5,0.12,0.00065,0.02551,1307,1258,37,,True,True,standardized_independent,ACER Progressive Achievement Test - Mathematics (PAT-M v4),1,,"Reported directly as Hedges' g in Table 6, 'Adjusted effect size g (95% CI)' = 0.12 (0.07, 0.17). Paper's g = (x2-x1)/s* on the model-based change-score contrast (intervention change minus control change), standardised by unconditional pooled change-score SD; computed via R compute.es (Hedges & Olkin 1985). g_se = (0.17-0.07)/(2*1.959964); g_var = g_se^2. impact_estimate = adjusted mean difference 1.55 (0.87, 2.23) change-score points. mean/SD are 8-month posttest from Appendix A (unconditional).",1.55,"p.9 Table 6 (Mathematics, QTR row); p.10 Appendix A (means/SDs); g also stated p.6 (g=0.12, 95% CI 0.07-0.17)",subagent,high,"Headline confirmatory result: QTR made ~25% / two months more maths progress than control; group-by-time p<0.000, post-hoc p=0.000 (significant). Model n=1307; valid follow-up retained n=1165 (142 missing). Equivalent to ~2 months additional growth (EEF). Design-stage power ICC assumption was 0.38 (not an observed outcome ICC; not used)."
gore_2021-02,gore_2021,38,gore_2021,Gore et al. 2021,Reading,3-5,0.02,0.00079,0.02806,1323,1272,37,,True,True,standardized_independent,ACER Progressive Achievement Test - Reading (PAT-R v5),1,,"Reported directly as Hedges' g in Table 6, 'Adjusted effect size g (95% CI)' = 0.02 (-0.03, 0.08). Same compute.es change-score method as maths. g_se = (0.08-(-0.03))/(2*1.959964); g_var = g_se^2. impact_estimate = adjusted mean difference 0.37 (-0.49, 1.23). mean/SD = 8-month posttest, Appendix A.",0.37,"p.9 Table 6 (Reading, QTR row); p.10 Appendix A",subagent,high,"Reading -> Reading per spec. Co-primary outcome. Overall reading group-by-time p=0.004, but QTR-vs-control post-hoc p=0.398 (not significant; the significant reading interaction was driven by the Peer Observation arm performing WORSE than control). Model n=1323; valid follow-up retained n=1171 (152 missing)."
gore_2021-03,gore_2021,38,gore_2021,Gore et al. 2021,STEM,3-5,-0.01,0.0011,0.03316,1297,1265,37,,True,True,standardized_independent,ACER Progressive Achievement Test - Science (PAT-Science),1,,"Reported directly as Hedges' g in Table 6, 'Adjusted effect size g (95% CI)' = -0.01 (-0.08, 0.05). Same compute.es change-score method. g_se = (0.05-(-0.08))/(2*1.959964); g_var = g_se^2. Adjusted mean difference for science not legible/separately recorded; g taken from table. mean/SD = 8-month posttest, Appendix A.",,"p.9 Table 6 (Science, QTR row); p.10 Appendix A",subagent,high,Science -> STEM per spec. Co-primary outcome; no significant group-by-time interaction for science (p=0.645); QTR-vs-control post-hoc p=0.714 (ns). Single test level per grade; authors flag ceiling/floor concerns. Model n=1297; valid follow-up retained n=1136 (161 missing).
gore_2021-04,gore_2021,39,gore_2021,Gore et al. 2021,STEM,3-5,0.02,0.00065,0.02551,1329,1258,34,,True,True,standardized_independent,ACER Progressive Achievement Test - Mathematics (PAT-M v4),1,,"Reported directly as Hedges' g in Table 6, 'Adjusted effect size g (95% CI)' = 0.02 (-0.03, 0.07). Same compute.es change-score method. g_se = (0.07-(-0.03))/(2*1.959964); g_var = g_se^2. impact_estimate = adjusted mean difference 0.22 (-0.45, 0.89). mean/SD = 8-month posttest, Appendix A.",0.22,"p.9 Table 6 (Mathematics, QTR-T row); p.10 Appendix A",subagent,high,Trainer-led (scalable) QTR arm. Maths post-hoc p=0.527 (not significant; smaller effect than researcher-led QTR). Model n=1329; valid follow-up retained n=1230 (99 missing).
gore_2021-05,gore_2021,39,gore_2021,Gore et al. 2021,Reading,3-5,-0.02,0.00079,0.02806,1332,1272,34,,True,True,standardized_independent,ACER Progressive Achievement Test - Reading (PAT-R v5),1,,"Reported directly as Hedges' g in Table 6, 'Adjusted effect size g (95% CI)' = -0.02 (-0.07, 0.04). Same compute.es change-score method. g_se = (0.04-(-0.07))/(2*1.959964); g_var = g_se^2. impact_estimate = adjusted mean difference -0.25 (CI partially illegible in scan; recorded estimate only). mean/SD = 8-month posttest, Appendix A.",-0.25,"p.9 Table 6 (Reading, QTR-T row); p.10 Appendix A",subagent,high,Reading -> Reading per spec. QTR-T reading post-hoc p=0.561 (not significant). Model n=1332; valid follow-up retained n=1240 (92 missing).
gore_2021-06,gore_2021,39,gore_2021,Gore et al. 2021,STEM,3-5,-0.01,0.0011,0.03316,1268,1265,34,,True,True,standardized_independent,ACER Progressive Achievement Test - Science (PAT-Science),1,,"Reported directly as Hedges' g in Table 6, 'Adjusted effect size g (95% CI)' = -0.01 (-0.08, 0.05). Same compute.es change-score method. g_se = (0.05-(-0.08))/(2*1.959964); g_var = g_se^2. mean/SD = 8-month posttest, Appendix A.",,"p.9 Table 6 (Science, QTR-T row); p.10 Appendix A",subagent,high,Science -> STEM per spec. No significant science group-by-time interaction (p=0.645); QTR-T post-hoc p=0.719 (ns). Single test level per grade; ceiling/floor concerns noted by authors. Model n=1268; valid follow-up retained n=1181 (87 missing).
greenleaf_2011-01,greenleaf_2011,40,greenleaf_2011,Greenleaf et al. 2011,STEM,7-12,0.28,0.01181,0.1087,,,49,,True,True,standardized_independent,"California Standards Test (CST) Biology scale score, 2006/07",1,,"Report's Diff/SD = covariate-adjusted difference / pooled SD = 0.28 taken as d (Biology CST scale-score difference 13.61 / pooled SD); g = J*d with J = 1 - 3/(4*df-1), df ~= 5434 (J = 0.99986) so g = 0.2800. g_se derived from the reported two-sided p = .01 and point estimate: z = invnorm(1 - p/2) = 2.576, se_d = |d|/z = 0.28/2.576 = 0.1087, g_se = J*se_d = 0.1087; g_var = g_se^2 = 0.01181. From the school-clustered multilevel model so cluster_adjusted = true.",0.28,p.34 Table 11 (cross-sectional Biology CST row); discussion p.33,subagent,medium,"Headline confirmatory science outcome; statistically significant (p=.01). Treatment mean 336.52 vs control 322.91 (Biology CST scale score). Cross-sectional sample = anonymous/unlinked, more representative (max 5,436 students in 49 schools); covariates = randomization strata, race/ethnicity, EL status, gender, plus 2004/05 teacher-aggregated prior biology & reading-comprehension scores (teacher-level pretest, not individual). Independent state standardized test. Authors note selective control-teacher attrition; impacts significant only after covariate adjustment."
greenleaf_2011-02,greenleaf_2011,40,greenleaf_2011,Greenleaf et al. 2011,Reading,7-12,0.24,0.01064,0.1032,,,49,,True,True,standardized_independent,"California Standards Test (CST) Reading Comprehension (standardized), 2006/07",1,,"Outcome is z-standardized (mean 0, SD 1 across the analytic sample), so the reported difference 0.24 IS the standardized effect d (= Diff/SD = 0.24). g = J*d, df ~= 5434, J = 0.99986, g = 0.2400. g_se from reported two-sided p = .02: z = 2.326, se_d = 0.24/2.326 = 0.1032, g_se = J*se_d = 0.1032; g_var = 0.01064. School-clustered multilevel model -> cluster_adjusted = true.",0.24,p.34 Table 11 (cross-sectional Reading Comprehension CST row),subagent,medium,"Headline reading outcome; statistically significant (p=.02). Reading Comprehension CST z-standardized: treatment 0.10 vs control -0.14, difference 0.24. Cross-sectional sample (max 5,436 students, 49 schools). Covariates as for the Biology row (teacher-aggregated prior scores, no individual pretest in the cross-sectional models). Independent state standardized test."
greenleaf_2011-03,greenleaf_2011,40,greenleaf_2011,Greenleaf et al. 2011,Reading,7-12,0.23,0.01254,0.112,,,49,,True,True,standardized_independent,"California Standards Test (CST) English Language Arts (standardized), 2006/07",1,,"ELA CST is z-standardized (mean 0, SD 1), so the difference 0.23 IS the standardized effect d. g = J*d, df ~= 5434, J = 0.99986, g = 0.2300. g_se from reported two-sided p = .04: z = 2.054, se_d = 0.23/2.054 = 0.1120, g_se = J*se_d = 0.1120; g_var = 0.01254. School-clustered multilevel model -> cluster_adjusted = true.",0.23,p.34 Table 11 (cross-sectional ELA CST row),subagent,medium,"Reading/ELA outcome; statistically significant (p=.04). ELA CST z-standardized: treatment 0.10 vs control -0.13, difference 0.23. Cross-sectional sample (max 5,436 students, 49 schools). outcome_role=secondary relative to the Reading Comprehension CST (the report frames reading-comprehension and biology as the primary targeted constructs; ELA is the broader companion measure). Independent state standardized test."
greenleaf_2011-04,greenleaf_2011,40,greenleaf_2011,Greenleaf et al. 2011,STEM,7-12,0.17,0.02372,0.154,,,45,,True,True,standardized_independent,"California Standards Test (CST) Biology scale score, 2006/07",1,,"Report's Diff/SD = 0.17 taken as d (Biology CST scale difference 7.97 / pooled SD). g = J*d, df ~= 1234, J = 0.99939, g = 0.1699 ~= 0.17. g_se from reported two-sided p = .27: z = 1.103, se_d = 0.17/1.103 = 0.1541, g_se = J*se_d = 0.1540; g_var = 0.02372. School-clustered multilevel model -> cluster_adjusted = true.",0.17,p.34 Table 11 (longitudinal Biology CST row),subagent,medium,"Same end-of-treatment timepoint (2006/07) but the smaller longitudinal consented sample (max 1,236 students in 45 schools) with INDIVIDUAL prior ELA/Math CST pretests plus teacher-aggregated prior scores. Not statistically significant (p=.27). Treatment 338.07 vs control 330.10. Reported as a secondary/robustness sample to the cross-sectional headline; positive but null. Independent state standardized test."
greenleaf_2011-05,greenleaf_2011,40,greenleaf_2011,Greenleaf et al. 2011,Reading,7-12,0.04,0.00581,0.0762,,,45,,True,True,standardized_independent,"California Standards Test (CST) Reading Comprehension (standardized), 2006/07",1,,"Reading Comprehension CST z-standardized, so difference 0.04 IS the standardized effect d. g = J*d, df ~= 1234, J = 0.99939, g = 0.0400. g_se from reported two-sided p = .60: z = 0.524, se_d = 0.04/0.524 = 0.0763, g_se = J*se_d = 0.0762; g_var = 0.00581. School-clustered multilevel model -> cluster_adjusted = true.",0.04,p.34 Table 11 (longitudinal Reading Comprehension CST row),subagent,medium,"Longitudinal consented sample (max 1,236 students, 45 schools), individual pretest-adjusted. Not significant (p=.60). Treatment 0.05 vs control 0.01 (z-standardized). Same timepoint as the cross-sectional headline row; included as the pretest-linked alternative estimate. Independent state standardized test."
greenleaf_2011-06,greenleaf_2011,40,greenleaf_2011,Greenleaf et al. 2011,Reading,7-12,0.03,0.00816,0.0903,,,45,,True,True,standardized_independent,"California Standards Test (CST) English Language Arts (standardized), 2006/07",1,,"ELA CST z-standardized, so difference 0.03 IS the standardized effect d. g = J*d, df ~= 1234, J = 0.99939, g = 0.0300. g_se from reported two-sided p = .74: z = 0.332, se_d = 0.03/0.332 = 0.0904, g_se = J*se_d = 0.0903; g_var = 0.00816. School-clustered multilevel model -> cluster_adjusted = true.",0.03,p.34 Table 11 (longitudinal ELA CST row),subagent,medium,"Longitudinal consented sample (max 1,236 students, 45 schools), individual pretest-adjusted. Not significant (p=.74). Treatment -0.02 vs control -0.05 (z-standardized). outcome_role=secondary (companion to Reading Comprehension). Independent state standardized test."
guzman_2021-01,guzman_2021,41,guzman_2021,Guzmán et al. 2021,Reading,K-2,0.35,0.0147,0.1212,276,358,92,,True,True,researcher_made,EGRA - Letter Name Knowledge (letters read per minute),0,researcher_made,Reported Hedges's g (Table 6) = covariate-adjusted mean difference / unadjusted pooled within-group SD (WWC 2017b). g_se = Table-5 HLM Treatment coef SE (2.77) / pooled SD (22.85). mean_t/mean_c are covariate-adjusted means; sd_t/sd_c are unadjusted SDs.,8.11,"p.13-14, Tables 5 & 6",subagent,high,Emergent reading skill (letter recognition). End-of-grade-1 g was 0.32.
guzman_2021-02,guzman_2021,41,guzman_2021,Guzmán et al. 2021,Reading,K-2,0.79,0.01512,0.1229,276,358,92,,True,True,researcher_made,EGRA - Letter Sound Knowledge (letter sounds pronounced per minute),0,researcher_made,Reported Hedges's g (Table 6) = covariate-adjusted mean diff / unadjusted pooled within-group SD (WWC 2017b). g_se = 2.94 / pooled SD (23.91).,18.93,"p.13-14, Tables 5 & 6",subagent,high,Emergent reading skill (letter-sound knowledge). End-of-grade-1 g was 0.47.
guzman_2021-03,guzman_2021,41,guzman_2021,Guzmán et al. 2021,Reading,K-2,0.35,0.01217,0.1103,276,358,92,,True,True,researcher_made,EGRA - Familiar Word Reading (words read per minute),0,researcher_made,Reported Hedges's g (Table 6) = covariate-adjusted mean diff / unadjusted pooled within-group SD (WWC 2017b). g_se = 2.71 / pooled SD (24.57).,8.98,"p.13-14, Tables 5 & 6",subagent,high,Word reading (decoding of high-frequency words). End-of-grade-1 g was 0.23.
guzman_2021-04,guzman_2021,41,guzman_2021,Guzmán et al. 2021,Reading,K-2,0.32,0.01243,0.1115,276,358,92,,True,True,researcher_made,EGRA - Invented Word Decoding (invented words read per minute),0,researcher_made,Reported Hedges's g (Table 6) = covariate-adjusted mean diff / unadjusted pooled within-group SD (WWC 2017b). g_se = 2.23 / pooled SD (20.00).,6.34,"p.13-14, Tables 5 & 6",subagent,high,Decoding of nonsense words. End-of-grade-1 g was 0.19.
guzman_2021-05,guzman_2021,41,guzman_2021,Guzmán et al. 2021,Reading,K-2,0.34,0.01202,0.1096,276,358,92,,True,True,researcher_made,EGRA - Oral Reading Fluency (words in a story read per minute),0,researcher_made,Reported Hedges's g (Table 6) = covariate-adjusted mean diff / unadjusted pooled within-group SD (WWC 2017b). g_se = 3.77 / pooled SD (34.38).,11.69,"p.13-14, Tables 5 & 6",subagent,high,Oral reading fluency - one of the two headline outcomes in the abstract. End-of-grade-1 g was 0.20.
guzman_2021-06,guzman_2021,41,guzman_2021,Guzmán et al. 2021,Reading,K-2,0.79,0.01629,0.1276,276,358,92,,True,True,researcher_made,EGRA - Initial Sound Identification (initial sound recognition),0,researcher_made,Reported Hedges's g (Table 6) = covariate-adjusted mean diff / unadjusted pooled within-group SD (WWC 2017b). g_se = 4.95 / pooled SD (38.78).,30.54,"p.13-14, Tables 5 & 6",subagent,high,Phonemic awareness (initial sound recognition). End-of-grade-1 g was 0.77.
guzman_2021-07,guzman_2021,41,guzman_2021,Guzmán et al. 2021,Reading,K-2,0.19,0.0161,0.1269,276,358,92,,True,True,researcher_made,"EGRA - Reading Comprehension (questions correctly answered, percentage)",0,researcher_made,Reported Hedges's g (Table 6) = covariate-adjusted mean diff / unadjusted pooled within-group SD (WWC 2017b). g_se = 4.56 / pooled SD (35.94). Recomputing g from listed means/SD gives ~0.21; kept reported 0.19.,7.48,"p.13-14, Tables 5 & 6",subagent,high,"Reading comprehension was administered only to certain students (those who read the ORF passage), not the full sample - hence is_full_sample=false. Treatment effect not statistically significant (p>.05). End-of-grade-1 g was 0.20."
guzman_2021-08,guzman_2021,41,guzman_2021,Guzmán et al. 2021,Reading,K-2,0.14,0.01314,0.1146,276,358,92,,True,False,researcher_made,"EGRA - Oral (Listening) Comprehension, Creole",0,researcher_made,Reported Hedges's g (Table 6) = covariate-adjusted mean diff / unadjusted pooled within-group SD (WWC 2017b). g_se = 3.33 / pooled SD (29.06).,4.09,"p.13-14, Tables 5 & 6",subagent,high,"Creole listening comprehension (a listening, not reading-decoding, measure). No baseline term for this outcome in the model (baseline comprehension data lost to server failure); other baseline covariates still included. Not statistically significant. End-of-grade-1 g was 0.19."
guzman_2021-09,guzman_2021,41,guzman_2021,Guzmán et al. 2021,Reading,K-2,0.23,0.01983,0.1408,276,358,92,,True,False,researcher_made,"EGRA - Oral (Listening) Comprehension, French",0,researcher_made,Reported Hedges's g (Table 6) = covariate-adjusted mean diff / unadjusted pooled within-group SD (WWC 2017b). g_se = 4.66 / pooled SD (33.09).,7.69,"p.13-14, Tables 5 & 6",subagent,high,"French listening comprehension (a listening, not reading-decoding, measure). No baseline term for this outcome in the model (baseline comprehension data lost to server failure). End-of-grade-1 g was 0.28."
hanley_2016-01,hanley_2016,42,hanley_2016,Hanley et al. 2016,STEM,7-12,-0.01,0.0011,0.0332,3020,2862,47,0.129,True,True,standardized_independent,"Science attainment test (KS3 science SATs, 2009 Tier 3-6 Paper 2; max 90)",1,,"EEF cluster-randomised Hedges' g taken directly from report Table 3 (primary, main unweighted ITT model): g = adjusted between-school impact gamma01 (controlling for KS2 pre-test and gender) / sqrt(sigma_school^2 + sigma_error^2) (total variance). SE derived from reported bootstrapped 95% CI (-.09, .04): SE = (0.04-(-0.09))/(2*1.96); g_var = SE^2.",-0.01,"p.18 Table 3 (row 'Science test', primary analysis); exec summary p.4 (headline -0.02 is the missingness-weighted variant)",subagent,high,"Primary confirmatory outcome. Science -> STEM per spec. mean_t/mean_c are covariate-adjusted ('expected') means (95% CI 44.43-48.16 int; 44.92-47.93 ctrl); raw posttest SDs not reported. n in model = 5882 (3020 int; 2862 ctrl). One-sided bootstrapped p=0.75. Sensitivity variants on same sample: missingness-weighted g=-0.02 (-.10,.04); per-protocol g=+0.01 (-.08,.10). Observed ICC=0.129 (Tech Appendix Table 6); design-stage ICC=0.12. No evidence of impact on science attainment."
hanley_2016-02,hanley_2016,42,hanley_2016,Hanley et al. 2016,Reading,7-12,-0.15,0.002108,0.0459,964,1433,20,0.156,True,True,standardized_independent,GL Assessment Progress Test in English 13 (PTE),1,,"EEF cluster-randomised Hedges' g taken directly from report Table 4 (secondary, main unweighted model): g = adjusted between-school impact / sqrt(total variance), controlling for KS2 and test mode (online/paper). SE derived from reported bootstrapped 95% CI (-.24, -.06): SE = (-0.06-(-0.24))/(2*1.96); g_var = SE^2.",-0.15,"p.19 Table 4 (row 'English test', secondary analysis)",subagent,high,"Secondary transfer outcome. English -> Reading per spec. Only 20 schools administered the English test (each school did either maths or English), so under-powered. One-sided bootstrapped p=0.99 (test designed to detect positive transfer only; negative estimate not robust evidence of harm). Adjusted means (95% CI 87.41-97.24 int; 90.35-97.66 ctrl); raw SDs not reported. n in model=2397 (964 int; 1433 ctrl). Missingness-weighted variant g=-0.13 (-.23,-.04). Observed ICC=0.156."
hanley_2016-03,hanley_2016,42,hanley_2016,Hanley et al. 2016,STEM,7-12,-0.11,0.003748,0.0612,816,959,17,0.053,True,True,standardized_independent,GL Assessment Progress Test in Maths 13 (PIM),1,,"EEF cluster-randomised Hedges' g taken directly from report Table 4 (secondary, main unweighted model): g = adjusted between-school impact / sqrt(total variance), controlling for KS2 and test mode. SE derived from reported bootstrapped 95% CI (-.23, .01): SE = (0.01-(-0.23))/(2*1.96); g_var = SE^2.",-0.11,"p.19 Table 4 (row 'Maths test', secondary analysis)",subagent,high,"Secondary transfer outcome. Maths -> STEM per spec. Only 17 schools administered the maths test, so under-powered. One-sided bootstrapped p=0.96 (test designed to detect positive transfer; negative estimate not robust evidence of harm). Adjusted means (95% CI 92.35-98.52 int; 94.62-98.20 ctrl); raw SDs not reported. n in model=1775 (816 int; 959 ctrl). Missingness-weighted variant g=-0.13 (-.25,-.02). Observed ICC=0.053."
hanley_2016-04,hanley_2016,42,hanley_2016,Hanley et al. 2016,STEM,7-12,-0.03,0.003748,0.0612,783,825,47,0.129,True,True,standardized_independent,Science attainment test (KS3 science SATs Paper 2) -- FSM subgroup,0,subgroup,"EEF cluster-randomised Hedges' g taken directly from report Table 5 (subgroup): same model as primary, restricted to Ever-FSM pupils. SE derived from reported 95% CI (-.18, .06): SE = (0.06-(-0.18))/(2*1.96); g_var = SE^2.",-0.03,"p.20 Table 5 (row 'Science Test, FSM-only'); exec summary p.4 (LTSS FSM vs control -0.03, -0.18 to 0.07)",subagent,high,"Non-randomised subgroup (Ever-FSM pupils), is_full_sample=false. Provided for completeness; not the headline contrast. n in model=1608 (783 int; 825 ctrl). p=0.84. Other reported subgroups not extracted: female students g=+0.10 (.03,.19), male g=-0.05 (-.13,.03), KS2 strata g=+0.02/+0.05/-0.04; the female-only positive effect was flagged by the authors as likely chance (multiple exploratory tests; no within-subgroup mean difference; below the MDES of 0.20)."
hanley_2020-01,hanley_2020,43,hanley_2020,Hanley et al. 2020,STEM,3-6,0.22,0.00315,0.0561,655,609,41,0.1,True,True,standardized_independent,"Primary science attainment test (40-min paper test, content + conceptual understanding + science inquiry process; questions from standardised assessments per Russell & McGuigan 2001 / NFER, reused from Bennett et al. 2019)",1,,"Taken directly from Table 4 (p.33, 'All pupils'): pretest-adjusted multilevel (HLM) impact standardised as a Hedges (2007) cluster-randomised effect size. g_se derived from reported 95% CI (0.11, 0.33): SE=(0.33-0.11)/(2*1.96)=0.0561; g_var=SE^2=0.00315. Consistent with raw-mean check (Table 3): (22.25-21.05)/sqrt(((655-1)*6.71^2+(609-1)*6.92^2)/(655+609-2))=1.20/6.81=0.176 unadjusted (lower than the pretest-adjusted 0.22, as expected since pre-test favoured control by 0.1 pts and adjustment increases precision).",0.22,p.33 Table 4 (row 'All pupils'); narrative p.18; raw means p.32 Table 3,subagent,high,"PRIMARY confirmatory full-sample outcome and the headline contrast for row_id 43. Science -> STEM per spec. Statistically significant, F(1, 36.50)=6.61, p=.014 (model); ES p<0.001; post-test 1.5 marks higher [95% CI 0.74, 2.25]; ~3 months' extra progress (Higgins et al. 2015 toolkit). n in model = 1264 (655 TDTS, 609 control). Pre-test means balanced: TDTS 24.2 (SD 6.8), control 24.3 (6.8); pre-post r=0.71. icc=0.10 is the design-stage assumption (footnote p.14); achieved ICC not reported; g is already cluster-corrected so no further correction needed. Test administered (not marked) by staff aware of allocation; built from standardised questions but not a nationally standardised test (authors' limitation). Note: a subsequent larger 'train-the-trainer' effectiveness trial (Kitmitto et al. 2018) did not replicate this overall effect."
hanley_2020-02,hanley_2020,43,hanley_2020,Hanley et al. 2020,STEM,3-6,0.32,0.00666,0.0816,325,276,41,0.1,True,True,standardized_independent,Primary science attainment test -- Girls subgroup,0,subgroup,"Table 4 (p.33, 'Girls', gender interaction): pretest-adjusted HLM Hedges (2007) cluster ES. g_se=(0.48-0.16)/(2*1.96)=0.0816; g_var=0.00666.",0.32,p.33 Table 4 (row 'Girls'); raw means p.32 Table 3,subagent,high,"Non-randomised gender subgroup, is_full_sample=false. n in model=601 (325 TDTS, 276 control). ES 0.32 (0.16, 0.48), p<0.001. Gender x treatment difference statistically significant (p=.023): TDTS more effective for girls than boys. Not part of the main pooled estimate."
hanley_2020-03,hanley_2020,43,hanley_2020,Hanley et al. 2020,STEM,3-6,0.12,0.00586,0.0765,328,328,41,0.1,True,True,standardized_independent,Primary science attainment test -- Boys subgroup,0,subgroup,"Table 4 (p.33, 'Boys', gender interaction): pretest-adjusted HLM Hedges (2007) cluster ES. g_se=(0.27-(-0.03))/(2*1.96)=0.0765; g_var=0.00586.",0.12,p.33 Table 4 (row 'Boys'); raw means p.32 Table 3,subagent,high,"Non-randomised gender subgroup, is_full_sample=false. n in model=656 (328 TDTS, 328 control). ES 0.12 (-0.03, 0.27), p=0.12 (not significant; authors note this may be a chance effect). Not part of the main pooled estimate."
hanley_2020-04,hanley_2020,43,hanley_2020,Hanley et al. 2020,STEM,3-6,0.38,0.01438,0.1199,147,138,41,0.1,True,True,standardized_independent,Primary science attainment test -- Free School Meals (ever-FSM) subgroup,0,subgroup,"Table 4 (p.33, 'FSM pupils', FSM interaction): pretest-adjusted HLM Hedges (2007) cluster ES. g_se=(0.62-0.15)/(2*1.96)=0.1199; g_var=0.01438.",0.38,p.33 Table 4 (row 'FSM pupils'); raw means p.32 Table 3,subagent,high,"Non-randomised disadvantaged subgroup (ever-FSM), is_full_sample=false. n in model=285 (147 TDTS, 138 control). ES 0.38 (0.15, 0.62), p=0.002. Authors caution this is not statistically robust: FSM pupils highly clustered (~2/3 of 285 FSM pupils in 11 schools; 4 schools had no ever-FSM pupils). Not part of the main pooled estimate."
hanley_2020-05,hanley_2020,43,hanley_2020,Hanley et al. 2020,STEM,3-6,0.3,0.00709,0.0842,298,274,41,0.1,True,True,standardized_independent,Primary science attainment test -- Lower-than-median prior attainment subgroup,0,subgroup,"Table 4 (p.33, 'Lower than median at pre-test', attainment interaction): pretest-adjusted HLM Hedges (2007) cluster ES. g_se=(0.46-0.13)/(2*1.96)=0.0842; g_var=0.00709.",0.3,p.33 Table 4 (row 'Lower than median at pre-test'); raw means p.32 Table 3,subagent,high,"Non-randomised prior-attainment subgroup (below median pre-test), is_full_sample=false. n in model=572 (298 TDTS, 274 control). ES 0.30 (0.13, 0.46), p<0.001. Slightly stronger effect for lower prior attainers. Not part of the main pooled estimate."
hanley_2020-06,hanley_2020,43,hanley_2020,Hanley et al. 2020,STEM,3-6,0.22,0.00586,0.0765,357,335,41,0.1,True,True,standardized_independent,Primary science attainment test -- Above-or-equal-to-median prior attainment subgroup,0,subgroup,"Table 4 (p.33, 'Above or equal to median at pre-test', attainment interaction): pretest-adjusted HLM Hedges (2007) cluster ES. g_se=(0.37-0.07)/(2*1.96)=0.0765; g_var=0.00586.",0.22,p.33 Table 4 (row 'Above or equal to median at pre-test'); raw means p.32 Table 3,subagent,high,"Non-randomised prior-attainment subgroup (at/above median pre-test), is_full_sample=false. n in model=692 (357 TDTS, 335 control). ES 0.22 (0.07, 0.37), p=0.004. Not part of the main pooled estimate."
hanselman_2013-01,hanselman_2013,44,hanselman_2013,Hanselman et al. 2013,Reading,5,0.0193,0.01575,0.1255,562,789,25,,True,True,standardized_independent,"Gates-MacGinitie Reading Test (GMRT), 4th ed., levels 3-5, form S",1,,"Outcome standardized to M=0,SD=1 within cohort-year, so the SFA HLM coefficient = d (=0.02). g = J*d with J = 1-3/(4*22-1) = 0.9655 (df=22 from Table 4 t-test). g_se = J*SE(=0.13). g_var = g_se^2.",0.02,"p.245 Table 4 (Cohort 1, Year 3, SFA row); also stated in text p.244 'd = .02, SE = .13'",subagent,high,"End-of-treatment wave for the primary cohort (3 years of grade 3-5 SFA exposure). Authors caution Year 3 has differential attrition (635 SFA vs 434 control dropped, chi2 p<.01; Table 3), so this estimate should be viewed with some caution. n_t/n_c from Table 3 (562/789); 25 schools."
hanselman_2013-02,hanselman_2013,44,hanselman_2013,Hanselman et al. 2013,Reading,5,-0.078,0.0115,0.1072,842,849,30,,True,True,standardized_independent,"Gates-MacGinitie Reading Test (GMRT), 4th ed., levels 3-5, form S",1,,"Outcome standardized to M=0,SD=1 within cohort-year, so the SFA HLM coefficient = d (=-0.08). g = J*d with J = 1-3/(4*30-1) = 0.9748 (df=30 from Table 4 t-test). g_se = J*SE(=0.11). g_var = g_se^2.",-0.08,"p.245 Table 4 (Cohort 2, Year 2, SFA row)",subagent,high,End-of-treatment wave for the secondary cohort (2 years of grade 4-5 SFA exposure). n_t/n_c from Table 3 (842/849); 30 schools. Attrition Year 2 not statistically different between groups (chi2 p=.84).
hanselman_2013-03,hanselman_2013,44,hanselman_2013,Hanselman et al. 2013,Reading,3,0.0,0.00343,0.0586,1197,1223,35,,True,True,standardized_independent,"Gates-MacGinitie Reading Test (GMRT), 4th ed., levels 3-5, form S",1,,"Outcome standardized to M=0,SD=1 within cohort-year, so the SFA HLM coefficient = d (=0.00). g = J*d with J = 1-3/(4*32-1) = 0.9764 (df=32 from Table 4 t-test). g_se = J*SE(=0.06). g_var = g_se^2.",0.0,"p.245 Table 4 (Cohort 1, Year 1, SFA row)",subagent,high,"Intermediate wave (1 year exposure) for the primary cohort; included for traceability. Full sample, all 35 schools (1197 SFA / 1223 control, Table 3). Not the end-of-treatment timepoint."
hanselman_2013-04,hanselman_2013,44,hanselman_2013,Hanselman et al. 2013,Reading,4,0.0677,0.00935,0.0967,874,869,26,,True,True,standardized_independent,"Gates-MacGinitie Reading Test (GMRT), 4th ed., levels 3-5, form S",1,,"Outcome standardized to M=0,SD=1 within cohort-year, so the SFA HLM coefficient = d (=0.07). g = J*d with J = 1-3/(4*23-1) = 0.9670 (df=23 from Table 4 t-test). g_se = J*SE(=0.10). g_var = g_se^2.",0.07,"p.245 Table 4 (Cohort 1, Year 2, SFA row)",subagent,high,Intermediate wave (2 years exposure) for the primary cohort; included for traceability. 874 SFA / 869 control across 26 schools (Table 3). Not the end-of-treatment timepoint.
hanselman_2013-05,hanselman_2013,44,hanselman_2013,Hanselman et al. 2013,Reading,4,0.0391,0.00467,0.0683,1084,1088,35,,True,True,standardized_independent,"Gates-MacGinitie Reading Test (GMRT), 4th ed., levels 3-5, form S",1,,"Outcome standardized to M=0,SD=1 within cohort-year, so the SFA HLM coefficient = d (=0.04). g = J*d with J = 1-3/(4*32-1) = 0.9764 (df=32 from Table 4 t-test). g_se = J*SE(=0.07). g_var = g_se^2.",0.04,"p.245 Table 4 (Cohort 2, Year 1, SFA row)",subagent,high,Intermediate wave (1 year exposure) for the secondary cohort; included for traceability. 1084 SFA / 1088 control across 35 schools (Table 3). Not the end-of-treatment timepoint.
heller_2010-01,heller_2010,45,heller_2010,Heller et al. 2010,STEM,4 (registry 3-6),0.39217,0.009278,0.09632,1347,1494,149,0.168,True,True,researcher_made,"Student test of electric-circuits science content knowledge (developer-made, percent correct), gain score (post minus pre)",0,researcher_made,"d = HLM treatment coefficient / standardizing SD = 5.7 / 14.5307 = 0.39227, where 14.5307 = overall pooled SD of student gain across all four groups (Table 8: sqrt of n-1 weighted pooled gain variance), which is the 'pooled standard deviation of student gain' the authors used (reproduces reported ES 0.39 exactly). Hedges' g = J*d, df = n_t+n_c-2 = 2839, J = 1 - 3/(4*df-1) = 0.999736, g = 0.39217. g_se = J*(impact_se/standardizing SD) = 0.999736*(1.4/14.5307) = 0.09632; g_var = g_se^2 = 0.009278.",5.7,"Findings p.4 (reported ES 0.39); Table 10 (coef 5.7, SE 1.4, variance components); Table 8 (means/SDs/n); Table 3 (teacher counts)",subagent,medium,"PD arm A vs business-as-usual control. Student gain on electric-circuits content test: treatment teachers' students gained ~20 pts vs control ~13 pts. HLM coefficient 5.7 (SE 1.4), p<0.005. cluster_adjusted=true (SE from 3-level HLM: PD course / teacher / student). icc=0.168 DERIVED from Table 10 SDs (teacher 5.9, residual 13.1) for information only, NOT a reported design ICC and NOT used in g. n_clusters=149 = 70 arm teachers + 79 control teachers (Table 3). Standardizing SD 14.53 = overall pooled gain SD (Table 8)."
heller_2010-02,heller_2010,45,heller_2010,Heller et al. 2010,STEM,4 (registry 3-6),0.51601,0.009278,0.09632,1392,1494,144,0.168,True,True,researcher_made,"Student test of electric-circuits science content knowledge (developer-made, percent correct), gain score (post minus pre)",0,researcher_made,"d = HLM treatment coefficient / standardizing SD = 7.5 / 14.5307 = 0.51615, standardizing SD = overall pooled SD of student gain across all four groups (Table 8) = 14.5307 (reproduces reported ES 0.52 exactly). Hedges' g = J*d, df = n_t+n_c-2 = 2884, J = 0.999740, g = 0.51601. g_se = J*(impact_se/standardizing SD) = 0.999740*(1.4/14.5307) = 0.09632; g_var = 0.009278.",7.5,"Findings p.4 (reported ES 0.52); Table 10 (coef 7.5, SE 1.4); Table 8 (means/SDs/n); Table 3 (teacher counts)",subagent,medium,"PD arm B vs the SAME business-as-usual control as arms A and C. HLM coefficient 7.5 (SE 1.4), p<0.005. cluster_adjusted=true (3-level HLM SE). icc=0.168 DERIVED from Table 10 variance components, informational only. n_clusters=144 = 65 arm teachers + 79 control teachers (Table 3). Shares the control group with the other two arms; central merge should avoid double-counting the control."
heller_2010-03,heller_2010,45,heller_2010,Heller et al. 2010,STEM,4 (registry 3-6),0.51599,0.01065,0.1032,1013,1494,133,0.168,True,True,researcher_made,"Student test of electric-circuits science content knowledge (developer-made, percent correct), gain score (post minus pre)",0,researcher_made,"d = HLM treatment coefficient / standardizing SD = 7.5 / 14.5307 = 0.51615, standardizing SD = overall pooled SD of student gain across all four groups (Table 8) = 14.5307 (reported ES 0.52). Hedges' g = J*d, df = n_t+n_c-2 = 2505, J = 0.999701, g = 0.51599. g_se = J*(impact_se/standardizing SD) = 0.999701*(1.5/14.5307) = 0.1032; g_var = 0.01065.",7.5,"Findings p.4 (reported ES 0.52); Table 10 (coef 7.5, SE 1.5); Table 8 (means/SDs/n); Table 3 (teacher counts)",subagent,medium,"PD arm C (called Content Immersion in this 2010 SREE paper; renamed Metacognitive Analysis in the 2012 JRST article) vs the SAME business-as-usual control. HLM coefficient 7.5 (SE 1.5), p<0.005. cluster_adjusted=true (3-level HLM SE). icc=0.168 DERIVED from Table 10 variance components, informational only. n_clusters=133 = 54 arm teachers + 79 control teachers (Table 3). Shares the control group with arms A and B."
heller_2012-01,heller_2012,46,heller_2012,Heller 2012,STEM,"4 (registry 7-12, likely miscoded)",0.3699,0.001435,0.03788,1347,1494,,,False,True,researcher_made,"Student electric-circuits science content test (34 items, selected-response percent correct; developer-made, Cronbach alpha 0.87), pretest-to-posttest gain",0,researcher_made,"Author-reported ES from Table 4 (p.351) = 0.37 taken as d (= HLM treatment coefficient / pooled SD of student gain; the standardizing SD and HLM coefficient/SE are in Supporting Info Tables S20, not in this PDF). Hedges' g = J*d, df = n_t+n_c-2 = 2839, J = 1 - 3/(4*df-1) = 0.999736, g = 0.36990. g_var via student-level SMD formula Var(d) = (n_t+n_c)/(n_t*n_c) + d^2/(2*(n_t+n_c)) = 0.001436, g_var = J^2*Var(d) = 0.001435, g_se = 0.03788. NOT cluster-adjusted (cluster SE unavailable in this PDF); apply Hedges 2007 cluster correction centrally, but no design ICC is reported. n_t/n_c borrowed from the 2010 SREE companion (same trial) since per-arm n is not in this article.",,"Table 4 (p.351), Student / Content knowledge study year, Teaching Cases = 0.37 (p<0.001); Question 3 text p.352; sample on p.349",subagent,medium,"PD arm A vs business-as-usual control. Reported ES 0.37, p<0.001 (three asterisks in Table 4). Immediate post-intervention (study-year) wave. cluster_adjusted=false because the cluster-adjusted SE is not in this PDF (Supporting Info only); ICC not reported. n_t=1347 borrowed from 2010 SREE companion analytic sample for the same RCT (per-arm n not printed in the 2012 article)."
heller_2012-02,heller_2012,46,heller_2012,Heller 2012,STEM,"4 (registry 7-12, likely miscoded)",0.56985,0.001443,0.03799,1392,1494,,,False,True,researcher_made,"Student electric-circuits science content test (34 items, selected-response percent correct; developer-made, Cronbach alpha 0.87), pretest-to-posttest gain",0,researcher_made,"Author-reported ES from Table 4 (p.351) = 0.57 taken as d (HLM treatment coefficient / pooled SD of student gain). Hedges' g = J*d, df = n_t+n_c-2 = 2884, J = 0.999740, g = 0.56985. g_var via student-level SMD formula Var(d) = (n_t+n_c)/(n_t*n_c) + d^2/(2*(n_t+n_c)) = 0.001444, g_var = J^2*Var(d) = 0.001443, g_se = 0.03799. NOT cluster-adjusted (cluster SE unavailable in this PDF); central Hedges 2007 correction needed, but no design ICC reported. n_t/n_c borrowed from 2010 SREE companion (same trial).",,"Table 4 (p.351), Student / Content knowledge study year, Looking at Student Work = 0.57 (p<0.001); Question 3 text p.352",subagent,medium,"PD arm B vs the SAME business-as-usual control as arms A and C. Reported ES 0.57, p<0.001. Immediate post (study-year) wave. cluster_adjusted=false (cluster SE not in this PDF); ICC not reported. n_t=1392 borrowed from 2010 SREE companion analytic sample. Shares the control with the other two arms (non-independent)."
heller_2012-03,heller_2012,46,heller_2012,Heller 2012,STEM,"4 (registry 7-12, likely miscoded)",0.59982,0.001727,0.04156,1013,1494,,,False,True,researcher_made,"Student electric-circuits science content test (34 items, selected-response percent correct; developer-made, Cronbach alpha 0.87), pretest-to-posttest gain",0,researcher_made,"Author-reported ES from Table 4 (p.351) = 0.60 taken as d (HLM treatment coefficient / pooled SD of student gain). Hedges' g = J*d, df = n_t+n_c-2 = 2505, J = 0.999701, g = 0.59982. g_var via student-level SMD formula Var(d) = (n_t+n_c)/(n_t*n_c) + d^2/(2*(n_t+n_c)) = 0.001728, g_var = J^2*Var(d) = 0.001727, g_se = 0.04156. NOT cluster-adjusted (cluster SE unavailable in this PDF); central Hedges 2007 correction needed, but no design ICC reported. n_t/n_c borrowed from 2010 SREE companion (same trial; this arm was 'Content Immersion' there).",,"Table 4 (p.351), Student / Content knowledge study year, Metacognitive Analysis = 0.60 (p<0.001); Question 3 text p.352",subagent,medium,"PD arm C (Metacognitive Analysis; called Content Immersion in the 2010 SREE version) vs the SAME business-as-usual control. Reported ES 0.60, p<0.001. Immediate post (study-year) wave. cluster_adjusted=false (cluster SE not in this PDF); ICC not reported. n_t=1013 borrowed from 2010 SREE companion analytic sample. Shares the control with arms A and B (non-independent)."
herman_2022-01,herman_2022,47,herman_2022,Herman et al. 2022,Reading,7-12,0.1398,0.004889,0.0699,,,54,0.304,True,True,standardized_independent,Missouri Assessment Program (MAP) Grade-Level Assessment - English/Language Arts subtest (state standardized test),1,,"g = J*d where d=0.14 is the model-based effect size reported by the authors (Table 6, p.11/published p.154) for the CHAMPS Intervention coefficient b=0.12 on MAP English, from a 2-level HLM controlling for prior-year MAP English pretest + demographics (students nested in teachers). J = 1 - 3/(4*df-1) = 0.99883 (df = 646-2). g_se = J*SE(d), SE(d) = SE(b)*d/b = 0.06*0.14/0.12 = 0.07 (implied standardizing SD s = b/d = 0.857); g_var = g_se^2. Check: d/SE(d)=2.00 ~ reported p=.044.",0.12,"Table 6 (MAP Academic Outcomes), manuscript p.11 (published 114(1):154); abstract & Main Effects on Student Academic Outcomes section",subagent,high,"Significant positive achievement effect: b=0.12, SE=0.06, p=.044, d=0.14. State standardized ELA test -> Reading. Analytic sample = 54 teachers, 646 students (English/reading classes); per-arm n split not reported. Conditional ICC=0.031, unconditional (design) ICC=0.304 (Table 6). Pretest-adjusted (prior-year MAP English) and cluster-adjusted (2-level HLM). This MAP English result is the abstract's headline academic finding alongside SAT-10 problem solving."
herman_2022-02,herman_2022,47,herman_2022,Herman et al. 2022,Reading,7-12,0.0799,0.007569,0.087,,,54,0.271,True,True,standardized_independent,Stanford Achievement Test 10th Edition (SAT-10) - Reading Comprehension subtest (publisher standardized test),1,,"g = J*d where d=0.08 is the model-based effect size reported by the authors (Table 7, p.11/published p.154) for the CHAMPS Intervention coefficient b=3.04 on SAT-10 Reading Comprehension, from a 2-level HLM controlling for SAT-10 reading pretest + demographics. J = 0.99881 (df = 632-2). g_se = J*SE(d), SE(d) = SE(b)*d/b = 3.31*0.08/3.04 = 0.0871 (implied s = b/d = 38.0); g_var = g_se^2. Check: d/SE(d)=0.918 ~ reported p=.359 (non-significant).",5.66,"Table 7 (SAT-10 Academic Outcomes), manuscript p.11 (published 114(1):154)",subagent,high,"Non-significant positive achievement effect: b=3.04, SE=3.31, p=.359, d=0.08. SAT-10 reading comprehension subtest (administered to students in reading/English classes) -> Reading. Analytic sample = 54 teachers, 632 students; per-arm n split not reported. Conditional ICC=0.052, unconditional (design) ICC=0.271 (Table 7). Pretest- and cluster-adjusted. Note: b is on the SAT-10 scaled-score scale (intercept ~694), hence large b for a small d."
herman_2022-03,herman_2022,47,herman_2022,Herman et al. 2022,STEM,7-12,0.1598,0.011349,0.1065,,,47,0.231,True,True,standardized_independent,Missouri Assessment Program (MAP) Grade-Level Assessment - Mathematics subtest (state standardized test),1,,"g = J*d where d=0.16 is the model-based effect size reported by the authors (Table 6, p.11/published p.154) for the CHAMPS Intervention coefficient b=0.15 on MAP math, from a 2-level HLM controlling for prior-year MAP math pretest + demographics. J = 0.99873 (df = 594-2). g_se = J*SE(d), SE(d) = SE(b)*d/b = 0.10*0.16/0.15 = 0.1067 (implied s = b/d = 0.9375); g_var = g_se^2. Check: d/SE(d)=1.50 ~ reported p=.105 (non-significant).",0.15,"Table 6 (MAP Academic Outcomes), manuscript p.11 (published 114(1):154)",subagent,high,"Non-significant positive achievement effect: b=0.15, SE=0.10, p=.105, d=0.16. State standardized math test -> STEM. Analytic sample = 47 teachers, 594 students (math classes); per-arm n split not reported. Conditional ICC=0.196, unconditional (design) ICC=0.231 (Table 6). Pretest- and cluster-adjusted."
herman_2022-04,herman_2022,47,herman_2022,Herman et al. 2022,STEM,7-12,0.1698,0.007412,0.0861,,,47,0.155,True,True,standardized_independent,Stanford Achievement Test 10th Edition (SAT-10) - Problem Solving (mathematics) subtest (publisher standardized test),1,,"g = J*d where d=0.17 is the model-based effect size reported by the authors (Table 7, p.11/published p.154) for the CHAMPS Intervention coefficient b=5.66 on SAT-10 Problem Solving, from a 2-level HLM controlling for SAT-10 problem-solving pretest + demographics. J = 0.99872 (df = 587-2). g_se = J*SE(d), SE(d) = SE(b)*d/b = 2.87*0.17/5.66 = 0.0862 (implied s = b/d = 33.29); g_var = g_se^2. Check: d/SE(d)=1.97 ~ reported p=.049 (significant).",5.66,"Table 7 (SAT-10 Academic Outcomes), manuscript p.11 (published 114(1):154); abstract",subagent,high,"Significant positive achievement effect: b=5.66, SE=2.87, p=.049, d=0.17. SAT-10 math problem-solving subtest (administered to students in math classes) -> STEM. Analytic sample = 47 teachers, 587 students; per-arm n split not reported. Conditional ICC=0.049, unconditional (design) ICC=0.155 (Table 7). Pretest- and cluster-adjusted. This is the abstract's headline math finding (b is on SAT-10 scaled-score scale, intercept ~641)."
hitchcock_2011-01,hitchcock_2011,48,hitchcock_2011,Hitchcock et al. 2011,Reading,3-6,0.05,0.000918,0.0303,681,674,74,,True,True,standardized_independent,GRADE (Group Reading Assessment and Diagnostic Evaluation) composite reading comprehension score (vocabulary + sentence comprehension + passage comprehension subscales),1,,"Report's directly-stated Hedges' g = 0.05 taken verbatim (Table 4-1). It is the model-based HLM impact (0.66 GRADE points, SE 0.40) standardized by the pooled GRADE SD (implied standardizing SD ~13.2). Hedges J = 1 - 3/(4*df-1) with df = n_t+n_c-2 = 1353 gives J = 0.99945 (~1), so the reported g already reflects the small-sample correction. g_se = impact_se * (g/impact) = 0.40 * (0.05/0.66) = 0.0303; g_var = g_se^2 = 0.000918. SE is from the 3-level cluster-adjusted HLM, so it accounts for clustering.",0.66,"p.44, Table 4-1 (Estimated impact of CSR intervention on reading comprehension); also Exec Summary p.3 and Chapter 5 Summary p.46",subagent,high,"PRIMARY confirmatory contrast and the one used for the meta-analysis. Mean estimated impact 0.66 GRADE points (SE 0.40), p = 0.11, 95% CI (-0.15, 1.44); not statistically significant. Means are regression-adjusted for pretest GRADE, language status, and teacher Spanish fluency, from 10 multiply-imputed datasets. n_clusters = 74 classrooms/teachers (37 CSR + 37 control) across 26 schools. Treatment effect was not uniform across schools (F = 1.68, p = 0.02, Table Q-2). Nine sensitivity analyses (Tables 4-2/4-3) gave g = 0.01-0.07, all non-significant, robust to the confirmatory result. No follow-up wave beyond the one-year posttest."
hitchcock_2011-02,hitchcock_2011,48,hitchcock_2011,Hitchcock et al. 2011,Reading,3-6,0.08,0.012242,0.1106,279,256,,,True,True,standardized_independent,GRADE composite reading comprehension score,0,subgroup,Report's directly-stated Hedges' g = 0.08 taken verbatim (Table 4-4). Impact 0.94 GRADE points (SE 1.30) standardized by the pooled GRADE SD (implied ~11.75). g_se = impact_se * (g/impact) = 1.30 * (0.08/0.94) = 0.1106; g_var = g_se^2 = 0.012242.,0.94,"p.46, Table 4-4 (Effect of CSR on GRADE composite scores, FC-ELL row); p.45 text",subagent,high,"EXPLORATORY, non-randomized subgroup (FC-ELL students only), estimated on the subset of 23 schools / 66 teachers / 1,199 students where both FC-ELL and non-ELL students were present in treatment and control classrooms, with equal weighting. p = 0.47, 95% CI (-1.62, 3.51); not significant. Not the full-sample contrast - included only for completeness."
hitchcock_2011-03,hitchcock_2011,48,hitchcock_2011,Hitchcock et al. 2011,Reading,3-6,0.06,0.002462,0.0496,322,342,,,True,True,standardized_independent,GRADE composite reading comprehension score,0,subgroup,Report's directly-stated Hedges' g = 0.06 taken verbatim (Table 4-4). Impact 0.69 GRADE points (SE 0.57) standardized by the pooled GRADE SD (implied ~11.5). g_se = impact_se * (g/impact) = 0.57 * (0.06/0.69) = 0.0496; g_var = g_se^2 = 0.002462.,0.69,"p.46, Table 4-4 (Effect of CSR on GRADE composite scores, Non-ELL row); p.45-46 text",subagent,high,"EXPLORATORY, non-randomized subgroup (non-ELL students only), same 23-school subset as the FC-ELL row, equal weighting. p = 0.22, 95% CI (-0.42, 1.81); not significant. The differential (interaction) effect between FC-ELL and non-ELL was 0.25 (SE 1.13, p = 0.82) - no differential impact. Not the full-sample contrast - included only for completeness."
humphrey_2018-01,humphrey_2018,49,humphrey_2018,Humphrey et al. 2018,Reading,Year 3-4 (aged 7-8 at start; ~US grade 2-3) [registry tags K-2],0.03,0.003749,0.0612,1258,1246,77,0.08,True,True,standardized_independent,"Hodder Group Reading Test (HGRT, test sheet 2A), raw score (0-53)",1,,"EEF/Manchester cluster-randomised Hedges g as reported in Table 6 (p.36): standardised coefficient of the trial-group (GBG vs usual provision) effect from a 2-level (school, pupil) MLM controlling for baseline KS1 reading points at the pupil level, divided by sqrt(pooled pupil-level/within-group variance from an empty 2-level model) per Tymms (2004); Hedges (2007) correction for varying cluster sizes applied. g = 0.03 taken directly from Table 6. The report's empty-model pupil variance / raw-score coefficient are not printed, so g is not independently recomputed. g_se back-derived from the printed 95% CI (-0.08, 0.16): SE = (0.16-(-0.08))/(2*1.96) = 0.0612; g_var = g_se^2 = 0.003749. The report states CIs were computed as standardised coefficient +/- 1.96*SE(standardised coefficient), so this back-derivation matches the report's own method.",,"p.6 (exec summary impact table); p.36 Table 6 (H1 ITT main effect, reading); p.31 Table 3 (n, ICC=0.08, 77 schools); p.21 (HGRT measure); p.22 Analysis (Hedges g method)",subagent,medium,"Headline / primary confirmatory outcome (EEF security rating: HIGH, 4/5 padlocks). ITT main effect of GBG on reading: g = 0.03, 95% CI (-0.08, 0.16), p = .299 -> no evidence of impact. n in model = 2,504 (1,258 intervention; 1,246 control); 77 schools (38 GBG / 39 control). Adjusted follow-up means (Table 5/6): GBG 32.49 (95% CI 31.92-33.06), control 33.05 (95% CI 32.47-33.63); the 'SD 0.29' printed in Table 5 are model SEs, not the standardizing SD, hence sd_t/sd_c null. Baseline KS1 reading points (1-53): GBG 15.61 (SD 3.99), control 16.06 (SD 4.00), used as the pretest covariate. HGRT is a commercially published standardized reading test (standardised on >13,000 pupils) -> standardized_independent. NOTE for central filtering: the GBG is a behaviour-management/SEL-type programme; its non-academic behaviour outcomes (concentration problems g=0.03, disruptive behaviour g=0.06, pro-social behaviour g=-0.13; all n.s., teacher-rated TOCA-C) were NOT extracted. Subgroup reading effects (at-risk boys g=0.05, CI -0.28-0.38; FSM-eligible g=0.05, CI -0.07-0.18) NOT extracted (non-randomised subsets, is_full_sample handling)."
jaciw_hegseth_2016-01,jaciw_hegseth_2016,50,jaciw_hegseth_2016,"Jaciw, Hegseth et al. 2016",Reading,9-12,0.002,0.0046,0.0679,717,751,69,,True,True,researcher_made,"ETS scenario-based reading-for-understanding literacy assessment (biology form), developed by Educational Testing Service under the IES Reading for Understanding grant",0,researcher_made,"Report's headline covariate/pretest-adjusted effect size = 0.002 (Table 15, p.42): adjusted (regression-benchmark) mean difference = .0005 ETS-scale units standardized by the pooled within-group posttest SD of the recalibrated ETS scale (sqrt(((717-1)*0.242^2+(751-1)*0.249^2)/(717+751-2)) = 0.2456); .0005/0.2456 = 0.00204 ~ 0.002. Hedges' g = J*d with J = 1 - 3/(4*df-1), df = 1466, J = 0.99949, so g = 0.002 (correction negligible). g_se/g_var derived from the report's stated minimum detectable effect size (MDES = 0.19 SD, alpha=.05, 80% power, p.5): SE = 0.19/2.80 = 0.0679, g_var = SE^2 = 0.0046; this design-based SE accounts for the teacher-level clustering. impact_estimate/impact_se fields hold the model-based fixed-effect coefficient for 'Effect of iRAISE for a student with an average pretest' = .003 (SE .004) on the within-grade z-scaled outcome (Table 18, p.45) -- recorded for traceability but NOT used as the g SE because it is on a different (z-transformed) scale than the 0.002 ES; mean_t/mean_c/sd_t/sd_c are the unadjusted descriptive posttest means/SDs from Table 15.",0.003,"Table 15 (p.42) headline adjusted ES = 0.002, p=.96, + unadjusted means/SDs/Ns; Table 18 (p.45) model coefficient/SE; Exec. Summary (p.iii) 'no impact of iRAISE on student achievement'; MDES (p.5).",subagent,high,"PRIMARY full-sample confirmatory TPD-vs-control student reading-literacy contrast. iRAISE had NO overall impact on general reading literacy: adjusted ES = 0.002 (p=.96); unadjusted ES = -0.034 (p=.79). Outcome scores are recalibrated/standardized ETS-scale units (control mean 0.013, SD 0.249; iRAISE unadjusted mean 0.009, SD 0.242). Adjusted means both round to 0.013 (true adjusted mean difference = .0005 units). MODERATION (NOT extracted as separate full-sample rows -- these are interaction coefficients, not clean per-subgroup TPD-vs-control mean contrasts, and the report gives no standalone per-subgroup g): (a) impact increased as incoming reading achievement decreased -- interaction coefficient -.006, SE .003, p=.076 (Table 18), i.e. some evidence iRAISE benefited lower-achieving students more; (b) science-pretest interaction -.004, p=.168 (Table 17); (c) by science subject (Table 21): earth/general science impact -.032 (p=.21), with additional impact for biology +.050 (p=.103), chemistry +.013 (p=.682), physics +.054 (p=.103), overall subject-difference p=.17; (d) ELL interaction p=.453 (Table 19, only 13 LEP students); (e) SES interaction -.013, p=.180 favoring higher-SES (Table 20). A sensitivity analysis dropping 6 schools with possibly pre-exposed teachers did not change the result. TEACHER OUTCOMES (NOT student achievement, excluded per spec): significant positive impacts on classroom practice/teacher confidence, ES 0.236-0.619 (e.g. teacher confidence in literacy instruction ES=0.619, p=.004; students practicing comprehension strategies ES=0.516, p=.001; Table 14). For context, the sibling face-to-face RAISE study (Fancsali et al. 2015 = registry row 29) found a +0.32 science-class ES on the same ETS assessment."
jaciw_schellinger_2016-01,jaciw_schellinger_2016,51,jaciw_schellinger_2016,"Jaciw, Schellinger et al. 2016",STEM,3-5,0.12,0.00154,0.0393,857,784,18,,True,True,standardized_independent,"Stanford Achievement Test, 10th ed. (SAT 10) - Mathematics Problem Solving section",1,,"Report's headline pretest-/covariate-adjusted effect size = 0.12 (Table 16, p.54): regression-adjusted (ANCOVA/HLM benchmark) MIF-minus-control mean difference on the SAT 10 Problem Solving scale, standardized by the control-group posttest SD; model includes random grade-level-team effects (cluster-randomized design) + pretest + covariates. Hedges' g = J*d, J = 1 - 3/(4*df-1), df = n_t+n_c-2 = 1639, J = 0.99954, so g = 0.99954*0.12 = 0.1199 ~ 0.12 (small-sample correction negligible). g_se/g_var derived from the report's ACHIEVED sample-based MDES = 0.11 SD for this outcome (footnote 1, p.5; alpha=.05, 80% power): SE = 0.11/2.8016 = 0.0393, g_var = SE^2 = 0.00154; this design-based SE is on the same standardized metric as the ES and reflects the teacher/team-level clustering. impact_estimate holds the adjusted ES (0.12) and impact_se the same design-based SE. mean_t/mean_c/sd_t/sd_c are the UNADJUSTED descriptive posttest scale-score means/SDs from Table 16 (Control 639.96/43.05; MIF 634.23/40.62) -- note the unadjusted ES is -0.14 (favoring control) before pretest adjustment; the report's own cluster-corrected unadjusted Hedges' g (Hedges 2007) is -0.14.",0.12,"Table 16 (p.54): adjusted ES = 0.12, p=.05; unadjusted means/SDs/Ns/teams/schools; MDES footnote 1 (p.5).",subagent,high,"PRIMARY full-sample confirmatory TPD-for-curricula vs business-as-usual student math contrast (the report's pre-registered headline expectation: a positive impact on SAT 10 Problem Solving, the depth/problem-solving-oriented outcome best aligned with the MIF/Singapore-Math/CCSS approach). Adjusted ES = +0.12 (p=.05); unadjusted (cluster-corrected) ES = -0.14 (p=.55) -- the sign flips after pretest adjustment because MIF teams happened to have lower-achieving students at baseline. Per-outcome analytic sample: 1641 students (857 MIF / 784 control) in 18 grade-level teams (9/9) across 18 school-entries (9/9). The report's sensitivity analyses found the Problem Solving impact NOT robust to all model specifications (p ranged .05-.26, Appendix C). The MIF effect did NOT vary by pretest level (Table 19 interaction coef 0.04, p=.97) or by minority status. TEACHER/IMPLEMENTATION outcomes (NOT student achievement, excluded per spec) and moderation analyses are reported separately."
jaciw_schellinger_2016-02,jaciw_schellinger_2016,51,jaciw_schellinger_2016,"Jaciw, Schellinger et al. 2016",STEM,3-5,0.14,0.00413,0.0642,835,792,18,,True,True,standardized_independent,"Stanford Achievement Test, 10th ed. (SAT 10) - Mathematics Procedures section",1,,"Report's pretest-/covariate-adjusted effect size = 0.14 (Table 17, p.55): regression-adjusted (ANCOVA/HLM benchmark) MIF-minus-control mean difference on the SAT 10 Procedures scale, standardized by the control-group posttest SD; random grade-level-team effects + pretest + covariates. Hedges' g = J*d, df = 1625, J = 0.99954, g = 0.99954*0.14 = 0.1399 ~ 0.14. g_se/g_var from the achieved sample-based MDES = 0.18 SD for this outcome (footnote 1, p.5): SE = 0.18/2.8016 = 0.0642, g_var = 0.00413. mean_t/mean_c/sd_t/sd_c are the unadjusted descriptive posttest scale-score means/SDs from Table 17 (Control 634.28/47.33; MIF 630.59/45.05); unadjusted cluster-corrected ES = -0.08.",0.14,"Table 17 (p.55): adjusted ES = 0.14, p=.10; unadjusted means/SDs/Ns; MDES footnote 1 (p.5).",subagent,high,"SECONDARY full-sample TPD-for-curricula vs business-as-usual student math contrast on the SAT 10 Procedures (computation) section. The report a priori EXPECTED a smaller or no impact here (procedures/breadth, less aligned with MIF's depth focus), but observed adjusted ES = +0.14 (p=.10); unadjusted (cluster-corrected) ES = -0.08 (p=.69). Analytic sample 1627 students (835 MIF / 792 control), 18 grade-level teams (9/9). Sensitivity p ranged .09-.68 (not robust to all specifications). SAT 10 Problem Solving and SAT 10 Procedures are the two sections of the SAT 10 Mathematics test but are analyzed as separate outcomes; the report does not report a SAT 10 Mathematics total/composite, so this is recorded as a distinct outcome rather than a subscale of an extracted composite."
jaciw_schellinger_2016-03,jaciw_schellinger_2016,51,jaciw_schellinger_2016,"Jaciw, Schellinger et al. 2016",STEM,3-5,0.05,0.00562,0.075,1126,941,20,,True,True,standardized_independent,Nevada Criterion Referenced Test (CRT) - Mathematics (state criterion-referenced test; z-transformed within grade for analysis),1,,"Report's pretest-/covariate-adjusted effect size = 0.05 (Table 18, p.57): regression-adjusted (ANCOVA/HLM benchmark) MIF-minus-control mean difference on the (within-grade z-transformed) Nevada CRT, standardized by the control-group posttest SD; random grade-level-team effects + pretest + covariates. Because the CRT is not vertically scaled, the report z-transformed posttests within grade (control mean 0, SD 1), so the descriptive means/SDs are in z-units. Hedges' g = J*d, df = 2065, J = 0.99964, g = 0.99964*0.05 = 0.0500 ~ 0.05. g_se/g_var from the achieved sample-based MDES = 0.21 SD for this outcome (footnote 1, p.5): SE = 0.21/2.8016 = 0.0750, g_var = 0.00562. mean_t/mean_c/sd_t/sd_c are the unadjusted descriptive z-scaled posttest means/SDs from Table 18 (Control 0.00/1.00; MIF -0.02/1.07); unadjusted cluster-corrected ES = -0.02.",0.05,"Table 18 (p.57): adjusted ES = 0.05, p=.54; unadjusted z-scaled means/SDs/Ns; MDES footnote 1 (p.5).",subagent,high,"SECONDARY full-sample TPD-for-curricula vs business-as-usual student math contrast on the Nevada state CRT (math). The report a priori expected NO positive impact on the state test (Nevada standards/test not fully shifted to CCSS), and indeed adjusted ES = +0.05 (p=.54, no confidence in a real difference); unadjusted (cluster-corrected) ES = -0.02 (p=.88). Largest analytic sample: 2067 students (1126 MIF / 941 control) in 20 grade-level teams (11 MIF / 9 control), 20 school-entries (11/9). Sensitivity p ranged .28-.91; all consistent with no impact. The CRT is the most-independent of the three measures (an off-the-shelf state criterion-referenced test)."
jacob_2017-01,jacob_2017,52,jacob_2017,Jacob 2017,STEM,4,0.03,0.0072,0.0849,,,56,,True,True,researcher_made,Researcher-developed (study-administered) mathematics assessment,0,researcher_made,Reported Cohen's d (ES) from Table 8 = beta/SD_pool; g = J*d with J=0.998 (approx grade N~480) ~ unchanged at 2 dp. g_se from propagating HLM cluster-adjusted SE of beta to standardized scale: g_se = SE*|ES/beta| = 1.16*0.03/0.41 = 0.085; g_var = g_se^2. Standardized by within-grade student-level SD (~13.7).,0.41,Table 8 (p. 67); narrative p. 36,subagent,high,"STEM=math. End-of-treatment wave (T4=Year 3). Other waves: T2 (Yr1) d=0.00 (beta=-0.01, SE=0.60); T3 (Yr2) d=0.10 (beta=1.30, SE=0.95). All non-significant. T4 total sample n=963 students / 56 classrooms across grades 4-5."
jacob_2017-02,jacob_2017,52,jacob_2017,Jacob 2017,STEM,5,0.02,0.0074,0.0858,,,56,,True,True,researcher_made,Researcher-developed (study-administered) mathematics assessment,0,researcher_made,Reported Cohen's d (ES) from Table 8 = beta/SD_pool; g = J*d with J=0.998 ~ unchanged at 2 dp. g_se = SE*|ES/beta| = 1.33*0.02/0.31 = 0.086; g_var = g_se^2. Standardized by within-grade student-level SD (~15.5).,0.31,Table 8 (p. 67),subagent,high,"STEM=math. End-of-treatment wave (T4=Year 3). Other waves: T2 (Yr1) d=0.08 (beta=0.90, SE=0.58); T3 (Yr2) d=0.00 (beta=0.04, SE=0.74). All non-significant."
jacob_2017-03,jacob_2017,52,jacob_2017,Jacob 2017,STEM,4,0.05,0.0217,0.1474,,,56,,True,True,standardized_independent,State standardized mathematics assessment (Pearson Education),1,,Reported Cohen's d (ES) from Table 8 = beta/SD_pool; g = J*d with J=0.998 ~ unchanged at 2 dp. g_se = SE*|ES/beta| = 9.73*0.05/3.30 = 0.147; g_var = g_se^2. Standardized by within-grade state-test student-level SD (~66).,3.3,Table 8 (p. 67),subagent,high,"STEM=math; independent state standardized test (the measure type the meta-analysis prefers). End-of-treatment wave (T4=Year 3). Other waves: T2 (Yr1) d=-0.03 (beta=-2.14, SE=4.85); T3 (Yr2) d=0.04 (beta=3.62, SE=5.64). All non-significant. State test changed format/content between Yr1 and Yr2-3."
jacob_2017-04,jacob_2017,52,jacob_2017,Jacob 2017,STEM,5,-0.06,0.0073,0.0854,,,56,,True,True,standardized_independent,State standardized mathematics assessment (Pearson Education),1,,Reported Cohen's d (ES) from Table 8; sign corrected to NEGATIVE because beta=-4.18 favors control while Table 8 prints ES=+0.06 (treated as a sign typo; every other Table-8 cell preserves beta's sign). g = J*d with J=0.998 ~ -0.06. g_se = SE*|ES/beta| = 5.95*0.06/4.18 = 0.085; g_var = g_se^2. Standardized by within-grade state-test student-level SD (~70).,-4.18,Table 8 (p. 67),subagent,high,"STEM=math; independent state standardized test. End-of-treatment wave (T4=Year 3). SIGN: beta=-4.18 (favors control), so g recorded as -0.06 despite Table 8 printing ES=+0.06 (likely typo). Other waves: T2 (Yr1) d=-0.02 (beta=-2.01, SE=4.47); T3 (Yr2) d=0.08 (beta=1.61, SE=5.98). All non-significant."
james_burdumy_2010-01,james_burdumy_2010,54,james_burdumy_2010,James-Burdumy et al. 2010,Reading,5,-0.04,0.002256,0.0475,1245,1362,38,,True,True,standardized_independent,"Composite reading comprehension (z-score average of GRADE, ETS social studies RC, ETS science RC)",1,,Reported standardized impact = regression-adjusted (HLM/ANCOVA-style) impact divided by control-group SD (Glass-delta style; report Table III.7). Recorded as g with Hedges small-sample correction J=0.9997 applied (negligible at this n; g~=reported ES). g_se derived from reported ES and the UNADJUSTED two-tailed p-value (Table K.1): SE=|ES|/qnorm(1-p/2); g_se=J*SE; g_var=g_se^2. Approximate due to 2-decimal rounding of ES and p.,-0.04,Table III.7 (p.118-119) impacts & effect sizes; Table K.1 (p.K.3-K.4) unadjusted p-values; n in Table III.7 continued (p.119); #schools Table III.2 (p.111),subagent,high,"Cohort 1 (first cohort, schools had NO prior experience with curriculum) end-of-fifth-grade post-test = immediate post-treatment wave. Reported effect size for this contrast = -0.04. OTHER WAVES (not extracted as primary): Cohort 2 (spring 2008, schools w/ 1 yr experience) effect size = 0.06; Cohort 1 sixth-grade follow-up (spring 2008, one year after intervention ended) shown in Table IV.3 / exec-summary Figures 1-4. p-values reported in Table III.7 are adjusted for multiple comparisons; unadjusted p used here for SE recovery. Impact model controlled for baseline GRADE & TOSCRF, demographics, district fixed effects; multilevel (clustering of students within schools accounted for)."
james_burdumy_2010-02,james_burdumy_2010,54,james_burdumy_2010,James-Burdumy et al. 2010,Reading,5,-0.05,0.00253,0.0503,1245,1362,38,,True,True,standardized_independent,GRADE Passage Comprehension subtest (Group Reading Assessment and Diagnostic Evaluation),0,redundant_subscale,Reported standardized impact = regression-adjusted (HLM/ANCOVA-style) impact divided by control-group SD (Glass-delta style; report Table III.7). Recorded as g with Hedges small-sample correction J=0.9997 applied (negligible at this n; g~=reported ES). g_se derived from reported ES and the UNADJUSTED two-tailed p-value (Table K.1): SE=|ES|/qnorm(1-p/2); g_se=J*SE; g_var=g_se^2. Approximate due to 2-decimal rounding of ES and p.,-0.64,Table III.7 (p.118-119) impacts & effect sizes; Table K.1 (p.K.3-K.4) unadjusted p-values; n in Table III.7 continued (p.119); #schools Table III.2 (p.111),subagent,high,"Cohort 1 (first cohort, schools had NO prior experience with curriculum) end-of-fifth-grade post-test = immediate post-treatment wave. Reported effect size for this contrast = -0.05. OTHER WAVES (not extracted as primary): Cohort 2 (spring 2008, schools w/ 1 yr experience) effect size = -0.01; Cohort 1 sixth-grade follow-up (spring 2008, one year after intervention ended) shown in Table IV.3 / exec-summary Figures 1-4. p-values reported in Table III.7 are adjusted for multiple comparisons; unadjusted p used here for SE recovery. Impact model controlled for baseline GRADE & TOSCRF, demographics, district fixed effects; multilevel (clustering of students within schools accounted for)."
james_burdumy_2010-03,james_burdumy_2010,54,james_burdumy_2010,James-Burdumy et al. 2010,Reading,5,-0.01,0.001282,0.0358,1245,1362,38,,True,True,standardized_independent,ETS Social Studies Reading Comprehension Assessment,0,redundant_subscale,Reported standardized impact = regression-adjusted (HLM/ANCOVA-style) impact divided by control-group SD (Glass-delta style; report Table III.7). Recorded as g with Hedges small-sample correction J=0.9997 applied (negligible at this n; g~=reported ES). g_se derived from reported ES and the UNADJUSTED two-tailed p-value (Table K.1): SE=|ES|/qnorm(1-p/2); g_se=J*SE; g_var=g_se^2. Approximate due to 2-decimal rounding of ES and p.,-0.38,Table III.7 (p.118-119) impacts & effect sizes; Table K.1 (p.K.3-K.4) unadjusted p-values; n in Table III.7 continued (p.119); #schools Table III.2 (p.111),subagent,high,"Cohort 1 (first cohort, schools had NO prior experience with curriculum) end-of-fifth-grade post-test = immediate post-treatment wave. Reported effect size for this contrast = -0.01. OTHER WAVES (not extracted as primary): Cohort 2 (spring 2008, schools w/ 1 yr experience) effect size = 0.16; Cohort 1 sixth-grade follow-up (spring 2008, one year after intervention ended) shown in Table IV.3 / exec-summary Figures 1-4. p-values reported in Table III.7 are adjusted for multiple comparisons; unadjusted p used here for SE recovery. Impact model controlled for baseline GRADE & TOSCRF, demographics, district fixed effects; multilevel (clustering of students within schools accounted for)."
james_burdumy_2010-04,james_burdumy_2010,54,james_burdumy_2010,James-Burdumy et al. 2010,Reading,5,-0.04,0.004264,0.0653,1245,1362,38,,True,True,standardized_independent,ETS Science Reading Comprehension Assessment,0,redundant_subscale,Reported standardized impact = regression-adjusted (HLM/ANCOVA-style) impact divided by control-group SD (Glass-delta style; report Table III.7). Recorded as g with Hedges small-sample correction J=0.9997 applied (negligible at this n; g~=reported ES). g_se derived from reported ES and the UNADJUSTED two-tailed p-value (Table K.1): SE=|ES|/qnorm(1-p/2); g_se=J*SE; g_var=g_se^2. Approximate due to 2-decimal rounding of ES and p.,-1.07,Table III.7 (p.118-119) impacts & effect sizes; Table K.1 (p.K.3-K.4) unadjusted p-values; n in Table III.7 continued (p.119); #schools Table III.2 (p.111),subagent,high,"Cohort 1 (first cohort, schools had NO prior experience with curriculum) end-of-fifth-grade post-test = immediate post-treatment wave. Reported effect size for this contrast = -0.04. OTHER WAVES (not extracted as primary): Cohort 2 (spring 2008, schools w/ 1 yr experience) effect size = 0.06; Cohort 1 sixth-grade follow-up (spring 2008, one year after intervention ended) shown in Table IV.3 / exec-summary Figures 1-4. p-values reported in Table III.7 are adjusted for multiple comparisons; unadjusted p used here for SE recovery. Impact model controlled for baseline GRADE & TOSCRF, demographics, district fixed effects; multilevel (clustering of students within schools accounted for)."
james_burdumy_2010-05,james_burdumy_2010,55,james_burdumy_2010,James-Burdumy et al. 2010,Reading,5,-0.08,0.002228,0.0472,1228,1362,37,,True,True,standardized_independent,"Composite reading comprehension (z-score average of GRADE, ETS social studies RC, ETS science RC)",1,,Reported standardized impact = regression-adjusted (HLM/ANCOVA-style) impact divided by control-group SD (Glass-delta style; report Table III.7). Recorded as g with Hedges small-sample correction J=0.9997 applied (negligible at this n; g~=reported ES). g_se derived from reported ES and the UNADJUSTED two-tailed p-value (Table K.1): SE=|ES|/qnorm(1-p/2); g_se=J*SE; g_var=g_se^2. Approximate due to 2-decimal rounding of ES and p.,-0.07,Table III.7 (p.118-119) impacts & effect sizes; Table K.1 (p.K.3-K.4) unadjusted p-values; n in Table III.7 continued (p.119); #schools Table III.2 (p.111),subagent,high,"Cohort 1 (first cohort, schools had NO prior experience with curriculum) end-of-fifth-grade post-test = immediate post-treatment wave. Reported effect size for this contrast = -0.08. OTHER WAVES (not extracted as primary): Cohort 2 (spring 2008, schools w/ 1 yr experience) effect size = -0.02; Cohort 1 sixth-grade follow-up (spring 2008, one year after intervention ended) shown in Table IV.3 / exec-summary Figures 1-4. p-values reported in Table III.7 are adjusted for multiple comparisons; unadjusted p used here for SE recovery. Impact model controlled for baseline GRADE & TOSCRF, demographics, district fixed effects; multilevel (clustering of students within schools accounted for)."
james_burdumy_2010-06,james_burdumy_2010,55,james_burdumy_2010,James-Burdumy et al. 2010,Reading,5,-0.06,0.002098,0.0458,1228,1362,37,,True,True,standardized_independent,GRADE Passage Comprehension subtest (Group Reading Assessment and Diagnostic Evaluation),0,redundant_subscale,Reported standardized impact = regression-adjusted (HLM/ANCOVA-style) impact divided by control-group SD (Glass-delta style; report Table III.7). Recorded as g with Hedges small-sample correction J=0.9997 applied (negligible at this n; g~=reported ES). g_se derived from reported ES and the UNADJUSTED two-tailed p-value (Table K.1): SE=|ES|/qnorm(1-p/2); g_se=J*SE; g_var=g_se^2. Approximate due to 2-decimal rounding of ES and p.,-0.76,Table III.7 (p.118-119) impacts & effect sizes; Table K.1 (p.K.3-K.4) unadjusted p-values; n in Table III.7 continued (p.119); #schools Table III.2 (p.111),subagent,high,"Cohort 1 (first cohort, schools had NO prior experience with curriculum) end-of-fifth-grade post-test = immediate post-treatment wave. Reported effect size for this contrast = -0.06. OTHER WAVES (not extracted as primary): Cohort 2 (spring 2008, schools w/ 1 yr experience) effect size = -0.04; Cohort 1 sixth-grade follow-up (spring 2008, one year after intervention ended) shown in Table IV.3 / exec-summary Figures 1-4. p-values reported in Table III.7 are adjusted for multiple comparisons; unadjusted p used here for SE recovery. Impact model controlled for baseline GRADE & TOSCRF, demographics, district fixed effects; multilevel (clustering of students within schools accounted for)."
james_burdumy_2010-07,james_burdumy_2010,55,james_burdumy_2010,James-Burdumy et al. 2010,Reading,5,-0.08,0.0025,0.05,1228,1362,37,,True,True,standardized_independent,ETS Social Studies Reading Comprehension Assessment,0,redundant_subscale,Reported standardized impact = regression-adjusted (HLM/ANCOVA-style) impact divided by control-group SD (Glass-delta style; report Table III.7). Recorded as g with Hedges small-sample correction J=0.9997 applied (negligible at this n; g~=reported ES). g_se derived from reported ES and the UNADJUSTED two-tailed p-value (Table K.1): SE=|ES|/qnorm(1-p/2); g_se=J*SE; g_var=g_se^2. Approximate due to 2-decimal rounding of ES and p.,-2.28,Table III.7 (p.118-119) impacts & effect sizes; Table K.1 (p.K.3-K.4) unadjusted p-values; n in Table III.7 continued (p.119); #schools Table III.2 (p.111),subagent,high,"Cohort 1 (first cohort, schools had NO prior experience with curriculum) end-of-fifth-grade post-test = immediate post-treatment wave. Reported effect size for this contrast = -0.08. OTHER WAVES (not extracted as primary): Cohort 2 (spring 2008, schools w/ 1 yr experience) effect size = 0.02; Cohort 1 sixth-grade follow-up (spring 2008, one year after intervention ended) shown in Table IV.3 / exec-summary Figures 1-4. p-values reported in Table III.7 are adjusted for multiple comparisons; unadjusted p used here for SE recovery. Impact model controlled for baseline GRADE & TOSCRF, demographics, district fixed effects; multilevel (clustering of students within schools accounted for)."
james_burdumy_2010-08,james_burdumy_2010,55,james_burdumy_2010,James-Burdumy et al. 2010,Reading,5,-0.1,0.004816,0.0694,1228,1362,37,,True,True,standardized_independent,ETS Science Reading Comprehension Assessment,0,redundant_subscale,Reported standardized impact = regression-adjusted (HLM/ANCOVA-style) impact divided by control-group SD (Glass-delta style; report Table III.7). Recorded as g with Hedges small-sample correction J=0.9997 applied (negligible at this n; g~=reported ES). g_se derived from reported ES and the UNADJUSTED two-tailed p-value (Table K.1): SE=|ES|/qnorm(1-p/2); g_se=J*SE; g_var=g_se^2. Approximate due to 2-decimal rounding of ES and p.,-2.71,Table III.7 (p.118-119) impacts & effect sizes; Table K.1 (p.K.3-K.4) unadjusted p-values; n in Table III.7 continued (p.119); #schools Table III.2 (p.111),subagent,high,"Cohort 1 (first cohort, schools had NO prior experience with curriculum) end-of-fifth-grade post-test = immediate post-treatment wave. Reported effect size for this contrast = -0.1. OTHER WAVES (not extracted as primary): Cohort 2 (spring 2008, schools w/ 1 yr experience) effect size = -0.01; Cohort 1 sixth-grade follow-up (spring 2008, one year after intervention ended) shown in Table IV.3 / exec-summary Figures 1-4. p-values reported in Table III.7 are adjusted for multiple comparisons; unadjusted p used here for SE recovery. Impact model controlled for baseline GRADE & TOSCRF, demographics, district fixed effects; multilevel (clustering of students within schools accounted for)."
james_burdumy_2010-09,james_burdumy_2010,56,james_burdumy_2010,James-Burdumy et al. 2010,Reading,5,-0.01,0.003733,0.0611,1319,1362,38,,True,True,standardized_independent,"Composite reading comprehension (z-score average of GRADE, ETS social studies RC, ETS science RC)",1,,Reported standardized impact = regression-adjusted (HLM/ANCOVA-style) impact divided by control-group SD (Glass-delta style; report Table III.7). Recorded as g with Hedges small-sample correction J=0.9997 applied (negligible at this n; g~=reported ES). g_se derived from reported ES and the UNADJUSTED two-tailed p-value (Table K.1): SE=|ES|/qnorm(1-p/2); g_se=J*SE; g_var=g_se^2. Approximate due to 2-decimal rounding of ES and p.,-0.01,Table III.7 (p.118-119) impacts & effect sizes; Table K.1 (p.K.3-K.4) unadjusted p-values; n in Table III.7 continued (p.119); #schools Table III.2 (p.111),subagent,high,"Cohort 1 (first cohort, schools had NO prior experience with curriculum) end-of-fifth-grade post-test = immediate post-treatment wave. Reported effect size for this contrast = -0.01. OTHER WAVES (not extracted as primary): Cohort 2 (spring 2008, schools w/ 1 yr experience) effect size = 0.0; Cohort 1 sixth-grade follow-up (spring 2008, one year after intervention ended) shown in Table IV.3 / exec-summary Figures 1-4. p-values reported in Table III.7 are adjusted for multiple comparisons; unadjusted p used here for SE recovery. Impact model controlled for baseline GRADE & TOSCRF, demographics, district fixed effects; multilevel (clustering of students within schools accounted for)."
james_burdumy_2010-10,james_burdumy_2010,56,james_burdumy_2010,James-Burdumy et al. 2010,Reading,5,-0.01,0.00117,0.0342,1319,1362,38,,True,True,standardized_independent,GRADE Passage Comprehension subtest (Group Reading Assessment and Diagnostic Evaluation),0,redundant_subscale,Reported standardized impact = regression-adjusted (HLM/ANCOVA-style) impact divided by control-group SD (Glass-delta style; report Table III.7). Recorded as g with Hedges small-sample correction J=0.9997 applied (negligible at this n; g~=reported ES). g_se derived from reported ES and the UNADJUSTED two-tailed p-value (Table K.1): SE=|ES|/qnorm(1-p/2); g_se=J*SE; g_var=g_se^2. Approximate due to 2-decimal rounding of ES and p.,-0.19,Table III.7 (p.118-119) impacts & effect sizes; Table K.1 (p.K.3-K.4) unadjusted p-values; n in Table III.7 continued (p.119); #schools Table III.2 (p.111),subagent,high,"Cohort 1 (first cohort, schools had NO prior experience with curriculum) end-of-fifth-grade post-test = immediate post-treatment wave. Reported effect size for this contrast = -0.01. OTHER WAVES (not extracted as primary): Cohort 2 (spring 2008, schools w/ 1 yr experience) effect size = -0.02; Cohort 1 sixth-grade follow-up (spring 2008, one year after intervention ended) shown in Table IV.3 / exec-summary Figures 1-4. p-values reported in Table III.7 are adjusted for multiple comparisons; unadjusted p used here for SE recovery. Impact model controlled for baseline GRADE & TOSCRF, demographics, district fixed effects; multilevel (clustering of students within schools accounted for)."
james_burdumy_2010-11,james_burdumy_2010,56,james_burdumy_2010,James-Burdumy et al. 2010,Reading,5,-0.05,0.005761,0.0759,1319,1362,38,,True,True,standardized_independent,ETS Social Studies Reading Comprehension Assessment,0,redundant_subscale,Reported standardized impact = regression-adjusted (HLM/ANCOVA-style) impact divided by control-group SD (Glass-delta style; report Table III.7). Recorded as g with Hedges small-sample correction J=0.9997 applied (negligible at this n; g~=reported ES). g_se derived from reported ES and the UNADJUSTED two-tailed p-value (Table K.1): SE=|ES|/qnorm(1-p/2); g_se=J*SE; g_var=g_se^2. Approximate due to 2-decimal rounding of ES and p.,-1.36,Table III.7 (p.118-119) impacts & effect sizes; Table K.1 (p.K.3-K.4) unadjusted p-values; n in Table III.7 continued (p.119); #schools Table III.2 (p.111),subagent,high,"Cohort 1 (first cohort, schools had NO prior experience with curriculum) end-of-fifth-grade post-test = immediate post-treatment wave. Reported effect size for this contrast = -0.05. OTHER WAVES (not extracted as primary): Cohort 2 (spring 2008, schools w/ 1 yr experience) effect size = 0.0; Cohort 1 sixth-grade follow-up (spring 2008, one year after intervention ended) shown in Table IV.3 / exec-summary Figures 1-4. p-values reported in Table III.7 are adjusted for multiple comparisons; unadjusted p used here for SE recovery. Impact model controlled for baseline GRADE & TOSCRF, demographics, district fixed effects; multilevel (clustering of students within schools accounted for)."
james_burdumy_2010-12,james_burdumy_2010,56,james_burdumy_2010,James-Burdumy et al. 2010,Reading,5,0.01,0.00245,0.0495,1319,1362,38,,True,True,standardized_independent,ETS Science Reading Comprehension Assessment,0,redundant_subscale,Reported standardized impact = regression-adjusted (HLM/ANCOVA-style) impact divided by control-group SD (Glass-delta style; report Table III.7). Recorded as g with Hedges small-sample correction J=0.9997 applied (negligible at this n; g~=reported ES). g_se derived from reported ES and the UNADJUSTED two-tailed p-value (Table K.1): SE=|ES|/qnorm(1-p/2); g_se=J*SE; g_var=g_se^2. Approximate due to 2-decimal rounding of ES and p.,0.31,Table III.7 (p.118-119) impacts & effect sizes; Table K.1 (p.K.3-K.4) unadjusted p-values; n in Table III.7 continued (p.119); #schools Table III.2 (p.111),subagent,high,"Cohort 1 (first cohort, schools had NO prior experience with curriculum) end-of-fifth-grade post-test = immediate post-treatment wave. Reported effect size for this contrast = 0.01. OTHER WAVES (not extracted as primary): Cohort 2 (spring 2008, schools w/ 1 yr experience) effect size = 0.02; Cohort 1 sixth-grade follow-up (spring 2008, one year after intervention ended) shown in Table IV.3 / exec-summary Figures 1-4. p-values reported in Table III.7 are adjusted for multiple comparisons; unadjusted p used here for SE recovery. Impact model controlled for baseline GRADE & TOSCRF, demographics, district fixed effects; multilevel (clustering of students within schools accounted for)."
jay_2017-01,jay_2017,57,jay_2017,Jay et al. 2017,Reading,3-6,0.15,0.005857,0.0765,600,677,69,0.1,True,True,standardized_independent,GL Assessment Progress Test in English,1,,"EEF-reported cluster-randomised ANCOVA standardised mean difference (adjusted mean diff / sqrt(sigma_S^2 + sigma_error^2), total variance), from multilevel model controlling for KS1 prior attainment, pupil FSM, school-level %FSM/%EAL/KS2. Taken directly as g. SE derived from reported 95% CI (-0.001, 0.299): SE = (0.299-(-0.001))/(2*1.96); g_var = SE^2.",0.15,p.26 Table 7 (full-sample primary analysis); also p.5 Table 1 (exec summary),subagent,high,"English -> Reading per spec. Full-sample main-effects model. n=600/677 are pupils assigned to the GL English test; n in model = 1,198 (569 int; 629 ctrl). p = 0.05 (CI lower bound -0.001). GL Assessment is an independently published standardized commercial test."
jay_2017-02,jay_2017,57,jay_2017,Jay et al. 2017,STEM,3-6,0.09,0.003686,0.0607,618,704,69,0.1,True,True,standardized_independent,GL Assessment Progress Test in Maths,1,,"EEF-reported cluster-randomised ANCOVA standardised mean difference (total variance), multilevel model controlling for KS1, pupil FSM, school %FSM/%EAL/KS2. Taken directly as g. SE derived from reported 95% CI (-0.039, 0.199): SE = (0.199-(-0.039))/(2*1.96); g_var = SE^2.",0.09,p.26 Table 7 (full-sample primary analysis); also p.5 Table 1 (exec summary),subagent,high,"Maths -> STEM per spec. n=618/704 pupils assigned to GL Maths; n in model = 1,239 (577 int; 662 ctrl). p = 0.19 (not statistically significant)."
jay_2017-03,jay_2017,57,jay_2017,Jay et al. 2017,STEM,3-6,0.12,0.003121,0.0559,614,699,69,0.1,True,True,standardized_independent,GL Assessment Progress Test in Science,1,,"EEF-reported cluster-randomised ANCOVA standardised mean difference (total variance), multilevel model controlling for KS1, pupil FSM, school %FSM/%EAL/KS2. Taken directly as g. SE derived from reported 95% CI (0.007, 0.226): SE = (0.226-0.007)/(2*1.96); g_var = SE^2.",0.12,p.26 Table 7 (full-sample primary analysis); also p.5 Table 1 (exec summary),subagent,high,"Science -> STEM per spec. n=614/699 pupils assigned to GL Science; n in model = 1,223 (578 int; 645 ctrl). p = 0.04 (statistically significant)."
jerrim_2015-01,jerrim_2015,58,jerrim_2015,Jerrim et al. 2015,STEM,3-6,0.055,0.002116,0.046,3251,2687,44,0.077,True,True,standardized_independent,GL Assessment Progress in Maths (PiM) - total score,1,,"ANCOVA/OLS regression coefficient on the Intervention dummy; dependent variable = total PiM raw score standardised to mean 0, SD 1, so Beta is a standardized mean difference (= adjusted mean diff / SD). Recorded directly as g (J correction negligible at N=5,919). SE = report's school-clustered (Huber-White, STATA svy) SE; g_var = SE^2.",0.055,"p.33 Table 9 (All children, Intervention row); also p.6 Table (exec summary, +0.06 / -0.04 to +0.15)",subagent,high,"Headline/confirmatory outcome. Maths -> STEM per spec. Total PiM score across calculator + non-calculator sections (raw max 50 marks). Not statistically significant (p>0.05). N=5,919 in regression (19 obs dropped for missing covariates); analysis sample 5,938 pupils. PiM is a commercially published, independently developed standardized maths test (GL Assessment). Around 40% of PiM questions cover content outside the Year 7 MM curriculum."
jerrim_2015-02,jerrim_2015,58,jerrim_2015,Jerrim et al. 2015,STEM,3-6,0.077,0.002401,0.049,3251,2687,44,0.077,True,True,standardized_independent,GL Assessment Progress in Maths (PiM) - non-calculator section,0,redundant_subscale,"OLS regression coefficient on Intervention dummy; dependent variable = non-calculator section score, z-standardised to mean 0/SD 1 (report states based upon Hedges' G). Recorded directly as g. SE = school-clustered SE; g_var = SE^2.",0.077,"p.37 Table 11 (All children, Intervention row); text p.35",subagent,high,"Subscale of total PiM (32 of 50 raw marks). t=1.56, p=0.13, 95% CI -0.02 to +0.18. N=5,871 in regression. This section aligns with content the MM Year 7 curriculum focuses on."
jerrim_2015-03,jerrim_2015,58,jerrim_2015,Jerrim et al. 2015,STEM,3-6,0.004,0.001444,0.038,3251,2687,44,0.077,True,True,standardized_independent,GL Assessment Progress in Maths (PiM) - calculator section,0,redundant_subscale,"OLS regression coefficient on Intervention dummy; dependent variable = calculator section score, z-standardised to mean 0/SD 1 (report states based upon Hedges' G). Recorded directly as g. SE = school-clustered SE; g_var = SE^2.",0.004,"p.35 Table 10 (All children, Intervention row); text p.34",subagent,high,"Subscale of total PiM (18 of 50 raw marks). Effectively zero effect (95% CI -0.07 to +0.08). MM Year 7 pupils do not work with calculators, yet no negative side-effect observed. N=5,887 in regression."
jerrim_2015-04,jerrim_2015,58,jerrim_2015,Jerrim et al. 2015,STEM,3-6,0.066,0.002601,0.051,,,44,0.077,True,True,standardized_independent,GL Assessment Progress in Maths (PiM) - total score (FSM-eligible pupils only),0,subgroup,"ANCOVA/OLS regression coefficient on Intervention dummy, sample restricted to FSM-eligible pupils; DV standardised to mean 0/SD 1. Recorded directly as g. SE = school-clustered SE; g_var = SE^2.",0.066,"p.33 Table 9 (FSM only, Intervention row); also p.6 exec-summary table (+0.07 / -0.04 to +0.17)",subagent,high,"Non-randomised FSM-eligible subgroup of the total-PiM primary outcome. N=1,610 (FSM regression). Provided for reference; is_full_sample=false. EEF gives no evidence rating for sub-group analyses."
kitmitto_2018-01,kitmitto_2018,59,kitmitto_2018,Kitmitto et al. 2018,STEM,3-6,0.01,0.00211,0.0459,3843,3963,200,0.15,True,True,standardized_independent,"Study-delivered standardised science assessment (IEE/University of York; item bank from Russell & McGuigan 2001; raw score range 0-41), administered to all pupils at end of Year 5",1,,"Report's own model-based Hedges' g (Table 8 & Table 9, p.26): d = regression-adjusted school-level treatment coefficient (adjusted difference in means = 0.08) divided by the unadjusted pooled SD of the science assessment (pooled variance 39.29 -> pooled SD 6.268), giving d = 0.08/6.268 = 0.013, reported as g = 0.01. Model = 3-level mixed model with KS1 maths and reading/writing pretest covariates. J = 1 - 3/(4*df-1) with df = 7806-2 = 0.99990, so g = J*d = reported 0.01. g_se back-computed from the report's 95% CI (-0.08, 0.10): g_se = (0.10-(-0.08))/(2*1.95996) = 0.0459; g_var = g_se^2 = 0.00211. CI is from the multilevel impact model and already accounts for school clustering.",0.08,"p.5 Table 1 (Summary of impact on primary outcome); p.26 Table 8 (Primary analysis results) & Table 9 (effect size estimation); also p.30 Table 18 (compliance/CACE, same g 0.01)",subagent,high,"Headline confirmatory outcome. Hedges' g = 0.01, 95% CI (-0.08, 0.10), p = 0.791 (not significant); estimated 0 additional months' progress; EEF security rating high (4/5 padlocks). Raw mean science score 19.48 (treatment) vs 19.62 (control) on a 0-41 scale; treatment pupils started with slightly lower KS1 attainment, hence the negative raw difference (-0.14) but slightly positive covariate-adjusted impact (+0.08 points). n_clusters = 102 treatment + 98 control = 200 schools; level-2 (school) ICC at analysis = 0.15 (Table 4). Additional-covariate models (Table 12, school FSM/N-teachers/region +/- pupil covariates) gave g = 0.02 (p = 0.668 / 0.635) - robustness checks, not the primary estimate. CACE/compliance estimate (Table 18) identical g = 0.01. This is the single TPD-vs-business-as-usual student science-achievement contrast for the meta-analysis."
kitmitto_2018-02,kitmitto_2018,59,kitmitto_2018,Kitmitto et al. 2018,STEM,3-6,0.05,0.00407,0.0638,1033,967,200,0.16,True,True,standardized_independent,Study-delivered standardised science assessment (IEE/University of York; raw score range 0-41),0,subgroup,"Report's model-based Hedges' g for the ever-FSM-eligible subgroup (Table 10 & Table 11, p.27): d = regression-adjusted treatment coefficient (adjusted difference in means = 0.31) divided by the subgroup unadjusted pooled SD (pooled variance 33.86 -> pooled SD 5.819), d = 0.31/5.819 = 0.053, reported g = 0.05. g_se back-computed from reported 95% CI (-0.07, 0.18): g_se = (0.18-(-0.07))/(2*1.95996) = 0.0638; g_var = 0.00407. KS1-adjusted 3-level model on the FSM subsample.",0.31,p.5 Table 1 (Science FSM row); p.27 Table 10 (Subgroup analysis of ever FSM pupils) & Table 11 (effect size estimation),subagent,high,"NON-RANDOMISED subgroup (ever-FSM-eligible pupils only): Hedges' g = 0.05, 95% CI (-0.07, 0.18), p = 0.386 (not significant); ~1 additional month's progress; N = 2,000 pupils (1,033 treatment / 967 control). Interaction model: FSM vs non-FSM differential impact NOT significant (p = 0.330). Included only for completeness per spec; is_full_sample = false. Level-2 ICC for FSM analysis = 0.16 (Table 4). Not the primary contrast."
konstantopoulos_2013-01,konstantopoulos_2013,60,konstantopoulos_2013,Konstantopoulos et al. 2013,STEM,3-6,0.18599,0.005928,0.077,,,56,,True,False,standardized_independent,ISTEP+ (Indiana Statewide Testing for Educational Progress-Plus) mathematics; z-standardized within grade,1,,"Model-based standardized treatment effect (d = 0.186) taken directly from the two-level HLM (outcome z-scored within grade -> estimate is already a standardized mean difference). Hedges J = 1 - 3/(4*df-1) with df = N-2 = 11850 gives J=0.99994, so g = J*d = 0.18599. g_se = J*impact_se = 0.077; g_var = g_se^2 = 0.005928. SE is the HLM model SE (clustering accounted for).",0.186,"p.27, Table 3 (ITT, Grades 3 to 8, Model II: Estimate 0.186*, SE 0.077, N schools=56, N students=11852)",subagent,medium,"ITT, Model II (adds student & school characteristics: age, race, gender, SES, special-ed, LEP, school-level composition; grade fixed effects). p<=.05 (starred). Aggregate over grades 3-8; grades 7-8 are sparse (sensitivity analysis omitting 7-8 gave very similar estimates), so this is a good proxy for the registry's 3-6 STEM band. N students = 11,852 (Model II); N schools = 56. Model I (treatment only) for the same cell: est 0.141, SE 0.088 (ns). TOT Model II grades 3-8: est 0.257*, SE 0.076 (Table 4). For grades 4-6 the authors also ran models adding prior achievement (pretest) and reported results 'similar to those reported here', but those pretest-adjusted figures are not separately tabled, so pretest_adjusted set false for the tabled Model II. Marked composite because it subsumes the grade 3,4,5,6 subscale rows below (and additionally grades 7-8)."
konstantopoulos_2013-02,konstantopoulos_2013,60,konstantopoulos_2013,Konstantopoulos et al. 2013,STEM,3,0.13397,0.008096,0.08998,,,56,,True,False,standardized_independent,ISTEP+ mathematics; z-standardized within grade,0,redundant_subscale,"Standardized treatment effect d = 0.134 from two-level HLM (within-grade z-scored outcome = standardized mean difference). J = 1 - 3/(4*df-1), df = N-2 = 3343, J=0.99978; g = J*d = 0.13397; g_se = J*0.090 = 0.08998; g_var = g_se^2 = 0.008096.",0.134,"p.29, Table 5 (Within-Grade ITT, Grade 3, Model II: Estimate 0.134, SE 0.090, N schools=56, N students=3345)",subagent,medium,"ITT within-grade Model II (covariate-adjusted). Not statistically significant (no star). N students=3,345. Model I (treatment only): 0.060 (SE 0.095). TOT Model II grade 3: 0.190* (SE 0.09, Table 6). Subscale = grade-3 component of the grades 3-8 composite."
konstantopoulos_2013-03,konstantopoulos_2013,60,konstantopoulos_2013,Konstantopoulos et al. 2013,STEM,4,0.10798,0.008645,0.09298,,,56,,True,False,standardized_independent,ISTEP+ mathematics; z-standardized within grade,0,redundant_subscale,"Standardized treatment effect d = 0.108 from two-level HLM (within-grade z-scored outcome). J = 1 - 3/(4*df-1), df = N-2 = 3339, J=0.99978; g = J*d = 0.10798; g_se = J*0.093 = 0.09298; g_var = g_se^2 = 0.008645.",0.108,"p.29, Table 5 (Within-Grade ITT, Grade 4, Model II: Estimate 0.108, SE 0.093, N schools=56, N students=3341)",subagent,medium,"ITT within-grade Model II (covariate-adjusted). Not significant. N students=3,341. Model I: 0.086 (SE 0.111). TOT Model II grade 4: 0.160 (SE 0.099, ns, Table 6). Authors note a prior-achievement (pretest) model was also run for grade 4 with 'similar' results (not tabled). Subscale = grade-4 component of the 3-8 composite."
konstantopoulos_2013-04,konstantopoulos_2013,60,konstantopoulos_2013,Konstantopoulos et al. 2013,STEM,5,0.27094,0.010196,0.10098,,,55,,True,False,standardized_independent,ISTEP+ mathematics; z-standardized within grade,0,redundant_subscale,"Standardized treatment effect d = 0.271 from two-level HLM (within-grade z-scored outcome). J = 1 - 3/(4*df-1), df = N-2 = 3168, J=0.99976; g = J*d = 0.27094; g_se = J*0.101 = 0.10098; g_var = g_se^2 = 0.010196.",0.271,"p.29, Table 5 (Within-Grade ITT, Grade 5, Model II: Estimate 0.271*, SE 0.101, N schools=55, N students=3170)",subagent,medium,"ITT within-grade Model II (covariate-adjusted). Statistically significant (p<=.05, starred); also significant in Model I (0.256*, SE 0.106). N students=3,170. TOT Model II grade 5: 0.334* (SE 0.107, Table 6). Strongest/most consistent effect grade. Prior-achievement (pretest) model also run with 'similar' results (not tabled). Subscale = grade-5 component of the 3-8 composite."
konstantopoulos_2013-05,konstantopoulos_2013,60,konstantopoulos_2013,Konstantopoulos et al. 2013,STEM,6,0.3628,0.020142,0.14192,,,25,,True,False,standardized_independent,ISTEP+ mathematics; z-standardized within grade,0,redundant_subscale,"Standardized treatment effect d = 0.363 from two-level HLM (within-grade z-scored outcome). J = 1 - 3/(4*df-1), df = N-2 = 1375, J=0.99945; g = J*d = 0.36280; g_se = J*0.142 = 0.14192; g_var = g_se^2 = 0.020142.",0.363,"p.29, Table 5 (Within-Grade ITT, Grade 6, Model II: Estimate 0.363*, SE 0.142, N schools=25, N students=1377)",subagent,medium,"ITT within-grade Model II (covariate-adjusted). Statistically significant (p<=.05, starred). Smaller sample (25 schools, 1,377 students). Model I: 0.254 (SE 0.162, ns). TOT Model II grade 6: 0.391* (SE 0.144, Table 6). Prior-achievement (pretest) model also run with 'similar' results (not tabled). Subscale = grade-6 component of the 3-8 composite."
konstantopoulos_2016-01,konstantopoulos_2016,61,konstantopoulos_2016,Konstantopoulos et al. 2016,STEM,3-6,0.17599,0.003969,0.063,,,57,,True,False,standardized_independent,ISTEP+ mathematics (Indiana state test); z-standardized within grade,1,,"Outcome z-standardized within grade (SD=1), so the treatment quantile coefficient is already a standardized difference (d=0.176). 50th-quantile (median) ITT treatment effect used as proxy for the mean SMD. Hedges J = 1 - 3/(4*df-1), df = N_students-2 = 12587, J=0.99994; g = J*d = 0.17599; g_se = J*0.063 = 0.063; g_var = g_se^2 = 0.003969.",0.176,"p.597, Table 3 (Quantile Regression Estimates, ITT; Grades 3 to 6, Mathematics 50th quantile: 0.176*, SE 0.063, schools=57, students=12,589)",subagent,medium,"MEDIAN (50th-quantile) ITT treatment effect, NOT an OLS mean (paper reports only quantile estimates). Statistically significant (p<=.05). Total students with ISTEP+ math in 3-6 band = 12,589 across 57 schools; per-arm n not reported. Lower-tail estimates larger (10th=0.214*, 25th=0.205*); upper tail 75th=0.155*, 90th=0.172*. Broader 'Grades 3-8' ITT median = 0.175* (SE 0.074). TOT 3-6 median = 0.192* (Table 4); IV 3-6 median = 0.177* (Table 5). Acuity (grades 3-8) is the interim-assessment program with associated teacher training ('TPD for curricula' descriptor)."
konstantopoulos_2016-02,konstantopoulos_2016,61,konstantopoulos_2016,Konstantopoulos et al. 2016,Reading,3-6,0.072,0.002209,0.047,,,57,,True,False,standardized_independent,ISTEP+ English language arts / reading (Indiana state test); z-standardized within grade,1,,"Outcome z-standardized within grade (SD=1), so the treatment quantile coefficient is already a standardized difference (d=0.072). 50th-quantile (median) ITT treatment effect used as proxy for the mean SMD. Hedges J = 1 - 3/(4*df-1), df = N_students-2 = 12564, J=0.99994; g = J*d = 0.07200; g_se = J*0.047 = 0.047; g_var = g_se^2 = 0.002209.",0.072,"p.597, Table 3 (Quantile Regression Estimates, ITT; Grades 3 to 6, Reading 50th quantile: 0.072, SE 0.047, schools=57, students=12,566)",subagent,medium,"MEDIAN (50th-quantile) ITT treatment effect, NOT an OLS mean. NOT statistically significant (only the 10th-quantile reading estimate 0.128* was significant). Total students with ISTEP+ reading in 3-6 band = 12,566 across 57 schools; per-arm n not reported. Broader 'Grades 3-8' ITT reading median = 0.060 (SE 0.042, ns). TOT 3-6 reading median = 0.072 (Table 4); IV 3-6 reading median = 0.071 (Table 5)."
konstantopoulos_2016-03,konstantopoulos_2016,62,konstantopoulos_2016,Konstantopoulos et al. 2016,STEM,K-2,0.019,0.006083,0.07799,,,44,,True,False,standardized_independent,TerraNova mathematics (CTB/McGraw-Hill); z-standardized within grade,1,,"Outcome z-standardized within grade (SD=1), so the treatment quantile coefficient is already a standardized difference (d=0.019). 50th-quantile (median) TOT treatment effect (Table 4) used; ITT K-2 not tabled. Hedges J = 1 - 3/(4*df-1), df = N_students-2 = 7515, J=0.99990; g = J*d = 0.01900; g_se = J*0.078 = 0.07799; g_var = g_se^2 = 0.006083.",0.019,"p.599, Table 4 (Quantile Regression Estimates, TOT; Grades K to 2, Mathematics 50th quantile: 0.019, SE 0.078, schools=44, students=7,517)",subagent,medium,"MEDIAN (50th-quantile) TOT treatment effect (mCLASS). NO ITT K-2 row exists in the paper (Table 3 ITT omits K-2); K-2 appears only in TOT Table 4 and single-grade IV Tables 6-7, so this is TOT not ITT. Not statistically significant at any quantile (all K-2 estimates ns). Total K-2 TerraNova math students = 7,517 across 44 schools (only 44 of 50 schools administered TerraNova); per-arm n not reported. Authors conclude mCLASS had no significant K-2 effect, possibly due to TerraNova-mCLASS misalignment. Single-grade IV (Table 6) math medians: K=0.032, G1=-0.028, G2=0.027 (all ns)."
konstantopoulos_2016-04,konstantopoulos_2016,62,konstantopoulos_2016,Konstantopoulos et al. 2016,Reading,K-2,0.026,0.005475,0.07399,,,44,,True,False,standardized_independent,TerraNova reading (CTB/McGraw-Hill); z-standardized within grade,1,,"Outcome z-standardized within grade (SD=1), so the treatment quantile coefficient is already a standardized difference (d=0.026). 50th-quantile (median) TOT treatment effect (Table 4) used; ITT K-2 not tabled. Hedges J = 1 - 3/(4*df-1), df = N_students-2 = 7538, J=0.99990; g = J*d = 0.02600; g_se = J*0.074 = 0.07399; g_var = g_se^2 = 0.005475.",0.026,"p.599, Table 4 (Quantile Regression Estimates, TOT; Grades K to 2, Reading 50th quantile: 0.026, SE 0.074, schools=44, students=7,540)",subagent,medium,"MEDIAN (50th-quantile) TOT treatment effect (mCLASS). NO ITT K-2 row exists in the paper, so this is TOT not ITT. Not statistically significant at any quantile. Total K-2 TerraNova reading students = 7,540 across 44 schools; per-arm n not reported. Several K-2 reading quantile estimates were negative/near-zero. Single-grade IV (Table 6) reading medians: K=-0.041, G1=0.020, G2=0.103 (all ns)."
kutaka_2017-01,kutaka_2017,63,kutaka_2017,Kutaka et al. 2017,STEM,K-2,0.123,0.004323,0.066,,,184,,True,True,standardized_independent,"Test of Early Mathematics Ability, 3rd Edition (TEMA-3) age-adjusted math ability score; outcome modeled as MASD = fall-spring change relative to expected age-adjusted growth",1,,"d = b/s = 1.85/15 = 0.1233, where b is the 'Participation in Primarily Math' fixed effect from the HLM student impact model (Table 6, p.147) and s=15 is the TEMA-3 math ability score population SD (mean 100, SD 15; outcome described p.145). SE(d)=SE(b)/s=0.99/15=0.066, Var(d)=0.004356. Hedges' J=1-3/(4*df-1) with df large (~200 teachers/many students) -> J=0.9962, so g=J*d=0.123, Var(g)=J^2*Var(d)=0.004323, SE(g)=0.066. Standardized by the TEMA-3 reference SD because the paper reports no posttest/gain SD and the impact estimate is in TEMA-3 ability-score units.",1.85,"p.147 Table 6 (impact estimate 1.85, SE 0.99, t=1.88, p=.061; variance components); p.145 (TEMA-3 mean 100, SD 15); p.147-148 results text",subagent,medium,"QED matched-comparison study. Only one student achievement outcome reported (TEMA-3 mathematics). HLM controls for fall math ability score (pretest), SES (building free/reduced lunch %), time, plus teacher-level predictors (Numbers & Operations MKT, Anxiety, Student-Centered Beliefs); model already nests students within teachers so the SE accounts for clustering -> cluster_adjusted=true. Positive g favors Primarily Math. Significant at the study's prespecified alpha=.10 (p=.061) but not at .05. Effect described by authors as 'small but positive,' consistent with g~0.12. Teacher (not student) outcomes (MKT subscales, FSMAS attitudes, MBS beliefs) were NOT extracted per instructions. n_clusters=184 is the count of teachers whose students were tested (Table 1, 80 PM + 104 comparison; K-2 subset ~73+90); student-level Ns not reported. If standardized instead by the model's residual SD (8.35) g would be ~0.221, or by the total MASD SD (sqrt(18.44+4.70+69.7)=9.64) g~0.192 -- the TEMA-3 reference SD of 15 was chosen as the most defensible standardizing SD for an age-normed score and yields the more conservative estimate."
landry_2014-01,landry_2014,64,landry_2014,Landry et al. 2014,Other,toddler (2-3 yr) center-based care,-0.078,0.0121,0.11,,,,,False,False,standardized_independent,Expressive One-Word Picture Vocabulary Test (EOWPVT),1,,"Computed by extractor: d = (M_RECC - M_control)/SD_pooled at Time 3, J small-sample correction (df estimated from N/3 per arm). Standardized by pooled posttest SD. NOT pretest-adjusted; NOT the paper's gain-score/growth-model estimate (paper reported none for cognitive outcomes).",,"p.535 Table 3 (Vocabulary, N=493); narrative p.534-535",subagent,medium,"Authors report this contrast as NON-significant ('no significant group differences ... for growth in vocabulary'). Per-arm n not given (total N=493); g_var/g_se are rough (assume n/arm ~164). Time1 (baseline) M(SD): RECC 15.60(9.69), control 17.55(10.01) -- slight control advantage at baseline."
landry_2014-02,landry_2014,64,landry_2014,Landry et al. 2014,Other,toddler (2-3 yr) center-based care,0.08,0.0121,0.11,,,,,False,False,standardized_independent,Expressive One-Word Picture Vocabulary Test (EOWPVT),1,,"Computed by extractor: d = (M_RECC+ - M_control)/SD_pooled at Time 3, J correction (df from N/3 per arm). NOT pretest-adjusted; not the paper's estimate.",,"p.535 Table 3 (Vocabulary, N=493); narrative p.534-535",subagent,medium,"Authors report NON-significant. Per-arm n not given. Time1 M(SD): RECC+ 17.69(11.36), control 17.55(10.01)."
landry_2014-03,landry_2014,64,landry_2014,Landry et al. 2014,Reading,toddler (2-3 yr) center-based care,-0.163,0.0122,0.111,,,,,False,False,standardized_independent,Pre-CTOPP Print Knowledge subtest (early literacy: letter knowledge / print concepts),1,,"Computed by extractor: d = (M_RECC - M_control)/SD_pooled at Time 3, J correction (df from N/3 per arm). NOT pretest-adjusted; not the paper's estimate.",,"p.535 Table 3 (Early Literacy, N=490); narrative p.534-535",subagent,medium,"Authors report NON-significant. Per-arm n not given (total N=490). Time1 M(SD): RECC 33.28(7.52), control 34.69(7.74). Children who dropped out had significantly lower TOPEL print knowledge at Wave 1 (selective attrition)."
landry_2014-04,landry_2014,64,landry_2014,Landry et al. 2014,Reading,toddler (2-3 yr) center-based care,0.063,0.0122,0.11,,,,,False,False,standardized_independent,Pre-CTOPP Print Knowledge subtest (early literacy: letter knowledge / print concepts),1,,"Computed by extractor: d = (M_RECC+ - M_control)/SD_pooled at Time 3, J correction (df from N/3 per arm). NOT pretest-adjusted; not the paper's estimate.",,"p.535 Table 3 (Early Literacy, N=490); narrative p.534-535",subagent,medium,"Authors report NON-significant. Per-arm n not given. Time1 M(SD): RECC+ 35.05(7.18), control 34.69(7.74)."
landry_2014-05,landry_2014,64,landry_2014,Landry et al. 2014,Other,toddler (2-3 yr) center-based care,-0.24,0.0122,0.111,,,,,False,False,standardized_independent,"Preschool Language Scale-4 (PLS-4), complex receptive language",1,,"Computed by extractor: d = (M_RECC - M_control)/SD_pooled at Time 3, J correction (df from N/3 per arm). NOT pretest-adjusted; not the paper's estimate.",,"p.535 Table 3 (Complex Language, N=492); narrative p.534-535",subagent,medium,Authors report NON-significant. Negative unadjusted posttest g is driven partly by baseline imbalance favoring control: Time1 M(SD) RECC 3.06(4.40) vs control 4.04(5.75); the authors' pretest-adjusted growth model found no significant difference. Per-arm n not given (total N=492).
landry_2014-06,landry_2014,64,landry_2014,Landry et al. 2014,Other,toddler (2-3 yr) center-based care,-0.15,0.0122,0.11,,,,,False,False,standardized_independent,"Preschool Language Scale-4 (PLS-4), complex receptive language",1,,"Computed by extractor: d = (M_RECC+ - M_control)/SD_pooled at Time 3, J correction (df from N/3 per arm). NOT pretest-adjusted; not the paper's estimate.",,"p.535 Table 3 (Complex Language, N=492); narrative p.534-535",subagent,medium,"Authors report NON-significant. Time1 M(SD): RECC+ 3.03(3.74), control 4.04(5.75) -- baseline imbalance favoring control. Per-arm n not given."
landry_2014-07,landry_2014,64,landry_2014,Landry et al. 2014,STEM,toddler (2-3 yr) center-based care,-0.183,0.0122,0.111,,,,,False,False,researcher_made,"Child Math Assessment-Downward Extension (CMA-DE), informal mathematical knowledge",0,researcher_made,"Computed by extractor: d = (M_RECC - M_control)/SD_pooled at Time 3, J correction (df from N/3 per arm). NOT pretest-adjusted; not the paper's estimate.",,"p.535 Table 3 (Early Mathematical Knowledge, N=490); narrative p.534-535",subagent,medium,Authors report NON-significant. CMA-DE is a developer/researcher-made measure (Starkey et al. 2004). Negative unadjusted posttest g partly reflects baseline imbalance favoring control: Time1 M(SD) RECC 16.23(12.92) vs control 19.09(15.07); math fidelity of implementation was rated LOW. Children who dropped out had significantly lower Wave1 math (selective attrition). Per-arm n not given (total N=490).
landry_2014-08,landry_2014,64,landry_2014,Landry et al. 2014,STEM,toddler (2-3 yr) center-based care,0.174,0.0122,0.111,,,,,False,False,researcher_made,"Child Math Assessment-Downward Extension (CMA-DE), informal mathematical knowledge",0,researcher_made,"Computed by extractor: d = (M_RECC+ - M_control)/SD_pooled at Time 3, J correction (df from N/3 per arm). NOT pretest-adjusted; not the paper's estimate.",,"p.535 Table 3 (Early Mathematical Knowledge, N=490); narrative p.534-535",subagent,medium,"Authors report NON-significant. Time1 M(SD): RECC+ 18.48(14.44), control 19.09(15.07). CMA-DE developer-made. Per-arm n not given."
landry_2017-01,landry_2017,65,landry_2017,Landry et al. 2017,Reading,Pre-k,0.0998,0.0092,0.0959,214,220,77,,True,True,standardized_independent,"TOPEL Print Knowledge subtest (Test of Preschool Early Literacy; 36 items: letter recognition, book & print concepts)",1,,"g = J*d with J=0.9983 (df=n_t+n_c-2=432). d=0.10 is the paper's reported Cohen's d for the TEEM-vs-no-TEEM main effect (Table 5, p.47), standardized by the pooled posttest SD within the multilevel ANCOVA framework. b=1.08 is the raw model coefficient. g_var computed as J^2*[(n_t+n_c)/(n_t*n_c)+d^2/(2(n_t+n_c))] since no model SE is reported; g_se=sqrt(g_var).",1.08,"p.47, Table 5 (Cognitive skills -> Print Knowledge -> 'TEEM vs. no TEEM' row); narrative p.47 sec 3.5.2",subagent,medium,TOPEL Print Knowledge subtest = early literacy/print-letter knowledge -> Reading. TEEM main effect non-significant (only the PALS main effect d=0.14 was significant for this outcome). d reported to 2 decimals only; g approximate. cluster_adjusted=true because child analyses used multilevel ANCOVA accounting for classroom nesting (Raudenbush & Bryk 2002). One of three TOPEL subtests; no TOPEL total reported.
landry_2017-02,landry_2017,65,landry_2017,Landry et al. 2017,Reading,Pre-k,0.0998,0.0092,0.0959,214,220,77,,True,True,standardized_independent,TOPEL Phonological Awareness subtest (Test of Preschool Early Literacy; 27 items: elision & blending tasks),1,,"g = J*d with J=0.9983 (df=432). d=0.10 is the paper's reported Cohen's d for the TEEM-vs-no-TEEM main effect (Table 5, p.47), standardized by pooled posttest SD in the multilevel ANCOVA. b=0.49 is the raw model coefficient. g_var = J^2*[(n_t+n_c)/(n_t*n_c)+d^2/(2(n_t+n_c))]; g_se=sqrt(g_var).",0.49,"p.47, Table 5 (Cognitive skills -> Phonological Awareness -> 'TEEM vs. no TEEM' row); narrative p.47-48",subagent,medium,"TOPEL Phonological Awareness subtest -> Reading (early literacy). IMPORTANT QUALIFIER: there is a SIGNIFICANT TEEMxPALS interaction for this outcome (d=-0.33, p<.05) -- children in TEEM classrooms whose parents did NOT receive PALS gained most -- so the TEEM main effect d=0.10 is qualified and should be treated cautiously by central merge. d reported to 2 decimals only; g approximate."
landry_2017-03,landry_2017,65,landry_2017,Landry et al. 2017,Other,Pre-k,0.0499,0.0092,0.0959,214,220,77,,True,True,standardized_independent,Language skills composite factor (EOWPVT expressive vocabulary + PLS-4 Auditory Comprehension + PLS-4 Expressive Communication + TOPEL Definitional Vocabulary),1,,"g = J*d with J=0.9983 (df=432). d=0.05 is the paper's reported Cohen's d for the TEEM-vs-no-TEEM main effect (Table 5, p.47), standardized by pooled posttest SD in the multilevel ANCOVA. b=0.04 is the raw model coefficient. g_var = J^2*[(n_t+n_c)/(n_t*n_c)+d^2/(2(n_t+n_c))]; g_se=sqrt(g_var).",0.04,"p.47, Table 5 (Cognitive skills -> Language skills -> 'TEEM vs. no TEEM' row); composite defined in Table 5 note & sec 2.9.3 (p.44)",subagent,medium,"'Language skills' is a composite factor (oral/receptive/expressive language) formed because the language measures were highly correlated (rs=0.62-0.86); composed of EOWPVT-SBE, PLS-4 Auditory Comprehension, PLS-4 Expressive Communication, and TOPEL Definitional Vocabulary. Mapped to Other (language, not reading/literacy). Component subtests are NOT reported separately, only as this composite. TEEM main effect non-significant and very small (d=0.05). d reported to 2 decimals only; g approximate."
landry_2021-01,landry_2021,66,landry_2021,Landry et al. 2021,Reading,Pre-K,0.08,,,337,293,68,,True,True,standardized_independent,Test of Preschool Early Literacy (TOPEL) - Phonological Awareness,0,no_variance,"Author-reported Hedges' g (Table 4, Main Effect of eTEEM column), computed from adjusted LSM difference standardized by pooled posttest raw-score SD; impact_estimate is the ANCOVA-adjusted LSM difference (b=1.13).",1.13,"p. 160, Table 4 (Academic Outcomes)",subagent,high,"Non-significant. n_t/n_c are analytic-sample cell sums (eTEEM 151+186; No eTEEM 133+160). Posttest completers: eTEEM 233, No eTEEM 219. TOPEL = norm-referenced literacy test -> Reading."
landry_2021-02,landry_2021,66,landry_2021,Landry et al. 2021,Reading,Pre-K,-0.04,,,337,293,68,,True,True,standardized_independent,Test of Preschool Early Literacy (TOPEL) - Print Knowledge,0,no_variance,"Author-reported Hedges' g (Table 4, Main Effect of eTEEM column), computed from adjusted LSM difference standardized by pooled posttest raw-score SD; impact_estimate is the ANCOVA-adjusted LSM difference (b=-0.43).",-0.43,"p. 160, Table 4 (Academic Outcomes)",subagent,high,Non-significant. TOPEL = norm-referenced literacy test -> Reading. Same n's/clusters as the other eTEEM-main-effect rows.
landry_2021-03,landry_2021,66,landry_2021,Landry et al. 2021,Other,Pre-K,-0.03,,,337,293,68,,True,True,standardized_independent,Expressive One-Word Picture Vocabulary Test (EOWPVT),0,no_variance,"Author-reported Hedges' g (Table 4, Main Effect of eTEEM column), computed from adjusted LSM difference standardized by pooled posttest raw-score SD; impact_estimate is the ANCOVA-adjusted LSM difference (b=-0.27).",-0.27,"p. 160, Table 4 (Academic Outcomes)",subagent,high,"Non-significant. EOWPVT = expressive vocabulary/language -> Other (per spec: language -> Other). The eTEEM x ePALS interaction was at trend for this measure (g=0.30, p=0.09) but the main effect is reported and is non-significant."
landry_2021-04,landry_2021,66,landry_2021,Landry et al. 2021,Other,Pre-K,0.09,,,337,293,68,,True,True,standardized_independent,Preschool Language Scale-4th Ed. (PLS-IV) - Auditory Comprehension / Receptive,0,no_variance,"Author-reported Hedges' g (Table 4, Main Effect of eTEEM column), computed from adjusted LSM difference standardized by pooled posttest raw-score SD; impact_estimate is the ANCOVA-adjusted LSM difference (b=0.50).",0.5,"p. 160, Table 4 (Academic Outcomes)",subagent,high,Non-significant. PLS = receptive/expressive language -> Other (per spec: language -> Other).
landry_2021-05,landry_2021,66,landry_2021,Landry et al. 2021,Other,Pre-K,-0.13,,,337,293,68,,True,True,standardized_independent,Preschool Language Scale-4th Ed. (PLS-IV) - Expressive Communication,0,no_variance,"Author-reported Hedges' g (Table 4, Main Effect of eTEEM column), computed from adjusted LSM difference standardized by pooled posttest raw-score SD; impact_estimate is the ANCOVA-adjusted LSM difference (b=-0.88).",-0.88,"p. 160, Table 4 (Academic Outcomes)",subagent,high,Non-significant. PLS = expressive language -> Other (per spec: language -> Other).
landry_2021-06,landry_2021,66,landry_2021,Landry et al. 2021,STEM,Pre-K,0.18,,,337,293,68,,True,True,standardized_independent,Test of Early Mathematics Ability-3rd Ed. (TEMA-3) - total,0,no_variance,"Author-reported Hedges' g (Table 4, Main Effect of eTEEM column), computed from adjusted LSM difference standardized by pooled posttest raw-score SD; impact_estimate is the ANCOVA-adjusted LSM difference (b=2.23).",2.23,"p. 160, Table 4 (Academic Outcomes); text p. 160 confirms LSM=2.23, g=0.18, P<0.06",subagent,high,Trend-level (P<0.06) main effect of eTEEM favoring the PD condition. TEMA = early math -> STEM. Largest of the six academic eTEEM main effects.
lang_2009-01,lang_2009,67,lang_2009,Lang et al. 2009,Reading,9,0.282,0.0098,0.099,207,202,87,0.24,False,True,standardized_independent,"FCAT-SSS Reading, Developmental Scale Score (DSS) gain",0,subgroup,"d = (M_t - M_c)/s_pooled from Table 2 moderate-risk gain means/SDs (READ180 104.53/126.16 vs SOAR 69.85/119.57; s_pooled=122.95); g = J*d, J=0.9982. Matches paper's Glass adj delta .30 (control-SD standardization) and Table 3 fitted-mean diff (104.60-69.00=35.6) /s_pooled = 0.289.",35.6,p.164 Table 2; p.167 Table 3; abstract p.149; pp.169-170,subagent,high,"Headline/abstract result (delta=.30, F=6.31, p=.029): READ 180 significantly outperformed SOAR among moderate-risk readers. Outcome is the gain score (pretest covaried via gain; paper argues residualized change unnecessary given low pretest variability). is_full_sample=false: moderate-risk is a randomized pre-assignment risk stratum, not the whole struggling-reader sample (interaction was significant so no pooled effect is reported)."
lang_2009-02,lang_2009,67,lang_2009,Lang et al. 2009,Reading,9,-0.253,0.0211,0.145,100,90,87,0.24,False,True,standardized_independent,"FCAT-SSS Reading, Developmental Scale Score (DSS) gain",0,subgroup,"d = (M_t - M_c)/s_pooled from Table 2 high-risk gain means/SDs (READ180 124.20/190.88 vs SOAR 170.52/172.58; s_pooled=182.45); g = J*d, J=0.9960. Matches paper's Glass adj delta -0.27 (control-SD) and Table 3 fitted-mean diff (123.92-170.42=-46.5).",-46.5,p.164 Table 2; p.167 Table 3; pp.166-168,subagent,high,"High-risk subgroup: READ 180 was the LEAST effective condition for high-risk readers; difference vs SOAR (delta=-0.27, F=2.72, p=.276) NOT statistically reliable. Negative g = SOAR control gained more. Secondary/subgroup outcome (interaction significant)."
lang_2009-03,lang_2009,68,lang_2009,Lang et al. 2009,Reading,9,0.055,0.0099,0.1,199,202,87,0.24,False,True,standardized_independent,"FCAT-SSS Reading, Developmental Scale Score (DSS) gain",0,subgroup,"d = (M_t - M_c)/s_pooled from Table 2 moderate-risk gain means/SDs (REACH 77.19/145.98 vs SOAR 69.85/119.57; s_pooled=133.33); g = J*d, J=0.9981. Matches paper's Glass adj delta .06 and Table 3 fitted-mean diff (76.75-69.00=7.75).",7.75,p.164 Table 2; p.167 Table 3; p.170,subagent,high,"REACH vs SOAR among moderate-risk readers: delta=.06, F=0.31, p=.645, NOT significant (no reliable difference from control). Primary-wave moderate-risk contrast for this arm. is_full_sample=false (risk stratum)."
lang_2009-04,lang_2009,68,lang_2009,Lang et al. 2009,Reading,9,-0.187,0.022,0.148,91,90,87,0.24,False,True,standardized_independent,"FCAT-SSS Reading, Developmental Scale Score (DSS) gain",0,subgroup,"d = (M_t - M_c)/s_pooled from Table 2 high-risk gain means/SDs (REACH 138.04/172.96 vs SOAR 170.52/172.58; s_pooled=172.77); g = J*d, J=0.9958. Matches paper's Glass adj delta -0.19 and Table 3 fitted-mean diff (139.51-170.42=-30.91).",-30.91,p.164 Table 2; p.167 Table 3; pp.166-168,subagent,high,"High-risk subgroup: REACH vs SOAR delta=-0.19, F=1.34, p=.330, NOT reliable. Negative g = control gained more. Secondary/subgroup outcome."
lang_2009-05,lang_2009,69,lang_2009,Lang et al. 2009,Reading,9,0.271,0.0099,0.1,204,202,87,0.24,False,True,standardized_independent,"FCAT-SSS Reading, Developmental Scale Score (DSS) gain",0,subgroup,"d = (M_t - M_c)/s_pooled from Table 2 moderate-risk gain means/SDs (RISE 102.37/119.58 vs SOAR 69.85/119.57; s_pooled=119.58); g = J*d, J=0.9981. Matches paper's Glass adj delta .27 and Table 3 fitted-mean diff (103.93-69.00=34.93).",34.93,p.164 Table 2; p.167 Table 3; abstract p.149; p.170,subagent,high,"Headline/abstract result (delta=.27, F=5.15, p=.037): RISE significantly outperformed SOAR among moderate-risk readers. Primary moderate-risk contrast for this arm. is_full_sample=false (risk stratum)."
lang_2009-06,lang_2009,69,lang_2009,Lang et al. 2009,Reading,9,-0.06,0.0206,0.143,104,90,87,0.24,False,True,standardized_independent,"FCAT-SSS Reading, Developmental Scale Score (DSS) gain",0,subgroup,"d = (M_t - M_c)/s_pooled from Table 2 high-risk gain means/SDs (RISE 160.42/164.09 vs SOAR 170.52/172.58; s_pooled=168.08); g = J*d, J=0.9961. Matches paper's Glass adj delta -0.06 and Table 3 fitted-mean diff (160.32-170.42=-10.10).",-10.1,p.164 Table 2; p.167 Table 3; pp.166-168,subagent,high,"High-risk subgroup: RISE vs SOAR delta=-0.06, F=0.35, p=.588, NOT reliable (RISE and SOAR essentially equal for high-risk; both strongest for this group). Negative g = control slightly higher. Secondary/subgroup outcome."
lesaux_2014-01,lesaux_2014,70,lesaux_2014,Lesaux et al. 2014,Reading,3-6,0.04,0.01526,0.1235,971,1111,50,0.17,True,True,standardized_independent,"Gates-MacGinitie Reading Test, 4th Ed.: Reading Comprehension (Form T, equated extended scaled scores)",1,,"g = J*d; d = 0.04 = authors' Cohen's d (Table 3, p.50/Table3), = HLM treatment coefficient gamma1 = 1.43 (Table 2) divided by pooled posttest SD (~33.1, from Table 1 posttest OS SDs 33.96/32.38). Two-level HLM (students within teachers), pretest-adjusted (Gates pretest covariate). J = 1-3/(4*df-1) with df = nt+nc-2 = 2080, J~0.99964. g_var approximated = [ (nt+nc)/(nt*nc) + d^2/(2(nt+nc)) ] * DEFF, DEFF = 1+(m-1)*ICC, m=2082/50=41.6, ICC=0.17 (avg teacher-level ICC) -> DEFF=7.91; no SE reported by authors.",1.43,"Table 3 'Overall' row (Gates MacGinitie Reading Comprehension), p. ~50 of MS / AERJ pp.1159-1194; Table 2 coefficient 1.43; Table 1 posttest OS means/SDs; results text p.31-32 of MS (d=0.04, p=.4256)",subagent,medium,"The ONLY standardized/independent reading-comprehension achievement measure and the closest 'far-transfer' outcome. Not statistically significant (d=0.04, p=.4256). This is the outcome most aligned with the meta-analysis's independent-measure inclusion criterion. Pretest covariate = Gates pretest (student- and teacher-mean centered)."
lesaux_2014-02,lesaux_2014,70,lesaux_2014,Lesaux et al. 2014,Other,3-6,0.19,0.01813,0.1346,357,389,50,0.17,True,True,standardized_independent,Oral and Written Language Scales (OWLS): Written Expression (Carrow-Woolfolk 1996),1,,"g = J*d; d = 0.19 = authors' Cohen's d (Table 3) = HLM coefficient 2.15 (Table 2) / pooled posttest SD (~11.06, Table 1 SDs 10.51/11.54). Pretest-adjusted two-level HLM (Gates pretest covariate; OWLS had no pretest). df = nt+nc-2 = 744, J~0.99899. g_var approx = simple-Var(d)*DEFF; writing was a random within-class subsample so m=746/50=14.9, DEFF=1+(14.9-1)*0.17=3.37; no SE reported.",2.15,"Table 3 'Overall' (Written Expression), n=746; Table 2 coefficient 2.15 (n=746); Table 1 posttest OS means/SDs; results text p.31-32 of MS (d=0.19, p=.0388)",subagent,medium,"Standardized/independent WRITING measure (subject -> Other per spec). Significant overall (d=0.19, p=.0388) but NOT significant in the complete-case (non-imputed) reduced sample (authors note this, attributed to lower power). Administered to a random within-classroom subsample only (n=746; 357 T / 389 C). No writing pretest; HLM controlled for Gates pretest comprehension."
lesaux_2014-03,lesaux_2014,70,lesaux_2014,Lesaux et al. 2014,Reading,3-6,0.41,0.01557,0.1248,971,1111,50,0.17,True,True,researcher_made,"Academic Word Mastery (researcher-developed, 30-item synonym multiple-choice of taught words)",0,researcher_made,"g = J*d; d = 0.41 = authors' Cohen's d (Table 3) = HLM coefficient 2.26 (Table 2) / pooled posttest SD (~5.47, Table 1). Pretest-adjusted two-level HLM (pretest Target/Academic Word Mastery covariate). J~0.99964 (df=2080). g_var approx = simple-Var(d)*DEFF (DEFF=7.91); no SE reported.",2.26,"Table 3 'Overall' (Academic Word Mastery); Table 2 coeff 2.26; Table 1 posttest OS; results p.31 of MS (d=0.41, p<.0001)",subagent,medium,"Researcher-developed, curriculum-aligned vocabulary measure (proximal 'near-transfer' outcome). Largest effect. Subject -> Reading (vocabulary). NOT an independent measure; meta-analysis would exclude it, but extracted per spec."
lesaux_2014-04,lesaux_2014,70,lesaux_2014,Lesaux et al. 2014,Reading,3-6,0.22,0.01534,0.1239,971,1111,50,0.17,True,True,researcher_made,"Word Association (researcher-developed, depth-of-vocabulary, 15 items / 45 pts)",0,researcher_made,"g = J*d; d = 0.22 = authors' Cohen's d (Table 3) = HLM coefficient 1.15 (Table 2) / pooled posttest SD (~5.35, Table 1). Pretest-adjusted two-level HLM (pretest Word Mastery covariate). J~0.99964. g_var approx = simple-Var(d)*DEFF (DEFF=7.91); no SE reported.",1.15,"Table 3 'Overall' (Word Association); Table 2 coeff 1.15; Table 1 posttest OS; results p.31 (d=0.22, p<.0001)",subagent,medium,"Researcher-developed depth-of-word-knowledge measure of taught words. Subject -> Reading (vocabulary). Curriculum-aligned, not independent. Significant (p<.0001)."
lesaux_2014-05,lesaux_2014,70,lesaux_2014,Lesaux et al. 2014,Reading,3-6,0.17,0.01531,0.1237,971,1111,50,0.17,True,True,researcher_made,"Academic Word Meanings-in-Context (researcher-developed; vocab-in-text, 15 items)",0,researcher_made,"g = J*d; d = 0.17 = authors' Cohen's d (Table 3) = HLM coefficient 0.53 (Table 2) / pooled posttest SD (~3.07, Table 1). Pretest-adjusted two-level HLM. J~0.99964. g_var approx = simple-Var(d)*DEFF (DEFF=7.91); no SE reported.",0.53,"Table 3 'Overall' (Academic Word Meanings-in-Context); Table 2 coeff 0.53; Table 1 posttest OS; results p.31 (d=0.17, p=.0020)",subagent,medium,"Researcher-developed contextualized vocabulary measure (vocab understood within expository passages; has a reading-comprehension component). Subject -> Reading. Curriculum-aligned, not independent. Significant (p=.0020)."
lesaux_2014-06,lesaux_2014,70,lesaux_2014,Lesaux et al. 2014,Reading,3-6,0.15,0.0153,0.1237,971,1111,50,0.17,True,True,researcher_made,"Comprehension of Expository Text including Academic Words (researcher-developed, 15 items)",0,researcher_made,"g = J*d; d = 0.15 = authors' Cohen's d (Table 3) = HLM coefficient 0.49 (Table 2) / pooled posttest SD (~3.30, Table 1). Pretest-adjusted two-level HLM (Gates pretest covariate). J~0.99964. g_var approx = simple-Var(d)*DEFF (DEFF=7.91); no SE reported.",0.49,"Table 3 'Overall' (Comprehension of Expository Text including Academic Words); Table 2 coeff 0.49; Table 1 posttest OS; results p.31-32 (d=0.15, p=.0076)",subagent,medium,"Researcher-developed reading-comprehension measure of passages containing taught academic words (more proximal than Gates). Subject -> Reading. Curriculum-aligned, not independent. Significant (p=.0076)."
lesaux_2014-07,lesaux_2014,70,lesaux_2014,Lesaux et al. 2014,Other,3-6,0.4,0.01556,0.1247,971,1111,50,0.17,True,True,researcher_made,"Morphological Decomposition (researcher-developed morphological awareness, 18 items)",0,researcher_made,"g = J*d; d = 0.40 = authors' Cohen's d (Table 3) = HLM coefficient 1.59 (Table 2) / pooled posttest SD (~3.96, Table 1). Pretest-adjusted two-level HLM (pretest morphological nonword derivation covariate). J~0.99964. g_var approx = simple-Var(d)*DEFF (DEFF=7.91); no SE reported.",1.59,"Table 3 'Overall' (Morphological Decomposition); Table 2 coeff 1.59; Table 1 posttest OS; results p.31 (d=0.40, p<.0001)",subagent,medium,"Researcher-developed morphological-awareness (language/word-learning) measure -> Other per spec. Curriculum-aligned, not independent. Significant (p<.0001)."
lesaux_2014-08,lesaux_2014,70,lesaux_2014,Lesaux et al. 2014,Other,3-6,0.21,0.01534,0.1238,971,1111,50,0.17,True,True,researcher_made,"Morphological Derivation (researcher-developed suffix-choice morphological awareness, 18 items)",0,researcher_made,"g = J*d; d = 0.21 = authors' Cohen's d (Table 3) = HLM coefficient 0.77 (Table 2) / pooled posttest SD (~3.73, Table 1). Pretest-adjusted two-level HLM (pretest morphological derivation covariate). J~0.99964. g_var approx = simple-Var(d)*DEFF (DEFF=7.91); no SE reported.",0.77,"Table 3 'Overall' (Morphological Derivation); Table 2 coeff 0.77; Table 1 posttest OS; results p.31 (d=0.21, p<.0001)",subagent,medium,"Researcher-developed morphological-awareness (language/word-learning) measure -> Other per spec. Curriculum-aligned, not independent. Significant (p<.0001)."
lewis_presser_2015-01,lewis_presser_2015,71,lewis_presser_2015,Lewis Presser et al. 2015,STEM,Pre-K,0.51,,,,,16,,True,True,researcher_made,"NGPM unit-specific mathematics assessment (subitizing + equipartitioning; developer-made battery, flipbook + manipulatives, IRT-scaled, reliability .75 pre / .76 post)",0,no_variance,"Reported standardized effect size taken directly: 'effect size=.51' for the RQ1 confirmatory NGPM-vs-control contrast on the unit-specific assessment, from a 2-level HLM (students nested in classrooms) with classroom-level pretest as covariate (p=.026; adjusted post-test M_t=59.69, M_c=53.53). The paper does not state the standardizing SD or whether a small-sample (Hedges J) correction was applied; g recorded as the reported value. Cannot recompute from means (no SDs reported); cannot compute Var(g)/SE (no impact SE, no per-group SD or n disclosed).",0.51,"p.4 (Findings, RQ1); Appendix B Figure/Table 1 (line graph of adjusted means)",subagent,medium,"Headline confirmatory outcome. Developer-made, proximal/unit-specific measure (NOT an independent test), so likely excluded by the meta-analysis's independent-measure criterion but extracted per spec (central filtering). Component subscales reported only as significance verdicts (RQ3 subitizing significant; RQ4 equipartitioning approached significance) with no numeric effect sizes, so they are not extracted as separate rows. cluster_adjusted=true because .51 comes from the multilevel HLM accounting for classroom nesting; n_clusters=16 centers; ICC not reported (left null, not guessed)."
lewis_presser_2015-02,lewis_presser_2015,71,lewis_presser_2015,Lewis Presser et al. 2015,STEM,Pre-K,,,,,,16,,True,True,standardized_independent,REMA (Research-based Early Mathematics Assessment; Clements & Sarama) -- general/distal mathematics knowledge,0,no_variance,"Not computable: the paper reports only a significance verdict for the RQ5 REMA contrast ('did not differ significantly on general mathematics knowledge'), with no means, SDs, n, impact coefficient, SE, or effect size.",,p.4 (Exploratory RQs / RQ5); Data Collection (REMA described p.3-4),subagent,medium,"This is the INDEPENDENT/standardized distal achievement measure the Visscher et al. meta-analysis would prefer. Analyzed via 2-level HLM (RQ5). Result reported as non-significant only; no numeric statistics given, so g and variance cannot be derived. Recorded for completeness so the missing independent-measure effect is traceable. If author/full data become available, this is the contrast to populate."
llosa_2016-01,llosa_2016,73,llosa_2016,Llosa et al. 2016,STEM,3-6,0.25,0.000649,0.0255,2894,3345,66,0.0087,False,True,researcher_made,Researcher-developed science assessment (NAEP/TIMSS/state release items; pre+post; max 31 pts),0,researcher_made,"HLM (3-level) pretest-adjusted treatment coefficient b=1.41 standardized by pooled posttest SD (5.656) => d=0.249; authors report d=0.25. g=J*d, J=0.99987 (df=N-2, N=5752) => g=0.25. Var(d) from student-level formula (N+n)/(n_t*n_c)+d^2/(2N) with n_t=2894,n_c=3345; Var(g)=J^2*Var(d). NOT cluster-adjusted (model SE not reported).",1.41,p.18 text + Table 5 (p.20) coefficients/effect size; Table 4 (p.19) means/SDs,subagent,high,"Full-sample headline outcome, RQ1. d=0.25, p<.001 (Benjamini-Hochberg corrected). Analysis student n=5,752; teacher n=252; school n=66. School-level ICC=0.0087, school+teacher ICC=0.096 (from Table 5 variance components school=0.13, teacher=1.31, student=13.52)."
llosa_2016-02,llosa_2016,73,llosa_2016,Llosa et al. 2016,STEM,3-6,0.15,0.000646,0.0254,2894,3345,66,0.0217,False,True,standardized_independent,State high-stakes science assessment (Grade 5; 60-66 MC items; scale 140-260),1,,"HLM (3-level) pretest-adjusted treatment coefficient b=3.28 standardized by pooled posttest SD (22.11) => d=0.148; authors report d=0.15. g=J*d, J=0.99988 (df=N-2, N=6173) => g=0.15. Var(d) from student-level formula with n_t=2894,n_c=3345; Var(g)=J^2*Var(d). NOT cluster-adjusted (model SE not reported).",3.28,p.18 text + Table 5 (p.20) coefficients/effect size; Table 4 (p.19) means/SDs,subagent,high,"Full-sample headline outcome, RQ1; distal/independent state accountability test. d=0.15, p=.003 (Benjamini-Hochberg corrected). Analysis student n=6,173; teacher n=258; school n=66. School-level ICC=0.0217, school+teacher ICC=0.182 (from Table 5 variance components school=4.76, teacher=35.21, student=179.50). Pretest covariate = researcher-developed science pretest (state science not tested pre-Grade-5)."
llosa_2016-03,llosa_2016,73,llosa_2016,Llosa et al. 2016,STEM,3-6,0.24,0.000845,0.0291,2162,2636,66,,False,True,researcher_made,Researcher-developed science assessment,0,researcher_made,"Reported d=0.24 (HLM pretest-adjusted, b=1.36; Table 6). g=J*d, J~=1.0 (N=4406) => g=0.24. Var(d) student-level formula with n_t=2162,n_c=2636. NOT cluster-adjusted.",1.36,Table 6 (p.21); means/SDs Table 4 (p.19),subagent,high,"Language-proficiency subgroup (non-ELL). RQ2. d=0.24, p<.001. Analysis student n=4,406; school n=66; teacher n=246."
llosa_2016-04,llosa_2016,73,llosa_2016,Llosa et al. 2016,STEM,3-6,0.28,0.005551,0.0745,361,365,57,,False,True,researcher_made,Researcher-developed science assessment,0,researcher_made,"Reported d=0.28 (HLM pretest-adjusted, b=1.39; Table 6). g=J*d, J~=1.0 (N=688) => g=0.28. Var(d) student-level formula with n_t=361,n_c=365. NOT cluster-adjusted.",1.39,Table 6 (p.21); means/SDs Table 4 (p.19),subagent,high,"Language-proficiency subgroup (former ELL, exited ESOL >2 yrs). RQ2. d=0.28, p<.001. Analysis student n=688; school n=57; teacher n=197."
llosa_2016-05,llosa_2016,73,llosa_2016,Llosa et al. 2016,STEM,3-6,0.41,0.017782,0.1333,107,122,46,,False,True,researcher_made,Researcher-developed science assessment,0,researcher_made,"Reported d=0.41 (HLM pretest-adjusted, b=2.29; Table 6). g=J*d, J=0.9963 (N=207) => g=0.408. Var(d) student-level formula with n_t=107,n_c=122. NOT cluster-adjusted.",2.29,Table 6 (p.21); means/SDs Table 4 (p.19),subagent,high,"Language-proficiency subgroup (recently reclassified ELL, exited within 2 yrs). RQ2. d=0.41, p=.020. Analysis student n=207; school n=46; teacher n=112."
llosa_2016-06,llosa_2016,73,llosa_2016,Llosa et al. 2016,STEM,3-6,0.35,0.008396,0.0916,264,222,55,,False,True,researcher_made,Researcher-developed science assessment,0,researcher_made,"Reported d=0.35 (HLM pretest-adjusted, b=1.86; Table 6). g=J*d, J=0.9983 (N=451) => g=0.349. Var(d) student-level formula with n_t=264,n_c=222. NOT cluster-adjusted.",1.86,Table 6 (p.21); means/SDs Table 4 (p.19),subagent,high,"Language-proficiency subgroup (current ELL receiving ESOL services). RQ2. d=0.35, p<.001. Analysis student n=451; school n=55; teacher n=126."
llosa_2016-07,llosa_2016,73,llosa_2016,Llosa et al. 2016,STEM,3-6,0.16,0.000841,0.029,2162,2636,66,,False,True,standardized_independent,State high-stakes science assessment (Grade 5),0,subgroup,"Reported d=0.16 (HLM pretest-adjusted, b=3.41; Table 7). g=J*d, J~=1.0 (N=4743) => g=0.16. Var(d) student-level formula with n_t=2162,n_c=2636. NOT cluster-adjusted.",3.41,Table 7 (p.22); means/SDs Table 4 (p.19),subagent,high,"Language-proficiency subgroup (non-ELL) on distal/independent state test. RQ2. d=0.16, p=.001. Analysis student n=4,743; school n=66; teacher n=252."
llosa_2016-08,llosa_2016,73,llosa_2016,Llosa et al. 2016,STEM,3-6,0.18,0.005525,0.0743,361,365,58,,False,True,standardized_independent,State high-stakes science assessment (Grade 5),0,subgroup,"Reported d=0.18 (HLM pretest-adjusted, b=3.64; Table 7). g=J*d, J~=1.0 (N=721) => g=0.18. Var(d) student-level formula with n_t=361,n_c=365. NOT cluster-adjusted.",3.64,Table 7 (p.22); means/SDs Table 4 (p.19),subagent,high,"Language-proficiency subgroup (former ELL) on state test. RQ2. d=0.18, p=.015. Analysis student n=721; school n=58; teacher n=202."
llosa_2016-09,llosa_2016,73,llosa_2016,Llosa et al. 2016,STEM,3-6,0.13,0.017451,0.1321,107,122,46,,False,True,standardized_independent,State high-stakes science assessment (Grade 5),0,subgroup,"Reported d=0.13 (HLM pretest-adjusted, b=2.73; Table 7). g=J*d, J=0.9963 (N=228) => g=0.1295. Var(d) student-level formula with n_t=107,n_c=122. NOT cluster-adjusted.",2.73,Table 7 (p.22); means/SDs Table 4 (p.19),subagent,high,"Language-proficiency subgroup (recently reclassified ELL) on state test. RQ2. d=0.13, p=.58 (NOT statistically significant). Analysis student n=228; school n=46; teacher n=116."
llosa_2016-10,llosa_2016,73,llosa_2016,Llosa et al. 2016,STEM,3-6,0.12,0.008288,0.091,264,222,55,,False,True,standardized_independent,State high-stakes science assessment (Grade 5),0,subgroup,"Reported d=0.12 (HLM pretest-adjusted, b=2.49; Table 7). g=J*d, J=0.9983 (N=481) => g=0.1198. Var(d) student-level formula with n_t=264,n_c=222. NOT cluster-adjusted.",2.49,Table 7 (p.22); means/SDs Table 4 (p.19),subagent,high,"Language-proficiency subgroup (current ELL) on state test. RQ2. d=0.12, p=.247 (NOT statistically significant). Analysis student n=481; school n=55; teacher n=134."
ludwig_song_2015-01,ludwig_song_2015,74,ludwig_song_2015,Ludwig & Song 2015,STEM,PK-K,0.21,0.0122,0.1103,187,147,18,,False,False,standardized_independent,"Early Math Diagnostic Assessment (EMDA) Math Reasoning test (45 items; Pearson/PsychCorp, derived from WIAT-II)",1,,"g = J*d, with d=0.21 taken directly from report (footnote 10: raw mean difference 1.8 / pooled within-group posttest SD; J=0.998). g_var = [(n_t+n_c)/(n_t*n_c) + d^2/(2*(n_t+n_c))]*J^2 using n_t/n_c estimated from analysis N=334 split in proportion to assessed Y2 T/C ratio 198:156. SD standardizing = pooled within-group EMDA SD (value not reported).",1.8,"p.16-17, Exhibit 10 (printed pp.16-17); Appendix B pp.B-2/B-3",subagent,medium,"Headline two-year (end-of-treatment) student-achievement impact; p<.01 per the report's HLM. This is the immediate post-intervention wave for the 2-year program. Reported ES 0.21 is the unadjusted student-level d; the HLM that produced the p-value adjusts for baseline EMDA and covariates and accounts for clustering, but neither its coefficient nor SE is reported. N=334 students, 18 schools for the Year-2 analysis."
ludwig_song_2015-02,ludwig_song_2015,74,ludwig_song_2015,Ludwig & Song 2015,STEM,PK-K,0.17,0.011,0.1048,206,163,18,,False,False,standardized_independent,"Early Math Diagnostic Assessment (EMDA) Math Reasoning test (45 items; Pearson/PsychCorp, derived from WIAT-II)",1,,"g = J*d, with d=0.17 taken directly from report (footnote 10: raw mean difference 1.3 / pooled within-group posttest SD; J=0.998). g_var = [(n_t+n_c)/(n_t*n_c) + d^2/(2*(n_t+n_c))]*J^2 using n_t/n_c estimated from analysis N=369 split in proportion to assessed Y1 T/C ratio 220:174. SD standardizing = pooled within-group EMDA SD (value not reported).",1.3,"p.16, Exhibit 10 (printed p.16); Appendix B pp.B-2/B-3",subagent,medium,"One-year (interim) impact; not the end-of-treatment wave for the 2-year program. Recorded as a secondary timepoint. p<.01 per the report's HLM. Reported ES 0.17 is the unadjusted student-level d. N=369 students, 18 schools for the Year-1 analysis."
mattera_2018-01,mattera_2018,75,mattera_2018,Mattera et al. 2018,STEM,Pre-K (treatment); outcomes at end of K,0.07995,0.002503,0.05003,641,684,69,,True,True,researcher_made,"Research-Based Early Math Assessment-Kindergarten (REMA-K), T score",0,researcher_made,"Report effect size d = impact / control-group SD = 0.08 (Table 3.1; impact 0.73 REMA-K T points, control-group SD back-solved as 0.73/0.08 = 9.1). Hedges g = J*d, df = n_t+n_c-2 = 1323, J = 0.999433, g = 0.07995. SE back-solved from reported two-sided p=0.11: z = 1.598, se_d = 0.08/1.598 = 0.0501, se_g = J*se_d = 0.0500, g_var = se_g^2 = 0.002503. Cross-check: Appendix Figure E.1 (p.72) shows the REMA-K T-score 90% CI ~[-0.005, 0.175], implying se_d ~ 0.055 -- consistent.",0.73,Table 3.1 (p.19); Appendix C model (pp.57-58); Appendix Figure E.1 (p.72),subagent,medium,"REMA-K is the report's headline/primary, more sensitive math measure. Positive but not statistically significant overall on the primary T score (p=0.11); logit and raw scoring specifications were significant (ES 0.10-0.12). Impact from a two-level multilevel model (children within sites, sites within blocks) clustered at the pre-K site level, adjusting for pretest and background covariates plus block dummies -> cluster_adjusted=true, pretest_adjusted=true. n_t/n_c are analytic children (Table 3.1); n_clusters = 69 pre-K sites (35 program + 34 control; 16 RA blocks). Means are model-adjusted group means. SDs not reported; the standardizing SD is the control-group SD (~9.1). No ICC reported."
mattera_2018-02,mattera_2018,75,mattera_2018,Mattera et al. 2018,STEM,Pre-K (treatment); outcomes at end of K,0.0,,,641,684,69,,True,True,standardized_independent,"Woodcock-Johnson III Applied Problems subscale, standard score",0,no_variance,"Report effect size d = impact / control-group SD = 0.00 (Table 3.1; impact 0.04 WJ standard-score points). Hedges g = J*d = 0.999433*0.00 = 0.00. SE could not be recovered: with d=0 and p=0.96 the implied z ~ 0, so the SE is indeterminate from the rounded statistics. Left null for central derivation (design-based no-cluster placeholder would be se_d ~ 0.055; ICC not reported, so cannot apply a cluster correction).",0.04,Table 3.1 (p.19); Appendix C model (pp.57-58),subagent,medium,"Woodcock-Johnson Applied Problems is the standardized, nationally normed, independent math measure (less sensitive/more global per the report). Essentially zero impact (d=0.00, p=0.96). Same multilevel pretest-adjusted, site-clustered model as the REMA-K row. SDs not reported; standardizing SD is the control-group SD (~15, WJ norm). g_se/g_var null because the SE cannot be back-solved from d=0 with a rounded p=0.96 (see problems)."
mattera_2018-03,mattera_2018,76,mattera_2018,Mattera et al. 2018,STEM,Pre-K + K (treatment); outcomes at end of K,0.29965,,,303,345,46,,True,True,researcher_made,"Research-Based Early Math Assessment-Kindergarten (REMA-K), T score",0,no_variance,"Report effect size d = impact / control-group SD = 0.30 (Table 3.3; impact 2.63 REMA-K T points, control-group SD back-solved as 2.63/0.30 = 8.8). Hedges g = J*d, df = n_t+n_c-2 = 646, J = 0.998839, g = 0.29965. SE left null: the report gives the p-value only as '0.00 ***' (p<0.01), so z cannot be pinned down; back-outs range se_g 0.091 (p=0.001) to 0.107 (p=0.005), too sensitive. n_t/n_c and n_clusters recorded for central variance derivation; no ICC reported (not guessed). Design-based no-cluster reference: se_d ~ 0.079 (would understate variance given site clustering).",2.63,Table 3.3 (p.29); Appendix C model (pp.59-61),subagent,medium,"Two years of enhanced math (MPC pre-K curriculum/PD + High 5s K supplement) vs full business-as-usual; this is the largest, statistically significant impact (d=0.30, p<0.01) and the report's headline result (closes >1/4 of the income achievement gap). Cluster-randomized at the pre-K site level: compares children in the 24 MPC program-group public schools vs 23 (22 assessed) MPC control-group public schools; multilevel model clustered at pre-K site, pretest- and covariate-adjusted with block dummies. n_clusters = 46 sites (24 program + 22 assessed control; 11/10 blocks). Means are model-adjusted group means; standardizing SD is the control-group SD (~8.8). g_se/g_var null because exact SE/ICC not reported and p given only as <0.01 (see problems)."
mattera_2018-04,mattera_2018,76,mattera_2018,Mattera et al. 2018,STEM,Pre-K + K (treatment); outcomes at end of K,0.0899,0.011409,0.10681,303,345,46,,True,True,standardized_independent,"Woodcock-Johnson III Applied Problems subscale, standard score",1,,"Report effect size d = impact / control-group SD = 0.09 (Table 3.3; impact 1.06 WJ standard-score points, control-group SD back-solved as 1.06/0.09 = 11.8). Hedges g = J*d, df = n_t+n_c-2 = 646, J = 0.998839, g = 0.08990. SE back-solved from reported two-sided p=0.40: z = 0.8416, se_d = 0.09/0.8416 = 0.1069, se_g = J*se_d = 0.1068, g_var = se_g^2 = 0.011409.",1.06,Table 3.3 (p.29); Appendix C model (pp.59-61),subagent,medium,"Standardized, nationally normed, independent math measure. Positive but not statistically significant (d=0.09, p=0.40). Same site-clustered, pretest-adjusted multilevel model as the Comparison 3 REMA-K row. SDs not reported; standardizing SD is the control-group SD (~11.8). SE recoverable here because p=0.40 is an informative (non-boundary) value."
may_2016-01,may_2016,77,may_2016,May et al. 2016,Reading,K-2,0.47625,0.000499,0.02234,3444,3444,1122,,True,True,standardized_independent,Iowa Tests of Basic Skills (ITBS) Total Reading scale score,1,,"d = impact / control-group SD = 3.41 / 7.16 = 0.4763 (Glass's Delta, matches report's reported Glass D = 0.48). Hedges' g = J*d, J = 1 - 3/(4*df-1) with df = n_t+n_c-2 = 6886, J = 0.99989, g = 0.4762. g_se = J*(impact_se/sd_c) = 0.99989*(0.16/7.16) = 0.02234; g_var = g_se^2 = 0.000499. Impact estimate and SE are the pooled HLM least-squares-means treatment-control difference (Table 2.5 / Appendix Table A13 Pooled column).",3.41,Table 2.5 (p. 39-40); Appendix Table A13 'Pooled' (p. ~154); Appendix Table A10 HLM params (p. 156); descriptive means Table 2.4 (p. 38),subagent,high,"Pre-specified primary confirmatory outcome. Pooled impact 3.41 ITBS scale points, p<.0001, 95% CI 3.09-3.72. Report's two standardized effect sizes: Glass's Delta = 0.48 (control SD 7.16, used here); Cohen's d = 0.37 (national-norm SD 9.1). mean_t/sd_t (138.8/7.5) and mean_c/sd_c are descriptive posttest stats from Table 2.4 (control SD 7.16 is the standardizer footnoted in Table 2.5; Table 2.4 lists control SD 7.2). Year-specific Glass deltas ranged 0.42-0.55 (Table A13); year-specific Cohen d's 0.30-0.42. HLM: school random intercept+slope, matched-pair random effect, grouped treatment/control residual variances, pretest fixed effect, year fixed effect + treatment*year interaction; REML in SAS PROC MIXED."
may_2016-02,may_2016,77,may_2016,May et al. 2016,Reading,K-2,0.43374,0.00059,0.0243,3444,3444,1122,,True,True,standardized_independent,Iowa Tests of Basic Skills (ITBS) Reading Words subscale scale score,0,redundant_subscale,"d = impact / control-group SD = 3.57 / 8.23 = 0.4338 (Glass's Delta, matches report Glass D = 0.43). Hedges' g = J*d, J = 0.99989 (df = 6886), g = 0.4337. g_se = J*(0.20/8.23) = 0.02430; g_var = 0.000590. Impact = pooled HLM LS-means difference (Table 2.6 / Appendix Table A13 Pooled).",3.57,Table 2.6 (p. 41); Appendix Table A13 'Pooled' (p. ~154); Table A10 (p. 156),subagent,high,"Exploratory ITBS subscale (decoding/word reading). Impact 3.57 points, p<.0001. Glass's Delta 0.43 (control SD 8.23, used here); report Cohen's d 0.35 (national-norm SD 10.2). mean_t/sd_t/mean_c are adjusted means and descriptive SD from Tables 2.6/2.4. Subscale of the ITBS Reading composite (Total) which is the primary outcome extracted above."
may_2016-03,may_2016,77,may_2016,May et al. 2016,Reading,K-2,0.43425,0.000547,0.02338,3444,3444,1122,,True,True,standardized_independent,Iowa Tests of Basic Skills (ITBS) Reading Comprehension subscale scale score,0,redundant_subscale,"d = impact / control-group SD = 3.90 / 8.98 = 0.4343 (Glass's Delta, matches report Glass D = 0.43). Hedges' g = J*d, J = 0.99989 (df = 6886), g = 0.4343. g_se = J*(0.21/8.98) = 0.02338; g_var = 0.000547. Impact = pooled HLM LS-means difference (Table 2.6 / Appendix Table A13 Pooled).",3.9,Table 2.6 (p. 41); Appendix Table A13 'Pooled' (p. ~154); Table A10 (p. 156),subagent,high,"Exploratory ITBS subscale (reading comprehension). Impact 3.90 points, p<.0001. Glass's Delta 0.43 (control SD 8.98, used here); report Cohen's d 0.38 (national-norm SD 10.2). mean_t/sd_t/mean_c from Tables 2.6/2.4. Subscale of the ITBS Total Reading composite (primary outcome)."
may_2016-04,may_2016,77,may_2016,May et al. 2016,Reading,K-2,0.87977,0.000369,0.01922,3371,3322,1122,,True,True,researcher_made,Observation Survey of Early Literacy Achievement (OS) Total raw score,0,researcher_made,"d = impact / control-group SD = 43.49 / 49.43 = 0.8798 (Glass's Delta, matches report Glass D = 0.89). Hedges' g = J*d, J = 0.99989 (df ~ 6691), g = 0.8798. g_se = J*(0.95/49.43) = 0.01922; g_var = 0.000369. Impact = pooled HLM LS-means difference (Table 2.6 / Appendix Table A13 Pooled). OS analytic sample 6,644 students.",43.49,Table 2.6 (p. 41); Appendix Table A13 'Pooled' (p. ~154); Table A10 (p. 156),subagent,high,"EXPLORATORY and NOT an independent measure: the OS is Reading Recovery's own screening/diagnostic/monitoring instrument, administered one-to-one by Reading Recovery teachers and aligned to the intervention; the meta-analysis included only independent measures, so this should be filtered out centrally (recorded for completeness). Impact 43.49 points, p<.01. Very large effect (Glass's Delta 0.89; report Cohen's d 0.99 using national-norm SD 43.96), consistent with the outcome being aligned to the treatment. OS analytic sample n=6,644 (treatment 3,371; control 3,322). Pretest-posttest r for OS was high (.60)."
meyers_2016-01,meyers_2016,78,meyers_2016,Meyers et al. 2016,STEM,7-12,0.128,0.00391,0.0625,1108,823,39,,True,True,standardized_independent,"Missouri Assessment Program (MAP) mathematics, 2014",1,,"Reported block-pooled Hedges's g from two-level HLM (students nested in schools), standardized on within-block standardized MAP z-score metric (scores z-standardized by year/grade/subject/block); g_se = model impact SE scaled to g metric (0.063 * 0.128/0.129).",0.129,"Table 4.1, PDF p.73 (report p.70)",subagent,high,Confirmatory RQ1 outcome. Mean values are regression-adjusted standardized z-scores; pooled posttest SD not separately reported (outcome pre-standardized to SD=1 metric). Statistically significant positive (p=0.040). Schools: 20 eMINTS + 19 control = 39 clusters.
meyers_2016-02,meyers_2016,78,meyers_2016,Meyers et al. 2016,STEM,7-12,0.178,0.00474,0.0689,1141,823,39,,True,True,standardized_independent,"Missouri Assessment Program (MAP) mathematics, 2014",1,,"Reported block-pooled Hedges's g from two-level HLM (students nested in schools), standardized on within-block standardized MAP z-score metric; g_se = model impact SE scaled to g metric (0.065 * 0.178/0.168).",0.168,"Table 4.1, PDF p.73 (report p.70)",subagent,high,Confirmatory RQ1 outcome. Second TPD arm. Statistically significant positive (p=0.009). Schools: 20 eMINTS+Intel + 19 control = 39 clusters.
meyers_2016-03,meyers_2016,78,meyers_2016,Meyers et al. 2016,Reading,7-12,-0.035,0.0025,0.05,1208,871,39,,True,True,standardized_independent,"Missouri Assessment Program (MAP) communication arts, 2014",1,,"Reported block-pooled Hedges's g from two-level HLM (students nested in schools), standardized on within-block standardized MAP z-score metric; g_se = model impact SE on g metric (0.050).",-0.035,"Table 4.1, PDF p.73 (report p.70)",subagent,high,"Confirmatory RQ1 outcome (communication arts = ELA/literacy -> Reading). Not statistically significant (p=0.484), negative point estimate. Schools: 20 eMINTS + 19 control = 39 clusters."
meyers_2016-04,meyers_2016,78,meyers_2016,Meyers et al. 2016,Reading,7-12,-0.077,0.00267,0.0517,1216,871,39,,True,True,standardized_independent,"Missouri Assessment Program (MAP) communication arts, 2014",1,,"Reported block-pooled Hedges's g from two-level HLM (students nested in schools), standardized on within-block standardized MAP z-score metric; g_se = model impact SE scaled to g metric (0.051 * 0.077/0.076).",-0.076,"Table 4.1, PDF p.73 (report p.70)",subagent,high,"Confirmatory RQ1 outcome (communication arts -> Reading). Second TPD arm. Not statistically significant (p=0.137), negative point estimate. Schools: 20 eMINTS+Intel + 19 control = 39 clusters."
motteram_2016-01,motteram_2016,80,motteram_2016,Motteram et al. 2016,STEM,3-6,0.3,0.0289,0.17,800,707,65,0.28,True,True,standardized_independent,CEM InCAS mathematics (age-standardised computer-adaptive test),1,,"Report's own Hedges' G = standardised ReflectED coefficient from two-level MLM (pupils in classes), value-added controlling for KS1 maths + FSM; response standardised by pooled SD=21.24 (Table 11). Taken directly as g (complete-case model, Appendix 2 Table 13: beta=0.30, SE=0.17). g_var=SE^2. SE reproduces reported 95% CI (-0.04,0.63).",0.3,p.5 Table 1 (exec summary); p.21 Table 6 (complete cases); p.46 Appendix 2 Table 13 (MLM coefficient & SE),subagent,high,"Maths -> STEM per spec. Primary/headline outcome; complete-case estimate = EEF exec-summary padlock figure (4 months' progress). Imputed ITT alternate: g=0.27, SE=0.19, 95% CI (-0.1,0.63), n in model 1858 (997;861), p=0.16; complete-case p=0.08. ICC: raw 0.28, prior-attainment-adjusted 0.34 (Table 12). n_clusters=65 (35 int + 30 ctrl classes analysed, complete cases); full randomised design 70 classes. Raw posttest means (95% CI) int 96.87 (95.51,98.33), ctrl 97.10 (95.52,98.68); pupil-level SDs not separately tabulated (pooled SD 21.24 given)."
motteram_2016-02,motteram_2016,80,motteram_2016,Motteram et al. 2016,Reading,3-6,-0.15,0.0529,0.23,726,627,65,0.28,True,True,standardized_independent,CEM InCAS reading (age-standardised computer-adaptive test),1,,"Report's own Hedges' G = standardised ReflectED coefficient from two-level MLM (pupils in classes), value-added controlling for KS1 reading + FSM; response standardised by pooled SD=15.46 (Table 11). Taken directly as g (complete-case model, Appendix 3 Table 15: beta=-0.15, SE=0.23). g_var=SE^2. SE reproduces reported 95% CI (-0.59,0.29).",-0.15,p.5 Table 1 (exec summary); p.22 Table 8 (complete cases); p.48 Appendix 3 Table 15 (MLM coefficient & SE),subagent,high,"Reading -> Reading per spec. Secondary outcome; complete-case estimate = EEF exec-summary padlock figure (-2 months' progress). Imputed ITT alternate: g=-0.05, SE=0.228, 95% CI (-0.5,0.4), n in model 1858 (997;861), p=0.8; complete-case p=0.5. ICC: raw 0.28, prior-attainment-adjusted 0.31 (Table 12). n_clusters approx 65 (analysed classes). Raw posttest means (95% CI) int 99.65 (98.60,100.70), ctrl 101.17 (99.87,102.46); pupil-level SDs not separately tabulated (pooled SD 15.46 given)."
motteram_2016-03,motteram_2016,80,motteram_2016,Motteram et al. 2016,STEM,3-6,0.14,0.04,0.2,281,263,,0.28,True,True,standardized_independent,CEM InCAS mathematics (age-standardised computer-adaptive test),0,subgroup,"Report's own Hedges' G = standardised ReflectED coefficient from two-level MLM on FSM-eligible subset, value-added controlling for KS1 maths; response standardised by pooled SD=21.24. Taken directly as g (complete-case, Appendix 2 Table 14: beta=0.14, SE=0.2). g_var=SE^2. SE reproduces reported 95% CI (-0.26,0.53).",0.14,p.21 Table 7 (complete cases); p.47 Appendix 2 Table 14 (MLM coefficient & SE),subagent,high,"Maths -> STEM. FSM-eligible non-randomised subgroup, is_full_sample=false. Complete-case g=0.14 (-0.26,0.53), p=0.5; imputed ITT alternate g=0.07, SE=0.21, 95% CI (-0.34,0.48), n in model 648 (334;314), p=0.7. Exec summary describes FSM-eligible pupils as '+2 months' in maths but flags it as less secure. Raw posttest means (95% CI) int 87.23 (85.05,89.41), ctrl 91.06 (88.59,93.54)."
murphy_2020-01,murphy_2020,81,murphy_2020,Murphy et al. 2020,STEM,7-12,0.22,0.00146,0.0383,1587,1182,43,0.038,True,True,standardized_independent,"TerraNova mathematics (scale score), 7th grade, spring",1,,"Paper-reported Hedge's g = 0.22 (p.255), obtained by standardizing the three-level HLM treatment coefficient c001 = 8.501 TerraNova scale points (Table 7; SE 1.952, p<.001) by the unconditional total SD of the outcome (b/g = 8.501/0.22 = 38.6, matching sqrt of the unconditional total variance 57.98+533.41+919.22 = 1510.61 -> SD 38.9). df large so Hedges J ~= 1.0. g_se = (0.30-0.15)/(2*1.95996) = 0.0383 derived from the reported 95% CI [0.15, 0.30]; g_var = g_se^2 = 0.00146. Pretest-adjusted (prior 6th-grade NECAP math covariate); cluster-adjusted (three-level HLM accounts for school and classroom nesting).",8.501,"p.255 (Main Effect of Intervention: c001=8.501, p<.001, Hedge's g=0.22, 95% CI 0.15-0.30); Table 7 p.256 (Main effects c001=8.492, SE 1.952; All interactions 8.505, SE 1.952; unconditional variance components school 57.98 / class 533.41 / residual 919.22); Table 4 p.253 (n_t=1587, n_c=1182, total 2769)",subagent,high,"Single headline confirmatory ITT impact on the standardized TerraNova math outcome. 43 schools (22 treatment, 21 control), 87 teachers, 2,769 7th-grade students (T=1,587, C=1,182). Three-level HLM (student/class/school) controlling for prior 6th-grade NECAP math (pretest), gender, FRPL, IEP, classroom and school composition, and 20 matched-pair indicators. School-level unconditional ICC = 0.038 (design-effect ICC at randomization unit); class-level unconditional ICC = 0.353 (within-school class clustering). Moderation (not a separate arm): effect larger for students with lower prior achievement (c101 = -0.284, p<.01; treatment effect 12.13 pts at -1 SD prior math vs 4.87 pts at +1 SD). Prior two-level estimate (Roschelle et al. 2016, AERA Open) was g=0.18. Sensitivity (joiners removed): main effect 8.612, p<.001."
murphy_2021-01,murphy_2021,82,murphy_2021,Murphy et al. 2021,STEM,3-6,0.035,0.002115,0.04599,,,181,,True,True,standardized_independent,"KS2 (age-11) national maths test, percentilised national rank",1,,"g taken directly from Table 4 (p.33/PDF p.35) Panel B (cohort 2), Maths row, column 5 'Standardised' = 0.035 (SE 0.046). This is the fully-controlled ITT standardised mean difference (pair FX + age-7 baseline + demographics, SE clustered at school level). J = 1-3/(4*(6298-2)-1) = 0.99988 (negligible), so g = J*d = 0.035, g_se = J*SE = 0.04599, g_var = g_se^2. mean_t/mean_c are the unconditional treatment/control percentile means from Table 3 Panel B (cross-sectional); SDs of percentile not reported.",0.035,"Table 4 col 5, Panel B Maths (PDF p.35); means Table 3 Panel B (PDF p.34)",subagent,high,"Cohort 2 received the full two-year programme; tested 2015/16. Total cohort-2 N = 6,298 (treatment/control split not reported). Maths -> STEM. Not statistically significant. Cluster = school (181 randomised; 167 matched-pair analysis; 89 treatment / 92 control allocated)."
murphy_2021-02,murphy_2021,82,murphy_2021,Murphy et al. 2021,Reading,3-6,0.007,0.0016,0.04,,,181,,True,True,standardized_independent,"KS2 (age-11) national reading test, percentilised national rank",1,,"g from Table 4 Panel B (cohort 2), Reading row, column 5 'Standardised' = 0.007 (SE 0.040). Fully-controlled ITT standardised mean difference; J~=0.99988 -> g=0.007, g_se=0.04, g_var=0.0016. mean_t/mean_c from Table 3 Panel B unconditional percentile means.",0.007,"Table 4 col 5, Panel B Reading (PDF p.35); means Table 3 Panel B (PDF p.34)",subagent,high,"Cohort 2 full 2-year dose. Reading -> Reading. Not statistically significant. Total cohort-2 N = 6,298 (no t/c split reported)."
murphy_2021-03,murphy_2021,82,murphy_2021,Murphy et al. 2021,Other,3-6,-0.021,0.001521,0.039,,,181,,True,True,standardized_independent,"KS2 (age-11) Spelling, Punctuation & Grammar (SPAG) test, percentilised national rank",1,,"g from Table 4 Panel B (cohort 2), SPAG row, column 5 'Standardised' = -0.021 (SE 0.039). Fully-controlled ITT standardised mean difference; J~=0.99988 -> g=-0.021, g_se=0.039, g_var=0.001521. mean_t/mean_c from Table 3 Panel B (both 45.35; impact in col 3 there shown as -1.31).",-0.021,"Table 4 col 5, Panel B SPAG (PDF p.35); means Table 3 Panel B (PDF p.34)",subagent,high,"Cohort 2 full 2-year dose. SPAG (writing/language) -> Other per spec. Not statistically significant. Total cohort-2 N = 6,298."
murphy_2021-04,murphy_2021,82,murphy_2021,Murphy et al. 2021,Other,3-6,0.023,0.002025,0.04499,,,181,,True,True,standardized_independent,"KS2 (age-11) combined maths+reading 'Test Score' (pre-specified PRIMARY outcome), percentilised national rank",1,,"g from Table 4 Panel B (cohort 2), Test Score row, column 5 'Standardised' = 0.023 (SE 0.045). Fully-controlled ITT standardised mean difference; J~=0.99988 -> g=0.023, g_se=0.04499, g_var=0.002025. mean_t/mean_c from Table 3 Panel B unconditional percentile means.",0.023,"Table 4 col 5, Panel B Test Score (PDF p.35); means Table 3 Panel B (PDF p.34)",subagent,high,"Cohort 2 full 2-year dose. This is the report's HEADLINE/pre-specified PRIMARY outcome: cross-subject COMPOSITE = average of maths(STEM) + reading(Reading), which are also extracted separately above -> outcome_role=composite to avoid double counting. Subject mapping ambiguous (mixed maths+reading); recorded as Other. Not statistically significant. Total cohort-2 N = 6,298."
murphy_2021-05,murphy_2021,82,murphy_2021,Murphy et al. 2021,STEM,3-6,0.032,0.0016,0.04,,,181,,True,True,standardized_independent,"KS2 (age-11) national maths test, percentilised national rank",1,,"g from Table 4 Panel A (cohort 1), Maths row, column 5 'Standardised' = 0.032 (SE 0.040). Fully-controlled ITT standardised mean difference; J~=0.99988 -> g=0.032, g_se=0.04, g_var=0.0016. mean_t/mean_c from Table 3 Panel A unconditional percentile means.",0.032,"Table 4 col 5, Panel A Maths (PDF p.35); means Table 3 Panel A (PDF p.34)",subagent,high,"Cohort 1 = 1-year exposure (intervention concentrated in year 1), tested 2014/15. Maths -> STEM. Not statistically significant. Total cohort-1 N = 6,436 (no t/c split reported). Provided as the secondary (shorter-dose) cohort; cohort 2 is the full-dose wave."
murphy_2021-06,murphy_2021,82,murphy_2021,Murphy et al. 2021,Reading,3-6,-0.013,0.001225,0.035,,,181,,True,True,standardized_independent,"KS2 (age-11) national reading test, percentilised national rank",1,,"g from Table 4 Panel A (cohort 1), Reading row, column 5 'Standardised' = -0.013 (SE 0.035). Fully-controlled ITT standardised mean difference; J~=0.99988 -> g=-0.013, g_se=0.035, g_var=0.001225. mean_t/mean_c from Table 3 Panel A.",-0.013,"Table 4 col 5, Panel A Reading (PDF p.35); means Table 3 Panel A (PDF p.34)",subagent,high,"Cohort 1 1-year dose. Reading -> Reading. Not statistically significant. Total cohort-1 N = 6,436."
murphy_2021-07,murphy_2021,82,murphy_2021,Murphy et al. 2021,Other,3-6,-0.009,0.0016,0.04,,,181,,True,True,standardized_independent,"KS2 (age-11) Spelling, Punctuation & Grammar (SPAG) test, percentilised national rank",1,,"g from Table 4 Panel A (cohort 1), SPAG row, column 5 'Standardised' = -0.009 (SE 0.040). Fully-controlled ITT standardised mean difference; J~=0.99988 -> g=-0.009, g_se=0.04, g_var=0.0016. mean_t/mean_c from Table 3 Panel A.",-0.009,"Table 4 col 5, Panel A SPAG (PDF p.35); means Table 3 Panel A (PDF p.34)",subagent,high,"Cohort 1 1-year dose. SPAG -> Other. Not statistically significant. Total cohort-1 N = 6,436."
murphy_2021-08,murphy_2021,82,murphy_2021,Murphy et al. 2021,STEM,3-6,-0.063,0.001521,0.039,,,181,,True,True,researcher_made,"KS2 (age-11) science (teacher-assessed, 13-level coarse scale; NOT percentilised)",0,researcher_made,"g from Table 4 Panel A (cohort 1), Science row, column 5 'Standardised' = -0.063 (SE 0.039). Fully-controlled ITT standardised mean difference; J~=0.99988 -> g=-0.063, g_se=0.039, g_var=0.001521. mean_t/mean_c are the 13-level teacher-assessed science means from Table 3 Panel A (4.26 vs 4.27).",-0.063,"Table 4 col 5, Panel A Science (PDF p.35); means Table 3 Panel A (PDF p.34)",subagent,high,"Cohort 1 only (no science for cohort 2 - not recorded in 2015/16). Science -> STEM per spec. Test is TEACHER-ASSESSED on a coarse 13-level scale (not an externally-marked standardised test) -> test_type=researcher_made for central filtering; the meta-analysis included only independent measures, so this row may be filtered out centrally. Not statistically significant. Total cohort-1 N = 6,436."
murphy_2021-09,murphy_2021,82,murphy_2021,Murphy et al. 2021,Other,3-6,0.011,0.001521,0.039,,,181,,True,True,standardized_independent,"KS2 (age-11) combined maths+reading 'Test Score' (pre-specified PRIMARY outcome), percentilised national rank",1,,"g from Table 4 Panel A (cohort 1), Test Score row, column 5 'Standardised' = 0.011 (SE 0.039). Fully-controlled ITT standardised mean difference; J~=0.99988 -> g=0.011, g_se=0.039, g_var=0.001521. mean_t/mean_c from Table 3 Panel A.",0.011,"Table 4 col 5, Panel A Test Score (PDF p.35); means Table 3 Panel A (PDF p.34)",subagent,high,"Cohort 1 1-year dose. Report's HEADLINE pre-specified PRIMARY outcome = combined maths+reading composite (subsumes the maths/reading rows above) -> outcome_role=composite. Subject mapping ambiguous; recorded as Other. Not statistically significant. Total cohort-1 N = 6,436."
newman_2012-01,newman_2012,83,newman_2012,Newman et al. 2012,STEM,4-8,0.04858,0.000242,0.01557,10022,8691,82,,True,True,standardized_independent,Stanford Achievement Test Tenth Edition (SAT 10) mathematics problem solving (scale score),1,,"d = regression-adjusted multilevel impact estimate / control-group posttest SD = 2.06 / 42.4 = 0.04858 (matches the report's reported effect size 0.05; report standardizes by the control-group posttest SD with between-grade differences removed). Hedges' g = J*d, df = n_t+n_c-2 = 18711, J = 0.999960, g = 0.04858. g_se = J*(impact_se/SD_control) = 0.999960*(0.66/42.4) = 0.01557; g_var = g_se^2 = 0.000242. SE from the benchmark multilevel model (accounts for school clustering).",2.06,"Exec. summary p.xxv (fig.1); Ch.4 Table 4.2 (p.83: AMSTI mean 661.8, control 659.7, effect 2.1, SE 0.7, p=.004, ES 0.05); Table 4.1 (p.82: n schools/teachers/students, control posttest SD 42.4)",subagent,high,"Primary confirmatory outcome #1. Impact 2.06 scale points (SE 0.66, p=.004), statistically significant (alpha=.025 after Bonferroni). n=82 schools, 18,713 students (AMSTI 41 schools/10,022 students; control 41 schools/8,691 students). Two-year exploratory effect (control no longer pure) was 3.74 scale points, SE 1.66, ES 0.10, p=.030 (Table 5.2) -- NOT extracted here per spec (use end-of-pure-control wave = Year 1)."
newman_2012-02,newman_2012,83,newman_2012,Newman et al. 2012,STEM,5 & 7,0.04952,0.000827,0.02875,4082,3446,79,,True,True,standardized_independent,Stanford Achievement Test Tenth Edition (SAT 10) science (scale score),1,,"d = regression-adjusted multilevel impact estimate / control-group posttest SD = 1.55 / 31.3 = 0.04952 (matches the report's reported effect size 0.05). Hedges' g = J*d, df = n_t+n_c-2 = 7526, J = 0.999900, g = 0.04952. g_se = J*(impact_se/SD_control) = 0.999900*(0.90/31.3) = 0.02875; g_var = 0.000827. SE from the benchmark multilevel model (accounts for school clustering).",1.55,"Exec. summary p.xxvi (fig.2); Ch.4 Table 4.4 (p.85: AMSTI mean 656.1, control 654.6, effect 1.6, SE 0.9, p=.092, ES 0.05); Table 4.3 (p.84: n schools/teachers/students, control posttest SD 31.3)",subagent,high,"Primary confirmatory outcome #2. Impact 1.55 scale points (SE 0.90, p=.092), NOT statistically significant. n=79 schools, 7,528 students (AMSTI 39 schools/4,082 students; control 40 schools/3,446 students). Science measured only in grades 5 and 7. Two-year exploratory effect was 4.00 scale points, SE 1.90, ES 0.13, p=.038 (Table 5.4) -- NOT extracted here (control contaminated in Year 2)."
newman_2012-03,newman_2012,83,newman_2012,Newman et al. 2012,Reading,4-8,0.06358,0.000163,0.01277,10019,8691,82,,True,True,standardized_independent,Stanford Achievement Test Tenth Edition (SAT 10) reading (scale score),1,,"d = regression-adjusted multilevel impact estimate / control-group posttest SD = 2.34 / 36.8 = 0.06359 (matches the report's reported effect size 0.06). Hedges' g = J*d, df = n_t+n_c-2 = 18708, J = 0.999960, g = 0.06358. g_se = J*(impact_se/SD_control) = 0.999960*(0.47/36.8) = 0.01277; g_var = 0.000163. SE from the benchmark multilevel model (accounts for school clustering).",2.34,"Exec. summary p.xxvi; Ch.6 Table 6.2 (p.98: AMSTI mean 665.5, control 663.2, effect 2.3, SE 0.5, p<.001, ES 0.06); Table 6.1 (p.97: n schools/teachers/students, control posttest SD 36.8)",subagent,high,"Exploratory outcome (the report's confirmatory outcomes were only math and science; reading was an additional Year-1 exploratory question, answerable without the Year-2 assumptions). Impact 2.34 scale points (SE 0.47, p<.001), statistically significant. n=82 schools, 18,710 students (AMSTI 41 schools/10,019 students; control 41 schools/8,691 students). AMSTI targeted math and science teaching, not reading, so this is a spillover/transfer outcome. outcome_role=secondary, not primary."
nugent_2016-01,nugent_2016,84,nugent_2016,Nugent et al. 2016,STEM,Middle school (~6-8),0.1798,0.004879,0.0698,419,403,110,,False,True,standardized_independent,"Student science Knowledge multiple-choice test (middle-school form; items drawn from SCASS, NAEP, TIMSS public inquiry-question banks)",1,,"Hedges' g = J*d using the report's stated Cohen's d=.18 (text p.23, significant). df = n_t+n_c-2 = 820, J = 0.9991, g = 0.9991*0.18 = 0.1798. Confirmed against Table 5 post-unit descriptives: pooled SD = 0.175, raw post d = (0.73-0.70)/0.175 = 0.172 ~= reported .18. Var(d) = (n_t+n_c)/(n_t*n_c) + d^2/(2*(n_t+n_c)) = 0.004883; Var(g)=J^2*Var(d)=0.004879; g_se=0.0698. impact_estimate/impact_se are the model Group x Time (Time 2) coefficient on the proportion-correct scale (Table 6, MS Knowledge: Est=.02, SE=.01, df=657, p<.05), recorded for traceability but not used to standardize g.",0.02,Table 5 & Table 6 (p. 23); narrative p. 23 ('middle school results were significant... small effect size (d = .18)'),subagent,medium,"Significant favorable middle-school science knowledge effect. Model is a 4-level mixed model controlling baseline and cohort; reported d derived from the model. Cluster RCT (schools randomized) but d not cluster-adjusted -> cluster_adjusted=false, n_clusters=110 (icc not reported, not guessed). Achievement (knowledge test), full sample of MS students."
nugent_2016-02,nugent_2016,84,nugent_2016,Nugent et al. 2016,STEM,High school (~9-12),0.0,0.004909,0.0701,426,389,110,,False,True,standardized_independent,"Student science Knowledge multiple-choice test (high-school form; items drawn from SCASS, NAEP, TIMSS public inquiry-question banks)",1,,"Non-significant outcome; no Cohen's d printed. The mixed-model Group x Time (Time 2) coefficient is Est=0.00, SE=.01, p=.97 (Table 6, HS Knowledge), indicating no differential growth -> g=0. (Raw post-unit posttest difference would give d=(0.64-0.62)/0.210=0.095, but both arms gained ~0.03 from baseline so the pretest-adjusted/growth impact is ~0; the model value of 0 is used.) Var(d) sample-size formula at d=0 = (n_t+n_c)/(n_t*n_c) = 0.004914; Var(g)=J^2*Var(d)=0.004909 (J=0.9991, df=813); g_se=0.0701.",0.0,Table 5 & Table 6 (p. 23); narrative p. 23 ('high school knowledge outcome... showed no significant treatment-control difference'),subagent,medium,"Null high-school science knowledge contrast (explicitly the one non-significant student knowledge result). g=0 from the model growth coefficient (Group x Time Est=0, p=.97). Achievement (knowledge test), full sample of HS students."
nugent_2016-03,nugent_2016,84,nugent_2016,Nugent et al. 2016,STEM,Middle school (~6-8),0.3397,0.00528,0.0727,409,361,110,,False,False,researcher_made,"Student Inquiry Rubric (SIR): teacher-rated student science practice skills (question, investigate, analyze/collect data, explain, communicate; 4-point scale)",0,researcher_made,"Hedges' g = J*d using the report's stated Cohen's d=.34 (text p.24; p=.056, 'approached significance'). df = n_t+n_c-2 = 768, J = 0.9990, g = 0.9990*0.34 = 0.3397. Confirmed against Table 5 post-unit descriptives: pooled SD = 0.760, raw d = (3.01-2.75)/0.760 = 0.342 ~= reported .34. Var(d) = (n_t+n_c)/(n_t*n_c) + d^2/(2*(n_t+n_c)) = 0.005291; Var(g)=J^2*Var(d)=0.005280; g_se=0.0727. impact_estimate/impact_se = model Group fixed effect on the rubric scale (Table 6, MS Practice: Est=.24, SE=.13, df=721, p=.06), recorded for traceability.",0.24,Table 5 & Table 6 (p. 23); narrative p. 24 ('not the middle school... probability level approached significance (.056)... small-medium effect size (d = .34)'),subagent,medium,"Middle-school student science-PRACTICE skills, the report's 'key student outcome'. Favorable, p=.056 (FDR/cohort-adjusted), d=.34. CAVEAT: SIR is rated by the students' OWN teachers, who were not blind to condition and were the intervention recipients -> potential rater bias inflating the practice effect; also researcher-made and single-timepoint (no baseline, so not pretest-adjusted). cluster_adjusted=false, n_clusters=110."
nugent_2016-04,nugent_2016,84,nugent_2016,Nugent et al. 2016,STEM,High school (~9-12),0.3996,0.004933,0.0702,423,403,110,,False,False,researcher_made,"Student Inquiry Rubric (SIR): teacher-rated student science practice skills (question, investigate, analyze/collect data, explain, communicate; 4-point scale)",0,researcher_made,"Hedges' g = J*d using the report's stated Cohen's d=.40 (text p.24, significant). df = n_t+n_c-2 = 824, J = 0.9991, g = 0.9991*0.40 = 0.3996. Confirmed against Table 5 post-unit descriptives: pooled SD = 0.772, raw d = (3.06-2.76)/0.772 = 0.389 ~= reported .40. Var(d) = (n_t+n_c)/(n_t*n_c) + d^2/(2*(n_t+n_c)) = 0.004937; Var(g)=J^2*Var(d)=0.004933; g_se=0.0702. impact_estimate/impact_se = model Group fixed effect on the rubric scale (Table 6, HS Practice: Est=.3, SE=.11, df=768, p<.01), recorded for traceability.",0.3,Table 5 & Table 6 (p. 23); narrative p. 24 ('significantly higher for treatment versus control at the high school level (d = .40)'),subagent,medium,"High-school student science-PRACTICE skills, significant favorable effect, d=.40, the report's 'key student outcome'. Same CAVEAT as MS Practice: SIR rated by students' own non-blinded treatment teachers (rater-bias risk); researcher-made; single post-unit timepoint, not pretest-adjusted. cluster_adjusted=false, n_clusters=110."
ohare_2019-01,ohare_2019,85,ohare_2019,O'Hare et al. 2019,Reading,3-6,0.0,0.0011,0.0332,1666,1532,94,0.06,True,True,standardized_independent,"New Group Reading Test (NGRT) - overall reading ability (total score, 47 items)",1,,"Hedges' g reported directly by authors (Table 13): multilevel ANCOVA group coefficient / pooled SD, SD computed accounting for clustering (Connolly et al. 2017: SD = SE_group * sqrt(N_group) from a null mixed model), on pretest-adjusted post-test means. Taken directly as g. SE derived from reported 95% CI (-0.06, 0.07): SE = (0.07-(-0.06))/(2*1.95996); g_var = SE^2. mean/sd fields are RAW post-test values (report prints raw means; g standardised on adjusted means).",0.0,p.38 Table 13 (universal primary analysis); also p.6 Table 1 (exec summary),subagent,high,"Universal whole-class arm, full Year 4 sample. Reading -> Reading per spec. N in model 3198 (1666 int; 1532 ctrl). p=0.795 (no significant effect). 'Overall reading' total score subsumes the comprehension subscale (composite). icc=0.06 = analysis-stage school-level ICC from overall-reading model."
ohare_2019-02,ohare_2019,85,ohare_2019,O'Hare et al. 2019,Reading,3-6,-0.02,0.001464,0.0383,1557,1401,94,0.06,True,True,standardized_independent,"New Group Reading Test (NGRT) - reading comprehension subscale (passage comprehension, 27 items)",0,redundant_subscale,"Hedges' g reported directly by authors (Table 13): multilevel ANCOVA coefficient / cluster-accounting pooled SD on pretest-adjusted means. Taken directly as g. SE derived from reported 95% CI (-0.09, 0.06): SE = (0.06-(-0.09))/(2*1.95996); g_var = SE^2. mean/sd are RAW post-test values.",-0.02,p.38 Table 13 (universal primary analysis); also p.6 Table 1 (exec summary),subagent,high,Universal whole-class arm. Comprehension is a subscale of overall reading. N in model 2958 (1557 int; 1401 ctrl); n lower than overall reading because very-low-ability pupils sat a phonics subtest instead of comprehension. p=0.494 (no significant effect). icc=0.06 = analysis-stage overall-reading ICC (no separate comprehension ICC printed).
ohare_2019-03,ohare_2019,85,ohare_2019,O'Hare et al. 2019,Reading,3-6,0.14,0.00287,0.0536,678,618,94,0.15,True,True,standardized_independent,"New Group Reading Test (NGRT) - overall reading ability (total score, 47 items)",0,subgroup,"Hedges' g reported directly by authors (Table 14): multilevel ANCOVA coefficient / cluster-accounting pooled SD on pretest-adjusted means. Taken directly as g. SE derived from reported 95% CI (0.04, 0.25): SE = (0.25-0.04)/(2*1.95996); g_var = SE^2. mean/sd are RAW post-test values (note large raw intervention>control gap is partly baseline imbalance; adjusted g is smaller).",0.14,p.39 Table 14 (targeted primary analysis); also p.6 Table 1 (exec summary),subagent,high,"Targeted arm: pupils were pre-selected by teachers as poor comprehenders (good decoders) prior to randomisation -> not the full pupil population (is_full_sample=false; targeted_population would be 'Specific', so this is the SECONDARY arm relative to registry row 85). N in model 1296 (678 int; 618 ctrl). p=0.001 (significant; ~2 months progress). 'Overall reading' = composite subsuming comprehension. icc=0.15 = analysis-stage overall-reading ICC for targeted sample."
ohare_2019-04,ohare_2019,85,ohare_2019,O'Hare et al. 2019,Reading,3-6,0.18,0.00315,0.0561,668,602,94,0.15,True,True,standardized_independent,"New Group Reading Test (NGRT) - reading comprehension subscale (passage comprehension, 27 items)",0,subgroup,"Hedges' g reported directly by authors (Table 14): multilevel ANCOVA coefficient / cluster-accounting pooled SD on pretest-adjusted means. Taken directly as g. SE derived from reported 95% CI (0.07, 0.29): SE = (0.29-0.07)/(2*1.95996); g_var = SE^2. mean/sd are RAW post-test values.",0.18,p.39 Table 14 (targeted primary analysis); also p.6 Table 1 (exec summary),subagent,high,"Targeted arm, pre-selected poor-comprehender subgroup (is_full_sample=false). Comprehension subscale of overall reading. N in model 1270 (668 int; 602 ctrl). p<0.001 (significant; ~2 months progress). icc=0.15 = analysis-stage overall-reading ICC for targeted sample (no separate comprehension ICC printed)."
olson_2012-01,olson_2012,86,olson_2012,Olson et al. 2012,Other,7-12,0.6668,0.01603,0.1266,,,72,,True,True,researcher_made,"Assessment of Literary Analysis (ALA) on-demand analytical writing assessment, posttest May 2009",0,researcher_made,"Table 3 Pathway treatment fixed effect (beta1) = 0.674 with s.e. = 0.128, t = 5.247. ALA was normed within grade level so the coefficient is the standardized mean difference d = 0.674. g = J*d with J = 1 - 3/(4*df-1), df = n_clusters - 2 = 70 (J = 0.98925): g = 0.6668. g_se = J*se = 0.98925*0.128 = 0.1266; g_var = g_se^2 = 0.01603. SE from 3-level HLM -> cluster_adjusted = true; classroom CST-pretest-mean covariate -> pretest_adjusted = true. Standardized within-grade so the standardizing SD is the within-grade SD of the ALA posttest.",0.674,"Table 3, ALA column (Pathway treatment effect row); Results RQ1 (p. ~36)",subagent,high,"Study's primary/headline confirmatory outcome; statistically significant (random-effect p<.001; treatment fixed effect t=5.247). On-demand analytical-writing assessment developed by the researchers, scored holistically on a 6-point scale (rubrics adapted from CAHSEE/STAR/NAEP). Grades 6-12, 72 classrooms (34 Pathway, 38 control); ~50% of essays per class scored due to budget. Year 2 (2008-09) replicates the Year 1 ALA effect (d=.35, Kim et al. 2011). Researcher/developer-made -> the meta-analysis (independent measures only) likely excludes this, but extracted per spec instruction to capture all achievement outcomes and label type."
olson_2012-02,olson_2012,86,olson_2012,Olson et al. 2012,Reading,7-12,0.0652,0.00254,0.0504,,,66,,True,True,standardized_independent,"California Standards Test (CST) English Language Arts -- total score, spring 2009",1,,"Table 3 CST Total column Pathway treatment fixed effect = 0.066, s.e. = 0.051, t = 1.280. CST normed within grade -> coefficient is d = 0.066. g = J*d, df = n_clusters - 2 = 64, J = 0.98824: g = 0.0652. g_se = 0.98824*0.051 = 0.0504; g_var = 0.00254. 3-level HLM with classroom CST-pretest covariate -> cluster_adjusted and pretest_adjusted = true.",0.066,"Table 3, CST Total column (Pathway treatment effect row); Results RQ1",subagent,high,"Composite ELA score subsuming the CST Reading and CST Writing subtests (both extracted below as subscales). Positive, non-significant (t=1.280; treatment random-effect p=.226). Independent California state standardized test (grades 6-11; grade 12 excluded). CST analysis sample = 66 classrooms (31 Pathway, 35 control). Mapped to Reading (ELA/literacy)."
olson_2012-03,olson_2012,86,olson_2012,Olson et al. 2012,Reading,7-12,0.0652,0.00264,0.0514,,,66,,True,True,standardized_independent,"California Standards Test (CST) -- reading subtest, spring 2009",0,redundant_subscale,"Table 3 CST Reading Subtest column = 0.066, s.e. = 0.052, t = 1.258. Within-grade normed -> d = 0.066. g = J*d, df = 64, J = 0.98824: g = 0.0652. g_se = 0.98824*0.052 = 0.0514; g_var = 0.00264. 3-level HLM, pretest covariate -> cluster/pretest adjusted.",0.066,"Table 3, CST Reading Subtest column (Pathway treatment effect row)",subagent,high,"Subscale of CST Total ELA composite. CST reading score = word analysis/fluency/vocabulary + reading comprehension (informational text) + literary response & analysis subtests. Positive, non-significant (t=1.258; p=.193). Independent state standardized test, grades 6-11."
olson_2012-04,olson_2012,86,olson_2012,Olson et al. 2012,Other,7-12,0.0642,0.00264,0.0514,,,66,,True,True,standardized_independent,"California Standards Test (CST) -- writing subtest, spring 2009",0,redundant_subscale,"Table 3 CST Writing Subtest column = 0.065, s.e. = 0.052, t = 1.247. Within-grade normed -> d = 0.065. g = J*d, df = 64, J = 0.98824: g = 0.0642. g_se = 0.98824*0.052 = 0.0514; g_var = 0.00264. 3-level HLM, pretest covariate -> cluster/pretest adjusted.",0.065,"Table 3, CST Writing Subtest column (Pathway treatment effect row)",subagent,high,"Subscale of CST Total ELA composite. CST writing score = written/oral English language conventions + writing strategies subtests. Positive, non-significant (t=1.247; p=.239). Mapped to Other (writing/language). Independent state standardized test, grades 6-11."
olson_2012-05,olson_2012,86,olson_2012,Olson et al. 2012,Reading,7-12,0.0929,0.00181,0.0425,,,66,,True,True,standardized_independent,"California Standards Test (CST) English Language Arts -- total score, spring 2009 (all classrooms)",1,,"Table 4 (All Classrooms) CST Total column Pathway treatment effect = 0.094, s.e. = 0.043, t = 2.178. Within-grade normed -> d = 0.094. g = J*d, df = n_clusters - 2 = 64, J = 0.98824: g = 0.0929. g_se = 0.98824*0.043 = 0.0425; g_var = 0.00181. 4-level HLM (students within sections within teachers within blocks) with pretest covariate -> cluster_adjusted and pretest_adjusted = true.",0.094,"Table 4 (All Classrooms), CST Total column (Pathway treatment effect row); Results RQ2",subagent,high,"RQ2 external-validity/transfer estimate using ALL classroom sections taught by each Pathway/control teacher (a larger analytic sample than the experimental-teacher sample in Table 3, but SAME teachers, same treatment, same end-of-treatment timepoint). Statistically significant (t=2.178; treatment random-effect p=.026). Composite ELA. Provided as a robustness/transfer analysis; outcome_role=secondary relative to the Table 3 headline. Independent state standardized test, grades 6-11. Not a subgroup -> is_full_sample=true."
olson_2012-06,olson_2012,86,olson_2012,Olson et al. 2012,Reading,7-12,0.082,0.00181,0.0425,,,66,,True,True,standardized_independent,"California Standards Test (CST) -- reading subtest, spring 2009 (all classrooms)",1,,"Table 4 (All Classrooms) CST Reading Subtest = 0.083, s.e. = 0.043, t = 1.906. Within-grade normed -> d = 0.083. g = J*d, df = 64, J = 0.98824: g = 0.0820. g_se = 0.98824*0.043 = 0.0425; g_var = 0.00181. 4-level HLM, pretest covariate -> cluster/pretest adjusted.",0.083,"Table 4 (All Classrooms), CST Reading Subtest column (Pathway treatment effect row)",subagent,high,"All-classrooms (RQ2) reading subtest. Positive, non-significant (t=1.906; treatment random-effect p=.029 for the variance component, but the fixed-effect t<1.96). No evidence of transfer to reading per authors' discussion (d=.083). Same teachers/timepoint as Table 3, larger analytic sample. Independent state standardized test, grades 6-11."
olson_2012-07,olson_2012,86,olson_2012,Olson et al. 2012,Other,7-12,0.0988,0.00189,0.0435,,,66,,True,True,standardized_independent,"California Standards Test (CST) -- writing subtest, spring 2009 (all classrooms)",1,,"Table 4 (All Classrooms) CST Writing Subtest = 0.100, s.e. = 0.044, t = 2.238. Within-grade normed -> d = 0.100. g = J*d, df = 64, J = 0.98824: g = 0.0988. g_se = 0.98824*0.044 = 0.0435; g_var = 0.00189. 4-level HLM, pretest covariate -> cluster/pretest adjusted.",0.1,"Table 4 (All Classrooms), CST Writing Subtest column (Pathway treatment effect row)",subagent,high,"All-classrooms (RQ2) writing subtest -- the abstract's reported transfer effect (d=.10). Statistically significant (t=2.238; treatment random-effect p=.010). Authors interpret this as evidence that improved writing instruction transferred to the independent state CST writing subtest. Mapped to Other (writing/language). Same teachers/timepoint as Table 3, larger analytic sample. Independent state standardized test, grades 6-11."
olson_2017-01,olson_2017,87,olson_2017,Olson et al. 2017,Other,7-12,0.5996,0.00851,0.0923,634,616,81,,True,True,researcher_made,Academic Writing Assessment (AWA) on-demand text-based analytical essay (scored 2-12),0,researcher_made,"Covariate/pretest-adjusted gain-score regression (Table 6 Model B): Pathway coefficient b=1.30 on the AWA scale, cluster-robust SE=0.20. Standardized by the pooled pretest SD s=1.30/0.60=2.167 (matches paper's reported d). d=b/s=0.6000, se_d=SE/s=0.0923. g=J*d with J=1-3/(4*df-1), df=N-2=1248, J=0.99940, g=0.5996; g_se=J*se_d=0.0923, g_var=g_se^2=0.008510. SEs are Huber-White cluster-robust by classroom -> cluster_adjusted=true.",1.3,"Table 6 (Year 2 Model B, p.61); Table 5 means (p.60); results p.35; abstract p.2",subagent,high,"Headline confirmatory writing outcome, Year 2 (paper's end-of-treatment replication; Year-2 students are first-year-program students taught by second-year-program teachers). Reported d=0.60, p<.001. Unadjusted All-students gain difference = 1.22 (Table 5). AWA is a researcher/developer-made on-demand analytical-writing measure most closely tied to the intervention. Writing -> outcome_subject Other. mean/sd are unadjusted Year-2 posttest values (Table 5 All students). Per-arm n from Table 5 baseline (616 control / 634 Pathway); regression N=1250."
olson_2017-02,olson_2017,87,olson_2017,Olson et al. 2017,Other,7-12,0.4798,0.009992,0.1,966,851,93,,True,True,researcher_made,Academic Writing Assessment (AWA) on-demand text-based analytical essay (scored 2-12),0,researcher_made,"Covariate/pretest-adjusted gain-score regression (Table 6 Model 2): Pathway coefficient b=0.96 on the AWA scale, cluster-robust SE=0.20. Standardized by the pooled pretest SD s=0.96/0.48=2.00 (matches paper's reported d; pooled pretest SD from Table 4 All-students row is 1.99). d=b/s=0.4800, se_d=SE/s=0.1000. g=J*d, df=N-2=1815, J=0.99959, g=0.4798; g_se=J*se_d=0.1000, g_var=0.009992. SEs are Huber-White cluster-robust by classroom -> cluster_adjusted=true.",0.96,"Table 6 (Year 1 Model 2, p.61); Table 4 means (p.59); results p.35; abstract p.2",subagent,high,"Headline confirmatory writing outcome, Year 1. Reported d=0.48, p<.001. Unadjusted All-students gain difference = 0.99 (Table 4). Distinct student cohort from Year 2. AWA = researcher/developer-made on-demand analytical-writing measure. Writing -> outcome_subject Other. mean/sd are unadjusted Year-1 posttest values (Table 4 All students). Per-arm n from Table 4 baseline (851 control / 966 Pathway); regression N=1817 (two Pathway teachers did not give the AWA posttest)."
olson_2017-03,olson_2017,87,olson_2017,Olson et al. 2017,Reading,10,0.6951,0.042788,0.2069,122,114,,,False,False,standardized_independent,California High School Exit Exam (CAHSEE) -- 10th-grade pass rate (ELA/math state exit exam),0,subgroup,"Dichotomous pass/fail outcome (Table 8, All 10th grade): control 79/114 passed (69.30%), Pathway 107/122 passed (87.70%), unadjusted difference 18.4 pp (p<.001). g via Cox/logit transform of the odds ratio: OR=(0.877/0.123)/(0.693/0.307)=3.160, d=ln(OR)/1.65=0.6974; Var(d)=Var(lnOR)/1.65^2 with Var(lnOR)=1/107+1/15+1/79+1/35=0.1165, Var(d)=0.04279. g=J*d, df=234, J=0.99678, g=0.6951, g_se=0.2069, g_var=0.04279. NOTE: covariate-adjusted cluster-robust logistic model (Table 9 Model B) gives OR=2.19 (t=0.96, ns) -> d=0.475, g=0.474, g_se=0.493 (non-significant); authors call CAHSEE regression results 'suggestive rather than definitive'. impact_estimate reported here is the unadjusted risk difference (0.184).",0.184,"Table 8 (p.63, All 10th grade); Table 9 Model B (p.64); results p.37",subagent,high,"CAHSEE = independent state high-school exit exam (standardized_independent); 10th-graders ONLY (a non-randomised grade subset of the 7-12 sample), so is_full_sample=false, grade_band=10. Binary pass-rate outcome -> g is an approximation via the Cox logit transform of the odds ratio, flagged. Unadjusted contrast is large and significant; adjusted logistic model (Table 9) non-significant due to small 10th-grade subsample. Reading/ELA-related literacy exam -> outcome_subject Reading. mean_t/mean_c are pass proportions. pretest_adjusted=false and cluster_adjusted=false because the recorded g is from the UNADJUSTED pass rates; the adjusted-and-clustered version is in g_method/notes."
olson_2017-04,olson_2017,87,olson_2017,Olson et al. 2017,Reading,10,0.3194,0.016077,0.1268,313,262,,,False,False,standardized_independent,California High School Exit Exam (CAHSEE) -- 10th-grade pass rate (ELA/math state exit exam),0,subgroup,"Dichotomous pass/fail outcome (Table 7, All 10th grade): control 197/262 passed (75.19%), Pathway 262/313 passed (83.71%), unadjusted difference 8.52 pp (p<.01). g via Cox/logit transform of the odds ratio: OR=(0.8371/0.1629)/(0.7519/0.2481)=1.695, d=ln(OR)/1.65=0.3198; Var(lnOR)=1/262+1/51+1/197+1/65=0.04376, Var(d)=0.01608. g=J*d, df=573, J=0.99869, g=0.3194, g_se=0.1268, g_var=0.01608. NOTE: covariate-adjusted cluster-robust logistic model (Table 9 Model 2) gives OR=1.39 (t=0.81, ns) -> d=0.200, g=0.199, g_se=0.246 (non-significant). impact_estimate reported here is the unadjusted risk difference (0.0852).",0.0852,"Table 7 (p.62, All 10th grade); Table 9 Model 2 (p.64); results p.37",subagent,high,"CAHSEE = independent state high-school exit exam (standardized_independent); 10th-graders ONLY (non-randomised grade subset), so is_full_sample=false, grade_band=10. Binary pass-rate outcome -> g via Cox logit transform of OR, flagged. Year-1 unadjusted contrast significant (p<.01); adjusted logistic model (Table 9) non-significant. Reading/ELA-related literacy exam -> outcome_subject Reading. mean_t/mean_c are pass proportions. pretest_adjusted=false / cluster_adjusted=false because the recorded g is from the UNADJUSTED pass rates."
olson_2020-01,olson_2020,88,olson_2020,Olson et al. 2020,Reading,7-12 (SBAC analysis: grades 7-8 and 11),0.0595,0.002455,0.0495,,,134,,True,True,standardized_independent,Smarter Balanced Assessment Consortium (SBAC) ELA state standardized test,1,,"Paper reports d=0.06, s.e.=0.05 from multilevel ITT model (SBAC & CST standardized within analytic sample by grade). g = J*d, J=1-3/(4*83-1)=0.99094 (dof=83 Kenward-Roger), g=0.0595; g_se = J*0.05 = 0.0495; g_var = g_se^2 = 0.002455. Standardized within the analytic sample (grade-standardized SBAC scores).",0.06,"p.45 (State Standardized Test Scores: 'd=.06, s.e.=.05, p>.10, dof=83, student n=2,733, teacher n=134, block n=51')",subagent,high,"Independent/standardized achievement transfer measure (the meta-analysis 'External' test type). Non-significant (p>.10), positive. Total student n=2,733; teacher n=134; block n=51 (n_clusters=teacher n=134, the randomized unit). reading/ELA -> Reading."
olson_2020-02,olson_2020,88,olson_2020,Olson et al. 2020,Other,7-12,0.3185,0.003567,0.0597,,,225,,True,True,researcher_made,"NWP Analytic Writing Continuum for Literary Analysis (AWC-LA), holistic score (on-demand writing assessment)",0,researcher_made,"Paper reports d=0.32, se=0.06 from multilevel ITT gain-score model (outcome standardized within cohort/prompt; impact standardized within analytic sample). g = J*d, J=1-3/(4*163-1)=0.99539 (dof=163 Kenward-Roger), g=0.3185; g_se = J*0.06 = 0.0597; g_var = g_se^2 = 0.003567.",0.32,"p.45 + Table 2 (Impacts on AWC-LA, in Effect Sizes): Holistic Point-Estimate 0.32***, se 0.06, dof 163, Block N 81, Teacher N 225, Student N 894",subagent,high,"Headline/confirmatory outcome. Researcher/developer-made on-demand writing assessment (NWP AWC-LA), p<.001. writing -> Other. Total student N=894; teacher N=225; block N=81 (n_clusters=teacher N=225)."
olson_2020-03,olson_2020,88,olson_2020,Olson et al. 2020,Other,7-12,0.3086,0.004855,0.0697,,,225,,True,True,researcher_made,AWC-LA analytic attribute: Content,0,researcher_made,"d=0.31, se=0.07 (Table 2). g=J*d, J=0.99539 (dof=163), g=0.3086; g_se=J*0.07=0.0697; g_var=0.004855.",0.31,"Table 2 (Content 0.31***, se 0.07, dof 163, Student N 894)",subagent,high,Analytic subscale of the AWC-LA holistic composite. writing -> Other.
olson_2020-04,olson_2020,88,olson_2020,Olson et al. 2020,Other,7-12,0.2887,0.004855,0.0697,,,225,,True,True,researcher_made,AWC-LA analytic attribute: Structure,0,researcher_made,"d=0.29, se=0.07 (Table 2). g=J*d, J=0.99539 (dof=163), g=0.2887; g_se=J*0.07=0.0697; g_var=0.004855.",0.29,"Table 2 (Structure 0.29***, se 0.07, dof 163, Student N 894)",subagent,high,Analytic subscale of the AWC-LA holistic composite. writing -> Other.
olson_2020-05,olson_2020,88,olson_2020,Olson et al. 2020,Other,7-12,0.2688,0.004855,0.0697,,,225,,True,True,researcher_made,AWC-LA analytic attribute: Fluency (sentence fluency),0,researcher_made,"d=0.27, se=0.07 (Table 2). g=J*d, J=0.99539 (dof=163), g=0.2688; g_se=J*0.07=0.0697; g_var=0.004855.",0.27,"Table 2 (Fluency 0.27***, se 0.07, dof 163, Student N 894)",subagent,high,Analytic subscale of the AWC-LA holistic composite. writing -> Other.
olson_2020-06,olson_2020,88,olson_2020,Olson et al. 2020,Other,7-12,0.3185,0.004855,0.0697,,,225,,True,True,researcher_made,AWC-LA analytic attribute: Conventions,0,researcher_made,"d=0.32, se=0.07 (Table 2). g=J*d, J=0.99539 (dof=163), g=0.3185; g_se=J*0.07=0.0697; g_var=0.004855.",0.32,"Table 2 (Conventions 0.32***, se 0.07, dof 163, Student N 894)",subagent,high,Analytic subscale of the AWC-LA holistic composite. writing -> Other.
pcer_2008-01,pcer_2008,89,pcer_2008,PCER (2008),Reading,Pre-K,0.38858,0.02169,0.14727,103,105,14,,True,True,standardized_independent,Test of Early Reading Ability (TERA),0,redundant_subscale,"Reported effect size d=0.39 from Table E (spring pre-K, end-of-treatment), where d = (adjusted M_T - M_C)/sigma_pooled with sigma_pooled a site-specific model-based pooled population SD (Appendix B, eq.16). g = J*d, df=n_t+n_c-2=206, J=0.99635, g=0.3886. g_se derived from the Appendix-D covariate-adjusted spring pre-K mean difference (md=3.43) and its SE (1.3): implied site SD = md/d = 8.795; SE in d-units = SE_md/SD = 0.1478; g_se = J*SE_d = 0.1473; g_var = 0.02169. Pretest/baseline-adjusted (covariate) and cluster-accounted (HLM random classroom effect).",3.43,"Effect size d: Table E, p.xliii (PDF p.44). Spring pre-K covariate-adjusted mean difference + SE: Appendix D (Tables D-1a..D-15a), PDF pp.415-441. Pooled-SD method: Appendix B eq.(10)-(16), PDF pp.353-359. Model: Appendix B, PDF pp.341-352.",subagent,medium,impact_estimate/impact_se are the Appendix-D covariate-adjusted spring pre-K mean DIFFERENCE (T-C) and its SE in the measure's raw score units (NOT in d units); the standardized d is in Table E. TN site: Vanderbilt compared Bright Beginnings and Creative Curriculum to a shared control (teacher-developed curricula). 7 BB trt classrooms + 7 shared control classrooms.
pcer_2008-02,pcer_2008,89,pcer_2008,PCER (2008),Reading,Pre-K,0.34872,0.029245,0.17101,103,105,14,,True,True,standardized_independent,Woodcock-Johnson Letter-Word Identification (W score),0,redundant_subscale,"Reported effect size d=0.35 from Table E (spring pre-K, end-of-treatment), where d = (adjusted M_T - M_C)/sigma_pooled with sigma_pooled a site-specific model-based pooled population SD (Appendix B, eq.16). g = J*d, df=n_t+n_c-2=206, J=0.99635, g=0.3487. g_se derived from the Appendix-D covariate-adjusted spring pre-K mean difference (md=8.85) and its SE (4.34): implied site SD = md/d = 25.286; SE in d-units = SE_md/SD = 0.1716; g_se = J*SE_d = 0.1710; g_var = 0.02925. Pretest/baseline-adjusted (covariate) and cluster-accounted (HLM random classroom effect).",8.85,"Effect size d: Table E, p.xliii (PDF p.44). Spring pre-K covariate-adjusted mean difference + SE: Appendix D (Tables D-1a..D-15a), PDF pp.415-441. Pooled-SD method: Appendix B eq.(10)-(16), PDF pp.353-359. Model: Appendix B, PDF pp.341-352.",subagent,medium,impact_estimate/impact_se are the Appendix-D covariate-adjusted spring pre-K mean DIFFERENCE (T-C) and its SE in the measure's raw score units (NOT in d units); the standardized d is in Table E. TN site: Vanderbilt compared Bright Beginnings and Creative Curriculum to a shared control (teacher-developed curricula). 7 BB trt classrooms + 7 shared control classrooms.
pcer_2008-03,pcer_2008,89,pcer_2008,PCER (2008),Reading,Pre-K,0.17934,0.018017,0.13423,103,105,14,,True,True,standardized_independent,Woodcock-Johnson Spelling (W score),0,redundant_subscale,"Reported effect size d=0.18 from Table E (spring pre-K, end-of-treatment), where d = (adjusted M_T - M_C)/sigma_pooled with sigma_pooled a site-specific model-based pooled population SD (Appendix B, eq.16). g = J*d, df=n_t+n_c-2=206, J=0.99635, g=0.1793. g_se derived from the Appendix-D covariate-adjusted spring pre-K mean difference (md=4.81) and its SE (3.6): implied site SD = md/d = 26.722; SE in d-units = SE_md/SD = 0.1347; g_se = J*SE_d = 0.1342; g_var = 0.01802. Pretest/baseline-adjusted (covariate) and cluster-accounted (HLM random classroom effect).",4.81,"Effect size d: Table E, p.xliii (PDF p.44). Spring pre-K covariate-adjusted mean difference + SE: Appendix D (Tables D-1a..D-15a), PDF pp.415-441. Pooled-SD method: Appendix B eq.(10)-(16), PDF pp.353-359. Model: Appendix B, PDF pp.341-352.",subagent,medium,impact_estimate/impact_se are the Appendix-D covariate-adjusted spring pre-K mean DIFFERENCE (T-C) and its SE in the measure's raw score units (NOT in d units); the standardized d is in Table E. TN site: Vanderbilt compared Bright Beginnings and Creative Curriculum to a shared control (teacher-developed curricula). 7 BB trt classrooms + 7 shared control classrooms.
pcer_2008-04,pcer_2008,89,pcer_2008,PCER (2008),Reading,Pre-K,-0.06974,0.011354,0.10655,103,105,14,,True,True,standardized_independent,Pre-CTOPPP Elision (phonological awareness),1,,"Reported effect size d=-0.07 from Table E (spring pre-K, end-of-treatment), where d = (adjusted M_T - M_C)/sigma_pooled with sigma_pooled a site-specific model-based pooled population SD (Appendix B, eq.16). g = J*d, df=n_t+n_c-2=206, J=0.99635, g=-0.0697. g_se derived from the Appendix-D covariate-adjusted spring pre-K mean difference (md=-0.36) and its SE (0.55): implied site SD = md/d = 5.143; SE in d-units = SE_md/SD = 0.1069; g_se = J*SE_d = 0.1066; g_var = 0.01135. Pretest/baseline-adjusted (covariate) and cluster-accounted (HLM random classroom effect).",-0.36,"Effect size d: Table E, p.xliii (PDF p.44). Spring pre-K covariate-adjusted mean difference + SE: Appendix D (Tables D-1a..D-15a), PDF pp.415-441. Pooled-SD method: Appendix B eq.(10)-(16), PDF pp.353-359. Model: Appendix B, PDF pp.341-352.",subagent,medium,impact_estimate/impact_se are the Appendix-D covariate-adjusted spring pre-K mean DIFFERENCE (T-C) and its SE in the measure's raw score units (NOT in d units); the standardized d is in Table E. TN site: Vanderbilt compared Bright Beginnings and Creative Curriculum to a shared control (teacher-developed curricula). 7 BB trt classrooms + 7 shared control classrooms.
pcer_2008-05,pcer_2008,89,pcer_2008,PCER (2008),Other,Pre-K,0.12953,0.015532,0.12463,103,105,14,,True,True,standardized_independent,Peabody Picture Vocabulary Test (PPVT),0,redundant_subscale,"Reported effect size d=0.13 from Table E (spring pre-K, end-of-treatment), where d = (adjusted M_T - M_C)/sigma_pooled with sigma_pooled a site-specific model-based pooled population SD (Appendix B, eq.16). g = J*d, df=n_t+n_c-2=206, J=0.99635, g=0.1295. g_se derived from the Appendix-D covariate-adjusted spring pre-K mean difference (md=2.38) and its SE (2.29): implied site SD = md/d = 18.308; SE in d-units = SE_md/SD = 0.1251; g_se = J*SE_d = 0.1246; g_var = 0.01553. Pretest/baseline-adjusted (covariate) and cluster-accounted (HLM random classroom effect).",2.38,"Effect size d: Table E, p.xliii (PDF p.44). Spring pre-K covariate-adjusted mean difference + SE: Appendix D (Tables D-1a..D-15a), PDF pp.415-441. Pooled-SD method: Appendix B eq.(10)-(16), PDF pp.353-359. Model: Appendix B, PDF pp.341-352.",subagent,medium,impact_estimate/impact_se are the Appendix-D covariate-adjusted spring pre-K mean DIFFERENCE (T-C) and its SE in the measure's raw score units (NOT in d units); the standardized d is in Table E. TN site: Vanderbilt compared Bright Beginnings and Creative Curriculum to a shared control (teacher-developed curricula). 7 BB trt classrooms + 7 shared control classrooms.
pcer_2008-06,pcer_2008,89,pcer_2008,PCER (2008),Other,Pre-K,0.08967,0.015945,0.12627,103,105,14,,True,True,standardized_independent,Test of Language Development (TOLD) Grammatic Understanding,0,redundant_subscale,"Reported effect size d=0.09 from Table E (spring pre-K, end-of-treatment), where d = (adjusted M_T - M_C)/sigma_pooled with sigma_pooled a site-specific model-based pooled population SD (Appendix B, eq.16). g = J*d, df=n_t+n_c-2=206, J=0.99635, g=0.0897. g_se derived from the Appendix-D covariate-adjusted spring pre-K mean difference (md=0.49) and its SE (0.69): implied site SD = md/d = 5.444; SE in d-units = SE_md/SD = 0.1267; g_se = J*SE_d = 0.1263; g_var = 0.01594. Pretest/baseline-adjusted (covariate) and cluster-accounted (HLM random classroom effect).",0.49,"Effect size d: Table E, p.xliii (PDF p.44). Spring pre-K covariate-adjusted mean difference + SE: Appendix D (Tables D-1a..D-15a), PDF pp.415-441. Pooled-SD method: Appendix B eq.(10)-(16), PDF pp.353-359. Model: Appendix B, PDF pp.341-352.",subagent,medium,impact_estimate/impact_se are the Appendix-D covariate-adjusted spring pre-K mean DIFFERENCE (T-C) and its SE in the measure's raw score units (NOT in d units); the standardized d is in Table E. TN site: Vanderbilt compared Bright Beginnings and Creative Curriculum to a shared control (teacher-developed curricula). 7 BB trt classrooms + 7 shared control classrooms.
pcer_2008-07,pcer_2008,89,pcer_2008,PCER (2008),STEM,Pre-K,0.15942,0.014775,0.12155,103,105,14,,True,True,standardized_independent,Woodcock-Johnson Applied Problems (W score),0,redundant_subscale,"Reported effect size d=0.16 from Table E (spring pre-K, end-of-treatment), where d = (adjusted M_T - M_C)/sigma_pooled with sigma_pooled a site-specific model-based pooled population SD (Appendix B, eq.16). g = J*d, df=n_t+n_c-2=206, J=0.99635, g=0.1594. g_se derived from the Appendix-D covariate-adjusted spring pre-K mean difference (md=4.21) and its SE (3.21): implied site SD = md/d = 26.312; SE in d-units = SE_md/SD = 0.1220; g_se = J*SE_d = 0.1216; g_var = 0.01477. Pretest/baseline-adjusted (covariate) and cluster-accounted (HLM random classroom effect).",4.21,"Effect size d: Table E, p.xliii (PDF p.44). Spring pre-K covariate-adjusted mean difference + SE: Appendix D (Tables D-1a..D-15a), PDF pp.415-441. Pooled-SD method: Appendix B eq.(10)-(16), PDF pp.353-359. Model: Appendix B, PDF pp.341-352.",subagent,medium,impact_estimate/impact_se are the Appendix-D covariate-adjusted spring pre-K mean DIFFERENCE (T-C) and its SE in the measure's raw score units (NOT in d units); the standardized d is in Table E. TN site: Vanderbilt compared Bright Beginnings and Creative Curriculum to a shared control (teacher-developed curricula). 7 BB trt classrooms + 7 shared control classrooms.
pcer_2008-08,pcer_2008,89,pcer_2008,PCER (2008),STEM,Pre-K,0.13949,0.019457,0.13949,103,105,14,,True,True,standardized_independent,CMA-A Mathematics Composite,0,redundant_subscale,"Reported effect size d=0.14 from Table E (spring pre-K, end-of-treatment), where d = (adjusted M_T - M_C)/sigma_pooled with sigma_pooled a site-specific model-based pooled population SD (Appendix B, eq.16). g = J*d, df=n_t+n_c-2=206, J=0.99635, g=0.1395. g_se derived from the Appendix-D covariate-adjusted spring pre-K mean difference (md=0.04) and its SE (0.04): implied site SD = md/d = 0.286; SE in d-units = SE_md/SD = 0.1400; g_se = J*SE_d = 0.1395; g_var = 0.01946. Pretest/baseline-adjusted (covariate) and cluster-accounted (HLM random classroom effect).",0.04,"Effect size d: Table E, p.xliii (PDF p.44). Spring pre-K covariate-adjusted mean difference + SE: Appendix D (Tables D-1a..D-15a), PDF pp.415-441. Pooled-SD method: Appendix B eq.(10)-(16), PDF pp.353-359. Model: Appendix B, PDF pp.341-352.",subagent,medium,impact_estimate/impact_se are the Appendix-D covariate-adjusted spring pre-K mean DIFFERENCE (T-C) and its SE in the measure's raw score units (NOT in d units); the standardized d is in Table E. TN site: Vanderbilt compared Bright Beginnings and Creative Curriculum to a shared control (teacher-developed curricula). 7 BB trt classrooms + 7 shared control classrooms.
pcer_2008-09,pcer_2008,89,pcer_2008,PCER (2008),STEM,Pre-K,-0.02989,0.019457,0.13949,103,105,14,,True,True,researcher_made,Shape Composition (Building Blocks) task,0,researcher_made,"Reported effect size d=-0.03 from Table E (spring pre-K, end-of-treatment), where d = (adjusted M_T - M_C)/sigma_pooled with sigma_pooled a site-specific model-based pooled population SD (Appendix B, eq.16). g = J*d, df=n_t+n_c-2=206, J=0.99635, g=-0.0299. g_se derived from the Appendix-D covariate-adjusted spring pre-K mean difference (md=-0.03) and its SE (0.14): implied site SD = md/d = 1.000; SE in d-units = SE_md/SD = 0.1400; g_se = J*SE_d = 0.1395; g_var = 0.01946. Pretest/baseline-adjusted (covariate) and cluster-accounted (HLM random classroom effect).",-0.03,"Effect size d: Table E, p.xliii (PDF p.44). Spring pre-K covariate-adjusted mean difference + SE: Appendix D (Tables D-1a..D-15a), PDF pp.415-441. Pooled-SD method: Appendix B eq.(10)-(16), PDF pp.353-359. Model: Appendix B, PDF pp.341-352.",subagent,medium,impact_estimate/impact_se are the Appendix-D covariate-adjusted spring pre-K mean DIFFERENCE (T-C) and its SE in the measure's raw score units (NOT in d units); the standardized d is in Table E. TN site: Vanderbilt compared Bright Beginnings and Creative Curriculum to a shared control (teacher-developed curricula). 7 BB trt classrooms + 7 shared control classrooms.
pcer_2008-10,pcer_2008,89,pcer_2008,PCER (2008),Reading,Pre-K,0.01993,0.033712,0.18361,101,105,14,,True,True,standardized_independent,Test of Early Reading Ability (TERA),0,redundant_subscale,"Reported effect size d=0.02 from Table E (spring pre-K, end-of-treatment), where d = (adjusted M_T - M_C)/sigma_pooled with sigma_pooled a site-specific model-based pooled population SD (Appendix B, eq.16). g = J*d, df=n_t+n_c-2=204, J=0.99632, g=0.0199. g_se derived from the Appendix-D covariate-adjusted spring pre-K mean difference (md=0.14) and its SE (1.29): implied site SD = md/d = 7.000; SE in d-units = SE_md/SD = 0.1843; g_se = J*SE_d = 0.1836; g_var = 0.03371. Pretest/baseline-adjusted (covariate) and cluster-accounted (HLM random classroom effect).",0.14,"Effect size d: Table E, p.xliii (PDF p.44). Spring pre-K covariate-adjusted mean difference + SE: Appendix D (Tables D-1a..D-15a), PDF pp.415-441. Pooled-SD method: Appendix B eq.(10)-(16), PDF pp.353-359. Model: Appendix B, PDF pp.341-352.",subagent,medium,impact_estimate/impact_se are the Appendix-D covariate-adjusted spring pre-K mean DIFFERENCE (T-C) and its SE in the measure's raw score units (NOT in d units); the standardized d is in Table E. TN site shared control with Bright Beginnings. 7 CC trt classrooms + 7 shared control classrooms.
pcer_2008-11,pcer_2008,89,pcer_2008,PCER (2008),Reading,Pre-K,0.15941,0.03731,0.19316,101,105,14,,True,True,standardized_independent,Woodcock-Johnson Letter-Word Identification (W score),0,redundant_subscale,"Reported effect size d=0.16 from Table E (spring pre-K, end-of-treatment), where d = (adjusted M_T - M_C)/sigma_pooled with sigma_pooled a site-specific model-based pooled population SD (Appendix B, eq.16). g = J*d, df=n_t+n_c-2=204, J=0.99632, g=0.1594. g_se derived from the Appendix-D covariate-adjusted spring pre-K mean difference (md=3.59) and its SE (4.35): implied site SD = md/d = 22.438; SE in d-units = SE_md/SD = 0.1939; g_se = J*SE_d = 0.1932; g_var = 0.03731. Pretest/baseline-adjusted (covariate) and cluster-accounted (HLM random classroom effect).",3.59,"Effect size d: Table E, p.xliii (PDF p.44). Spring pre-K covariate-adjusted mean difference + SE: Appendix D (Tables D-1a..D-15a), PDF pp.415-441. Pooled-SD method: Appendix B eq.(10)-(16), PDF pp.353-359. Model: Appendix B, PDF pp.341-352.",subagent,medium,impact_estimate/impact_se are the Appendix-D covariate-adjusted spring pre-K mean DIFFERENCE (T-C) and its SE in the measure's raw score units (NOT in d units); the standardized d is in Table E. TN site shared control with Bright Beginnings. 7 CC trt classrooms + 7 shared control classrooms.
pcer_2008-12,pcer_2008,89,pcer_2008,PCER (2008),Reading,Pre-K,0.1893,0.023714,0.15399,101,105,14,,True,True,standardized_independent,Woodcock-Johnson Spelling (W score),0,redundant_subscale,"Reported effect size d=0.19 from Table E (spring pre-K, end-of-treatment), where d = (adjusted M_T - M_C)/sigma_pooled with sigma_pooled a site-specific model-based pooled population SD (Appendix B, eq.16). g = J*d, df=n_t+n_c-2=204, J=0.99632, g=0.1893. g_se derived from the Appendix-D covariate-adjusted spring pre-K mean difference (md=4.45) and its SE (3.62): implied site SD = md/d = 23.421; SE in d-units = SE_md/SD = 0.1546; g_se = J*SE_d = 0.1540; g_var = 0.02371. Pretest/baseline-adjusted (covariate) and cluster-accounted (HLM random classroom effect).",4.45,"Effect size d: Table E, p.xliii (PDF p.44). Spring pre-K covariate-adjusted mean difference + SE: Appendix D (Tables D-1a..D-15a), PDF pp.415-441. Pooled-SD method: Appendix B eq.(10)-(16), PDF pp.353-359. Model: Appendix B, PDF pp.341-352.",subagent,medium,impact_estimate/impact_se are the Appendix-D covariate-adjusted spring pre-K mean DIFFERENCE (T-C) and its SE in the measure's raw score units (NOT in d units); the standardized d is in Table E. TN site shared control with Bright Beginnings. 7 CC trt classrooms + 7 shared control classrooms.
pcer_2008-13,pcer_2008,89,pcer_2008,PCER (2008),Reading,Pre-K,0.09963,0.019306,0.13895,101,105,14,,True,True,standardized_independent,Pre-CTOPPP Elision (phonological awareness),1,,"Reported effect size d=0.1 from Table E (spring pre-K, end-of-treatment). g = J*d, df=204, J=0.99632, g=0.0996. Could NOT cleanly derive g_se from Appendix D (d_E and Appendix-D mean diff md=-0.04, SE=0.56 have inconsistent sign/zero, indicating a probable table transcription artifact). FALLBACK design-based variance at STUDENT level: Var(d)=(n_t+n_c)/(n_t*n_c)+d^2/(2*(n_t+n_c))=0.01945; g_var=J^2*Var(d)=0.01931; g_se=0.1389. This fallback is NOT cluster-adjusted; central team should re-derive variance using n_clusters and an ICC (no ICC reported).",-0.04,"Effect size d: Table E, p.xliii (PDF p.44). Spring pre-K covariate-adjusted mean difference + SE: Appendix D (Tables D-1a..D-15a), PDF pp.415-441. Pooled-SD method: Appendix B eq.(10)-(16), PDF pp.353-359. Model: Appendix B, PDF pp.341-352.",subagent,medium,impact_estimate/impact_se are the Appendix-D covariate-adjusted spring pre-K mean DIFFERENCE (T-C) and its SE in the measure's raw score units (NOT in d units); the standardized d is in Table E. TN site shared control with Bright Beginnings. 7 CC trt classrooms + 7 shared control classrooms.
pcer_2008-14,pcer_2008,89,pcer_2008,PCER (2008),Other,Pre-K,0.22915,0.016004,0.12651,101,105,14,,True,True,standardized_independent,Peabody Picture Vocabulary Test (PPVT),0,redundant_subscale,"Reported effect size d=0.23 from Table E (spring pre-K, end-of-treatment), where d = (adjusted M_T - M_C)/sigma_pooled with sigma_pooled a site-specific model-based pooled population SD (Appendix B, eq.16). g = J*d, df=n_t+n_c-2=204, J=0.99632, g=0.2292. g_se derived from the Appendix-D covariate-adjusted spring pre-K mean difference (md=4.13) and its SE (2.28): implied site SD = md/d = 17.957; SE in d-units = SE_md/SD = 0.1270; g_se = J*SE_d = 0.1265; g_var = 0.01600. Pretest/baseline-adjusted (covariate) and cluster-accounted (HLM random classroom effect).",4.13,"Effect size d: Table E, p.xliii (PDF p.44). Spring pre-K covariate-adjusted mean difference + SE: Appendix D (Tables D-1a..D-15a), PDF pp.415-441. Pooled-SD method: Appendix B eq.(10)-(16), PDF pp.353-359. Model: Appendix B, PDF pp.341-352.",subagent,medium,impact_estimate/impact_se are the Appendix-D covariate-adjusted spring pre-K mean DIFFERENCE (T-C) and its SE in the measure's raw score units (NOT in d units); the standardized d is in Table E. TN site shared control with Bright Beginnings. 7 CC trt classrooms + 7 shared control classrooms.
pcer_2008-15,pcer_2008,89,pcer_2008,PCER (2008),Other,Pre-K,0.06974,0.021265,0.14582,101,105,14,,True,True,standardized_independent,Test of Language Development (TOLD) Grammatic Understanding,0,redundant_subscale,"Reported effect size d=0.07 from Table E (spring pre-K, end-of-treatment), where d = (adjusted M_T - M_C)/sigma_pooled with sigma_pooled a site-specific model-based pooled population SD (Appendix B, eq.16). g = J*d, df=n_t+n_c-2=204, J=0.99632, g=0.0697. g_se derived from the Appendix-D covariate-adjusted spring pre-K mean difference (md=0.33) and its SE (0.69): implied site SD = md/d = 4.714; SE in d-units = SE_md/SD = 0.1464; g_se = J*SE_d = 0.1458; g_var = 0.02126. Pretest/baseline-adjusted (covariate) and cluster-accounted (HLM random classroom effect).",0.33,"Effect size d: Table E, p.xliii (PDF p.44). Spring pre-K covariate-adjusted mean difference + SE: Appendix D (Tables D-1a..D-15a), PDF pp.415-441. Pooled-SD method: Appendix B eq.(10)-(16), PDF pp.353-359. Model: Appendix B, PDF pp.341-352.",subagent,medium,impact_estimate/impact_se are the Appendix-D covariate-adjusted spring pre-K mean DIFFERENCE (T-C) and its SE in the measure's raw score units (NOT in d units); the standardized d is in Table E. TN site shared control with Bright Beginnings. 7 CC trt classrooms + 7 shared control classrooms.
pcer_2008-16,pcer_2008,89,pcer_2008,PCER (2008),STEM,Pre-K,0.16937,0.018872,0.13738,101,105,14,,True,True,standardized_independent,Woodcock-Johnson Applied Problems (W score),0,redundant_subscale,"Reported effect size d=0.17 from Table E (spring pre-K, end-of-treatment), where d = (adjusted M_T - M_C)/sigma_pooled with sigma_pooled a site-specific model-based pooled population SD (Appendix B, eq.16). g = J*d, df=n_t+n_c-2=204, J=0.99632, g=0.1694. g_se derived from the Appendix-D covariate-adjusted spring pre-K mean difference (md=3.97) and its SE (3.22): implied site SD = md/d = 23.353; SE in d-units = SE_md/SD = 0.1379; g_se = J*SE_d = 0.1374; g_var = 0.01887. Pretest/baseline-adjusted (covariate) and cluster-accounted (HLM random classroom effect).",3.97,"Effect size d: Table E, p.xliii (PDF p.44). Spring pre-K covariate-adjusted mean difference + SE: Appendix D (Tables D-1a..D-15a), PDF pp.415-441. Pooled-SD method: Appendix B eq.(10)-(16), PDF pp.353-359. Model: Appendix B, PDF pp.341-352.",subagent,medium,impact_estimate/impact_se are the Appendix-D covariate-adjusted spring pre-K mean DIFFERENCE (T-C) and its SE in the measure's raw score units (NOT in d units); the standardized d is in Table E. TN site shared control with Bright Beginnings. 7 CC trt classrooms + 7 shared control classrooms.
pcer_2008-17,pcer_2008,89,pcer_2008,PCER (2008),STEM,Pre-K,0.09963,0.039706,0.19926,101,105,14,,True,True,standardized_independent,CMA-A Mathematics Composite,0,redundant_subscale,"Reported effect size d=0.1 from Table E (spring pre-K, end-of-treatment), where d = (adjusted M_T - M_C)/sigma_pooled with sigma_pooled a site-specific model-based pooled population SD (Appendix B, eq.16). g = J*d, df=n_t+n_c-2=204, J=0.99632, g=0.0996. g_se derived from the Appendix-D covariate-adjusted spring pre-K mean difference (md=0.02) and its SE (0.04): implied site SD = md/d = 0.200; SE in d-units = SE_md/SD = 0.2000; g_se = J*SE_d = 0.1993; g_var = 0.03971. Pretest/baseline-adjusted (covariate) and cluster-accounted (HLM random classroom effect).",0.02,"Effect size d: Table E, p.xliii (PDF p.44). Spring pre-K covariate-adjusted mean difference + SE: Appendix D (Tables D-1a..D-15a), PDF pp.415-441. Pooled-SD method: Appendix B eq.(10)-(16), PDF pp.353-359. Model: Appendix B, PDF pp.341-352.",subagent,medium,impact_estimate/impact_se are the Appendix-D covariate-adjusted spring pre-K mean DIFFERENCE (T-C) and its SE in the measure's raw score units (NOT in d units); the standardized d is in Table E. TN site shared control with Bright Beginnings. 7 CC trt classrooms + 7 shared control classrooms.
pcer_2008-18,pcer_2008,89,pcer_2008,PCER (2008),STEM,Pre-K,0.11956,0.019317,0.13898,101,105,14,,True,True,researcher_made,Shape Composition (Building Blocks) task,0,researcher_made,"Reported effect size d=0.12 from Table E (spring pre-K, end-of-treatment). g = J*d, df=204, J=0.99632, g=0.1196. Could NOT cleanly derive g_se from Appendix D (d_E and Appendix-D mean diff md=-0.11, SE=0.14 have inconsistent sign/zero, indicating a probable table transcription artifact). FALLBACK design-based variance at STUDENT level: Var(d)=(n_t+n_c)/(n_t*n_c)+d^2/(2*(n_t+n_c))=0.01946; g_var=J^2*Var(d)=0.01932; g_se=0.1390. This fallback is NOT cluster-adjusted; central team should re-derive variance using n_clusters and an ICC (no ICC reported).",-0.11,"Effect size d: Table E, p.xliii (PDF p.44). Spring pre-K covariate-adjusted mean difference + SE: Appendix D (Tables D-1a..D-15a), PDF pp.415-441. Pooled-SD method: Appendix B eq.(10)-(16), PDF pp.353-359. Model: Appendix B, PDF pp.341-352.",subagent,medium,impact_estimate/impact_se are the Appendix-D covariate-adjusted spring pre-K mean DIFFERENCE (T-C) and its SE in the measure's raw score units (NOT in d units); the standardized d is in Table E. TN site shared control with Bright Beginnings. 7 CC trt classrooms + 7 shared control classrooms.
pcer_2008-19,pcer_2008,89,pcer_2008,PCER (2008),Reading,Pre-K,-0.07969,0.0386,0.19647,97,97,18,,True,True,standardized_independent,Test of Early Reading Ability (TERA),0,redundant_subscale,"Reported effect size d=-0.08 from Table E (spring pre-K, end-of-treatment), where d = (adjusted M_T - M_C)/sigma_pooled with sigma_pooled a site-specific model-based pooled population SD (Appendix B, eq.16). g = J*d, df=n_t+n_c-2=192, J=0.99609, g=-0.0797. g_se derived from the Appendix-D covariate-adjusted spring pre-K mean difference (md=-0.58) and its SE (1.43): implied site SD = md/d = 7.250; SE in d-units = SE_md/SD = 0.1972; g_se = J*SE_d = 0.1965; g_var = 0.03860. Pretest/baseline-adjusted (covariate) and cluster-accounted (HLM random classroom effect).",-0.58,"Effect size d: Table E, p.xliii (PDF p.44). Spring pre-K covariate-adjusted mean difference + SE: Appendix D (Tables D-1a..D-15a), PDF pp.415-441. Pooled-SD method: Appendix B eq.(10)-(16), PDF pp.353-359. Model: Appendix B, PDF pp.341-352.",subagent,medium,impact_estimate/impact_se are the Appendix-D covariate-adjusted spring pre-K mean DIFFERENCE (T-C) and its SE in the measure's raw score units (NOT in d units); the standardized d is in Table E. 
pcer_2008-20,pcer_2008,89,pcer_2008,PCER (2008),Reading,Pre-K,-0.07969,0.067127,0.25909,97,97,18,,True,True,standardized_independent,Woodcock-Johnson Letter-Word Identification (W score),0,redundant_subscale,"Reported effect size d=-0.08 from Table E (spring pre-K, end-of-treatment), where d = (adjusted M_T - M_C)/sigma_pooled with sigma_pooled a site-specific model-based pooled population SD (Appendix B, eq.16). g = J*d, df=n_t+n_c-2=192, J=0.99609, g=-0.0797. g_se derived from the Appendix-D covariate-adjusted spring pre-K mean difference (md=-1.87) and its SE (6.08): implied site SD = md/d = 23.375; SE in d-units = SE_md/SD = 0.2601; g_se = J*SE_d = 0.2591; g_var = 0.06713. Pretest/baseline-adjusted (covariate) and cluster-accounted (HLM random classroom effect).",-1.87,"Effect size d: Table E, p.xliii (PDF p.44). Spring pre-K covariate-adjusted mean difference + SE: Appendix D (Tables D-1a..D-15a), PDF pp.415-441. Pooled-SD method: Appendix B eq.(10)-(16), PDF pp.353-359. Model: Appendix B, PDF pp.341-352.",subagent,medium,impact_estimate/impact_se are the Appendix-D covariate-adjusted spring pre-K mean DIFFERENCE (T-C) and its SE in the measure's raw score units (NOT in d units); the standardized d is in Table E. 
pcer_2008-21,pcer_2008,89,pcer_2008,PCER (2008),Reading,Pre-K,-0.1793,0.039583,0.19896,97,97,18,,True,True,standardized_independent,Woodcock-Johnson Spelling (W score),0,redundant_subscale,"Reported effect size d=-0.18 from Table E (spring pre-K, end-of-treatment), where d = (adjusted M_T - M_C)/sigma_pooled with sigma_pooled a site-specific model-based pooled population SD (Appendix B, eq.16). g = J*d, df=n_t+n_c-2=192, J=0.99609, g=-0.1793. g_se derived from the Appendix-D covariate-adjusted spring pre-K mean difference (md=-4.56) and its SE (5.06): implied site SD = md/d = 25.333; SE in d-units = SE_md/SD = 0.1997; g_se = J*SE_d = 0.1990; g_var = 0.03958. Pretest/baseline-adjusted (covariate) and cluster-accounted (HLM random classroom effect).",-4.56,"Effect size d: Table E, p.xliii (PDF p.44). Spring pre-K covariate-adjusted mean difference + SE: Appendix D (Tables D-1a..D-15a), PDF pp.415-441. Pooled-SD method: Appendix B eq.(10)-(16), PDF pp.353-359. Model: Appendix B, PDF pp.341-352.",subagent,medium,impact_estimate/impact_se are the Appendix-D covariate-adjusted spring pre-K mean DIFFERENCE (T-C) and its SE in the measure's raw score units (NOT in d units); the standardized d is in Table E. 
pcer_2008-22,pcer_2008,89,pcer_2008,PCER (2008),Reading,Pre-K,0.01992,0.005542,0.07444,97,97,18,,True,True,standardized_independent,Pre-CTOPPP Elision (phonological awareness),1,,"Reported effect size d=0.02 from Table E (spring pre-K, end-of-treatment), where d = (adjusted M_T - M_C)/sigma_pooled with sigma_pooled a site-specific model-based pooled population SD (Appendix B, eq.16). g = J*d, df=n_t+n_c-2=192, J=0.99609, g=0.0199. g_se derived from the Appendix-D covariate-adjusted spring pre-K mean difference (md=0.19) and its SE (0.71): implied site SD = md/d = 9.500; SE in d-units = SE_md/SD = 0.0747; g_se = J*SE_d = 0.0744; g_var = 0.00554. Pretest/baseline-adjusted (covariate) and cluster-accounted (HLM random classroom effect).",0.19,"Effect size d: Table E, p.xliii (PDF p.44). Spring pre-K covariate-adjusted mean difference + SE: Appendix D (Tables D-1a..D-15a), PDF pp.415-441. Pooled-SD method: Appendix B eq.(10)-(16), PDF pp.353-359. Model: Appendix B, PDF pp.341-352.",subagent,medium,impact_estimate/impact_se are the Appendix-D covariate-adjusted spring pre-K mean DIFFERENCE (T-C) and its SE in the measure's raw score units (NOT in d units); the standardized d is in Table E. 
pcer_2008-23,pcer_2008,89,pcer_2008,PCER (2008),Other,Pre-K,0.07969,0.021791,0.14762,97,97,18,,True,True,standardized_independent,Peabody Picture Vocabulary Test (PPVT),0,redundant_subscale,"Reported effect size d=0.08 from Table E (spring pre-K, end-of-treatment), where d = (adjusted M_T - M_C)/sigma_pooled with sigma_pooled a site-specific model-based pooled population SD (Appendix B, eq.16). g = J*d, df=n_t+n_c-2=192, J=0.99609, g=0.0797. g_se derived from the Appendix-D covariate-adjusted spring pre-K mean difference (md=1.22) and its SE (2.26): implied site SD = md/d = 15.250; SE in d-units = SE_md/SD = 0.1482; g_se = J*SE_d = 0.1476; g_var = 0.02179. Pretest/baseline-adjusted (covariate) and cluster-accounted (HLM random classroom effect).",1.22,"Effect size d: Table E, p.xliii (PDF p.44). Spring pre-K covariate-adjusted mean difference + SE: Appendix D (Tables D-1a..D-15a), PDF pp.415-441. Pooled-SD method: Appendix B eq.(10)-(16), PDF pp.353-359. Model: Appendix B, PDF pp.341-352.",subagent,medium,impact_estimate/impact_se are the Appendix-D covariate-adjusted spring pre-K mean DIFFERENCE (T-C) and its SE in the measure's raw score units (NOT in d units); the standardized d is in Table E. 
pcer_2008-24,pcer_2008,89,pcer_2008,PCER (2008),Other,Pre-K,-0.15937,0.024718,0.15722,97,97,18,,True,True,standardized_independent,Test of Language Development (TOLD) Grammatic Understanding,0,redundant_subscale,"Reported effect size d=-0.16 from Table E (spring pre-K, end-of-treatment), where d = (adjusted M_T - M_C)/sigma_pooled with sigma_pooled a site-specific model-based pooled population SD (Appendix B, eq.16). g = J*d, df=n_t+n_c-2=192, J=0.99609, g=-0.1594. g_se derived from the Appendix-D covariate-adjusted spring pre-K mean difference (md=-0.74) and its SE (0.73): implied site SD = md/d = 4.625; SE in d-units = SE_md/SD = 0.1578; g_se = J*SE_d = 0.1572; g_var = 0.02472. Pretest/baseline-adjusted (covariate) and cluster-accounted (HLM random classroom effect).",-0.74,"Effect size d: Table E, p.xliii (PDF p.44). Spring pre-K covariate-adjusted mean difference + SE: Appendix D (Tables D-1a..D-15a), PDF pp.415-441. Pooled-SD method: Appendix B eq.(10)-(16), PDF pp.353-359. Model: Appendix B, PDF pp.341-352.",subagent,medium,impact_estimate/impact_se are the Appendix-D covariate-adjusted spring pre-K mean DIFFERENCE (T-C) and its SE in the measure's raw score units (NOT in d units); the standardized d is in Table E. 
pcer_2008-25,pcer_2008,89,pcer_2008,PCER (2008),STEM,Pre-K,0.19922,0.023964,0.1548,97,97,18,,True,True,standardized_independent,Woodcock-Johnson Applied Problems (W score),0,redundant_subscale,"Reported effect size d=0.2 from Table E (spring pre-K, end-of-treatment), where d = (adjusted M_T - M_C)/sigma_pooled with sigma_pooled a site-specific model-based pooled population SD (Appendix B, eq.16). g = J*d, df=n_t+n_c-2=192, J=0.99609, g=0.1992. g_se derived from the Appendix-D covariate-adjusted spring pre-K mean difference (md=4.62) and its SE (3.59): implied site SD = md/d = 23.100; SE in d-units = SE_md/SD = 0.1554; g_se = J*SE_d = 0.1548; g_var = 0.02396. Pretest/baseline-adjusted (covariate) and cluster-accounted (HLM random classroom effect).",4.62,"Effect size d: Table E, p.xliii (PDF p.44). Spring pre-K covariate-adjusted mean difference + SE: Appendix D (Tables D-1a..D-15a), PDF pp.415-441. Pooled-SD method: Appendix B eq.(10)-(16), PDF pp.353-359. Model: Appendix B, PDF pp.341-352.",subagent,medium,impact_estimate/impact_se are the Appendix-D covariate-adjusted spring pre-K mean DIFFERENCE (T-C) and its SE in the measure's raw score units (NOT in d units); the standardized d is in Table E. 
pcer_2008-26,pcer_2008,89,pcer_2008,PCER (2008),STEM,Pre-K,-0.09961,0.039688,0.19922,97,97,18,,True,True,standardized_independent,CMA-A Mathematics Composite,0,redundant_subscale,"Reported effect size d=-0.1 from Table E (spring pre-K, end-of-treatment), where d = (adjusted M_T - M_C)/sigma_pooled with sigma_pooled a site-specific model-based pooled population SD (Appendix B, eq.16). g = J*d, df=n_t+n_c-2=192, J=0.99609, g=-0.0996. g_se derived from the Appendix-D covariate-adjusted spring pre-K mean difference (md=-0.02) and its SE (0.04): implied site SD = md/d = 0.200; SE in d-units = SE_md/SD = 0.2000; g_se = J*SE_d = 0.1992; g_var = 0.03969. Pretest/baseline-adjusted (covariate) and cluster-accounted (HLM random classroom effect).",-0.02,"Effect size d: Table E, p.xliii (PDF p.44). Spring pre-K covariate-adjusted mean difference + SE: Appendix D (Tables D-1a..D-15a), PDF pp.415-441. Pooled-SD method: Appendix B eq.(10)-(16), PDF pp.353-359. Model: Appendix B, PDF pp.341-352.",subagent,medium,impact_estimate/impact_se are the Appendix-D covariate-adjusted spring pre-K mean DIFFERENCE (T-C) and its SE in the measure's raw score units (NOT in d units); the standardized d is in Table E. 
pcer_2008-27,pcer_2008,89,pcer_2008,PCER (2008),STEM,Pre-K,0.18926,0.027886,0.16699,97,97,18,,True,True,researcher_made,Shape Composition (Building Blocks) task,0,researcher_made,"Reported effect size d=0.19 from Table E (spring pre-K, end-of-treatment), where d = (adjusted M_T - M_C)/sigma_pooled with sigma_pooled a site-specific model-based pooled population SD (Appendix B, eq.16). g = J*d, df=n_t+n_c-2=192, J=0.99609, g=0.1893. g_se derived from the Appendix-D covariate-adjusted spring pre-K mean difference (md=0.17) and its SE (0.15): implied site SD = md/d = 0.895; SE in d-units = SE_md/SD = 0.1676; g_se = J*SE_d = 0.1670; g_var = 0.02789. Pretest/baseline-adjusted (covariate) and cluster-accounted (HLM random classroom effect).",0.17,"Effect size d: Table E, p.xliii (PDF p.44). Spring pre-K covariate-adjusted mean difference + SE: Appendix D (Tables D-1a..D-15a), PDF pp.415-441. Pooled-SD method: Appendix B eq.(10)-(16), PDF pp.353-359. Model: Appendix B, PDF pp.341-352.",subagent,medium,impact_estimate/impact_se are the Appendix-D covariate-adjusted spring pre-K mean DIFFERENCE (T-C) and its SE in the measure's raw score units (NOT in d units); the standardized d is in Table E. 
pcer_2008-28,pcer_2008,89,pcer_2008,PCER (2008),Reading,Pre-K,-0.29814,0.090392,0.30065,62,61,14,,True,True,standardized_independent,Test of Early Reading Ability (TERA),0,redundant_subscale,"Reported effect size d=-0.3 from Table E (spring pre-K, end-of-treatment), where d = (adjusted M_T - M_C)/sigma_pooled with sigma_pooled a site-specific model-based pooled population SD (Appendix B, eq.16). g = J*d, df=n_t+n_c-2=121, J=0.99379, g=-0.2981. g_se derived from the Appendix-D covariate-adjusted spring pre-K mean difference (md=-2.37) and its SE (2.39): implied site SD = md/d = 7.900; SE in d-units = SE_md/SD = 0.3025; g_se = J*SE_d = 0.3007; g_var = 0.09039. Pretest/baseline-adjusted (covariate) and cluster-accounted (HLM random classroom effect).",-2.37,"Effect size d: Table E, p.xliii (PDF p.44). Spring pre-K covariate-adjusted mean difference + SE: Appendix D (Tables D-1a..D-15a), PDF pp.415-441. Pooled-SD method: Appendix B eq.(10)-(16), PDF pp.353-359. Model: Appendix B, PDF pp.341-352.",subagent,medium,"impact_estimate/impact_se are the Appendix-D covariate-adjusted spring pre-K mean DIFFERENCE (T-C) and its SE in the measure's raw score units (NOT in d units); the standardized d is in Table E. Control teachers used Creative Curriculum only (Ladders to Literacy is a supplement); so the contrast is Ladders-supplement vs Creative-Curriculum-alone, not vs pure business-as-usual."
pcer_2008-29,pcer_2008,89,pcer_2008,PCER (2008),Reading,Pre-K,-0.15901,0.072376,0.26903,62,61,14,,True,True,standardized_independent,Woodcock-Johnson Letter-Word Identification (W score),0,redundant_subscale,"Reported effect size d=-0.16 from Table E (spring pre-K, end-of-treatment), where d = (adjusted M_T - M_C)/sigma_pooled with sigma_pooled a site-specific model-based pooled population SD (Appendix B, eq.16). g = J*d, df=n_t+n_c-2=121, J=0.99379, g=-0.1590. g_se derived from the Appendix-D covariate-adjusted spring pre-K mean difference (md=-4.09) and its SE (6.92): implied site SD = md/d = 25.562; SE in d-units = SE_md/SD = 0.2707; g_se = J*SE_d = 0.2690; g_var = 0.07238. Pretest/baseline-adjusted (covariate) and cluster-accounted (HLM random classroom effect).",-4.09,"Effect size d: Table E, p.xliii (PDF p.44). Spring pre-K covariate-adjusted mean difference + SE: Appendix D (Tables D-1a..D-15a), PDF pp.415-441. Pooled-SD method: Appendix B eq.(10)-(16), PDF pp.353-359. Model: Appendix B, PDF pp.341-352.",subagent,medium,"impact_estimate/impact_se are the Appendix-D covariate-adjusted spring pre-K mean DIFFERENCE (T-C) and its SE in the measure's raw score units (NOT in d units); the standardized d is in Table E. Control teachers used Creative Curriculum only (Ladders to Literacy is a supplement); so the contrast is Ladders-supplement vs Creative-Curriculum-alone, not vs pure business-as-usual."
pcer_2008-30,pcer_2008,89,pcer_2008,PCER (2008),Reading,Pre-K,0.29814,0.062433,0.24987,62,61,14,,True,True,standardized_independent,Woodcock-Johnson Spelling (W score),0,redundant_subscale,"Reported effect size d=0.3 from Table E (spring pre-K, end-of-treatment), where d = (adjusted M_T - M_C)/sigma_pooled with sigma_pooled a site-specific model-based pooled population SD (Appendix B, eq.16). g = J*d, df=n_t+n_c-2=121, J=0.99379, g=0.2981. g_se derived from the Appendix-D covariate-adjusted spring pre-K mean difference (md=7.35) and its SE (6.16): implied site SD = md/d = 24.500; SE in d-units = SE_md/SD = 0.2514; g_se = J*SE_d = 0.2499; g_var = 0.06243. Pretest/baseline-adjusted (covariate) and cluster-accounted (HLM random classroom effect).",7.35,"Effect size d: Table E, p.xliii (PDF p.44). Spring pre-K covariate-adjusted mean difference + SE: Appendix D (Tables D-1a..D-15a), PDF pp.415-441. Pooled-SD method: Appendix B eq.(10)-(16), PDF pp.353-359. Model: Appendix B, PDF pp.341-352.",subagent,medium,"impact_estimate/impact_se are the Appendix-D covariate-adjusted spring pre-K mean DIFFERENCE (T-C) and its SE in the measure's raw score units (NOT in d units); the standardized d is in Table E. Control teachers used Creative Curriculum only (Ladders to Literacy is a supplement); so the contrast is Ladders-supplement vs Creative-Curriculum-alone, not vs pure business-as-usual."
pcer_2008-31,pcer_2008,89,pcer_2008,PCER (2008),Reading,Pre-K,-0.15901,0.0677,0.26019,62,61,14,,True,True,standardized_independent,Pre-CTOPPP Elision (phonological awareness),1,,"Reported effect size d=-0.16 from Table E (spring pre-K, end-of-treatment), where d = (adjusted M_T - M_C)/sigma_pooled with sigma_pooled a site-specific model-based pooled population SD (Appendix B, eq.16). g = J*d, df=n_t+n_c-2=121, J=0.99379, g=-0.1590. g_se derived from the Appendix-D covariate-adjusted spring pre-K mean difference (md=-0.55) and its SE (0.9): implied site SD = md/d = 3.438; SE in d-units = SE_md/SD = 0.2618; g_se = J*SE_d = 0.2602; g_var = 0.06770. Pretest/baseline-adjusted (covariate) and cluster-accounted (HLM random classroom effect).",-0.55,"Effect size d: Table E, p.xliii (PDF p.44). Spring pre-K covariate-adjusted mean difference + SE: Appendix D (Tables D-1a..D-15a), PDF pp.415-441. Pooled-SD method: Appendix B eq.(10)-(16), PDF pp.353-359. Model: Appendix B, PDF pp.341-352.",subagent,medium,"impact_estimate/impact_se are the Appendix-D covariate-adjusted spring pre-K mean DIFFERENCE (T-C) and its SE in the measure's raw score units (NOT in d units); the standardized d is in Table E. Control teachers used Creative Curriculum only (Ladders to Literacy is a supplement); so the contrast is Ladders-supplement vs Creative-Curriculum-alone, not vs pure business-as-usual."
pcer_2008-32,pcer_2008,89,pcer_2008,PCER (2008),Other,Pre-K,-0.37764,0.076907,0.27732,62,61,14,,True,True,standardized_independent,Peabody Picture Vocabulary Test (PPVT),0,redundant_subscale,"Reported effect size d=-0.38 from Table E (spring pre-K, end-of-treatment), where d = (adjusted M_T - M_C)/sigma_pooled with sigma_pooled a site-specific model-based pooled population SD (Appendix B, eq.16). g = J*d, df=n_t+n_c-2=121, J=0.99379, g=-0.3776. g_se derived from the Appendix-D covariate-adjusted spring pre-K mean difference (md=-7.19) and its SE (5.28): implied site SD = md/d = 18.921; SE in d-units = SE_md/SD = 0.2791; g_se = J*SE_d = 0.2773; g_var = 0.07691. Pretest/baseline-adjusted (covariate) and cluster-accounted (HLM random classroom effect).",-7.19,"Effect size d: Table E, p.xliii (PDF p.44). Spring pre-K covariate-adjusted mean difference + SE: Appendix D (Tables D-1a..D-15a), PDF pp.415-441. Pooled-SD method: Appendix B eq.(10)-(16), PDF pp.353-359. Model: Appendix B, PDF pp.341-352.",subagent,medium,"impact_estimate/impact_se are the Appendix-D covariate-adjusted spring pre-K mean DIFFERENCE (T-C) and its SE in the measure's raw score units (NOT in d units); the standardized d is in Table E. Control teachers used Creative Curriculum only (Ladders to Literacy is a supplement); so the contrast is Ladders-supplement vs Creative-Curriculum-alone, not vs pure business-as-usual."
pcer_2008-33,pcer_2008,89,pcer_2008,PCER (2008),Other,Pre-K,-0.21863,0.069478,0.26359,62,61,14,,True,True,standardized_independent,Test of Language Development (TOLD) Grammatic Understanding,0,redundant_subscale,"Reported effect size d=-0.22 from Table E (spring pre-K, end-of-treatment), where d = (adjusted M_T - M_C)/sigma_pooled with sigma_pooled a site-specific model-based pooled population SD (Appendix B, eq.16). g = J*d, df=n_t+n_c-2=121, J=0.99379, g=-0.2186. g_se derived from the Appendix-D covariate-adjusted spring pre-K mean difference (md=-1.07) and its SE (1.29): implied site SD = md/d = 4.864; SE in d-units = SE_md/SD = 0.2652; g_se = J*SE_d = 0.2636; g_var = 0.06948. Pretest/baseline-adjusted (covariate) and cluster-accounted (HLM random classroom effect).",-1.07,"Effect size d: Table E, p.xliii (PDF p.44). Spring pre-K covariate-adjusted mean difference + SE: Appendix D (Tables D-1a..D-15a), PDF pp.415-441. Pooled-SD method: Appendix B eq.(10)-(16), PDF pp.353-359. Model: Appendix B, PDF pp.341-352.",subagent,medium,"impact_estimate/impact_se are the Appendix-D covariate-adjusted spring pre-K mean DIFFERENCE (T-C) and its SE in the measure's raw score units (NOT in d units); the standardized d is in Table E. Control teachers used Creative Curriculum only (Ladders to Literacy is a supplement); so the contrast is Ladders-supplement vs Creative-Curriculum-alone, not vs pure business-as-usual."
pcer_2008-34,pcer_2008,89,pcer_2008,PCER (2008),STEM,Pre-K,-0.13913,0.069173,0.26301,62,61,14,,True,True,standardized_independent,Woodcock-Johnson Applied Problems (W score),0,redundant_subscale,"Reported effect size d=-0.14 from Table E (spring pre-K, end-of-treatment), where d = (adjusted M_T - M_C)/sigma_pooled with sigma_pooled a site-specific model-based pooled population SD (Appendix B, eq.16). g = J*d, df=n_t+n_c-2=121, J=0.99379, g=-0.1391. g_se derived from the Appendix-D covariate-adjusted spring pre-K mean difference (md=-3.01) and its SE (5.69): implied site SD = md/d = 21.500; SE in d-units = SE_md/SD = 0.2647; g_se = J*SE_d = 0.2630; g_var = 0.06917. Pretest/baseline-adjusted (covariate) and cluster-accounted (HLM random classroom effect).",-3.01,"Effect size d: Table E, p.xliii (PDF p.44). Spring pre-K covariate-adjusted mean difference + SE: Appendix D (Tables D-1a..D-15a), PDF pp.415-441. Pooled-SD method: Appendix B eq.(10)-(16), PDF pp.353-359. Model: Appendix B, PDF pp.341-352.",subagent,medium,"impact_estimate/impact_se are the Appendix-D covariate-adjusted spring pre-K mean DIFFERENCE (T-C) and its SE in the measure's raw score units (NOT in d units); the standardized d is in Table E. Control teachers used Creative Curriculum only (Ladders to Literacy is a supplement); so the contrast is Ladders-supplement vs Creative-Curriculum-alone, not vs pure business-as-usual."
pcer_2008-35,pcer_2008,89,pcer_2008,PCER (2008),STEM,Pre-K,0.17888,0.071997,0.26832,62,61,14,,True,True,standardized_independent,CMA-A Mathematics Composite,0,redundant_subscale,"Reported effect size d=0.18 from Table E (spring pre-K, end-of-treatment), where d = (adjusted M_T - M_C)/sigma_pooled with sigma_pooled a site-specific model-based pooled population SD (Appendix B, eq.16). g = J*d, df=n_t+n_c-2=121, J=0.99379, g=0.1789. g_se derived from the Appendix-D covariate-adjusted spring pre-K mean difference (md=0.04) and its SE (0.06): implied site SD = md/d = 0.222; SE in d-units = SE_md/SD = 0.2700; g_se = J*SE_d = 0.2683; g_var = 0.07200. Pretest/baseline-adjusted (covariate) and cluster-accounted (HLM random classroom effect).",0.04,"Effect size d: Table E, p.xliii (PDF p.44). Spring pre-K covariate-adjusted mean difference + SE: Appendix D (Tables D-1a..D-15a), PDF pp.415-441. Pooled-SD method: Appendix B eq.(10)-(16), PDF pp.353-359. Model: Appendix B, PDF pp.341-352.",subagent,medium,"impact_estimate/impact_se are the Appendix-D covariate-adjusted spring pre-K mean DIFFERENCE (T-C) and its SE in the measure's raw score units (NOT in d units); the standardized d is in Table E. Control teachers used Creative Curriculum only (Ladders to Literacy is a supplement); so the contrast is Ladders-supplement vs Creative-Curriculum-alone, not vs pure business-as-usual."
pcer_2008-36,pcer_2008,89,pcer_2008,PCER (2008),STEM,Pre-K,0.01988,0.056887,0.23851,62,61,14,,True,True,researcher_made,Shape Composition (Building Blocks) task,0,researcher_made,"Reported effect size d=0.02 from Table E (spring pre-K, end-of-treatment), where d = (adjusted M_T - M_C)/sigma_pooled with sigma_pooled a site-specific model-based pooled population SD (Appendix B, eq.16). g = J*d, df=n_t+n_c-2=121, J=0.99379, g=0.0199. g_se derived from the Appendix-D covariate-adjusted spring pre-K mean difference (md=0.02) and its SE (0.24): implied site SD = md/d = 1.000; SE in d-units = SE_md/SD = 0.2400; g_se = J*SE_d = 0.2385; g_var = 0.05689. Pretest/baseline-adjusted (covariate) and cluster-accounted (HLM random classroom effect).",0.02,"Effect size d: Table E, p.xliii (PDF p.44). Spring pre-K covariate-adjusted mean difference + SE: Appendix D (Tables D-1a..D-15a), PDF pp.415-441. Pooled-SD method: Appendix B eq.(10)-(16), PDF pp.353-359. Model: Appendix B, PDF pp.341-352.",subagent,medium,"impact_estimate/impact_se are the Appendix-D covariate-adjusted spring pre-K mean DIFFERENCE (T-C) and its SE in the measure's raw score units (NOT in d units); the standardized d is in Table E. Control teachers used Creative Curriculum only (Ladders to Literacy is a supplement); so the contrast is Ladders-supplement vs Creative-Curriculum-alone, not vs pure business-as-usual."
pcer_2008-37,pcer_2008,89,pcer_2008,PCER (2008),Reading,Pre-K,0.09965,0.028251,0.16808,105,110,18,,True,True,standardized_independent,Test of Early Reading Ability (TERA),0,redundant_subscale,"Reported effect size d=0.1 from Table E (spring pre-K, end-of-treatment), where d = (adjusted M_T - M_C)/sigma_pooled with sigma_pooled a site-specific model-based pooled population SD (Appendix B, eq.16). g = J*d, df=n_t+n_c-2=213, J=0.99647, g=0.0996. g_se derived from the Appendix-D covariate-adjusted spring pre-K mean difference (md=0.83) and its SE (1.4): implied site SD = md/d = 8.300; SE in d-units = SE_md/SD = 0.1687; g_se = J*SE_d = 0.1681; g_var = 0.02825. Pretest/baseline-adjusted (covariate) and cluster-accounted (HLM random classroom effect).",0.83,"Effect size d: Table E, p.xliii (PDF p.44). Spring pre-K covariate-adjusted mean difference + SE: Appendix D (Tables D-1a..D-15a), PDF pp.415-441. Pooled-SD method: Appendix B eq.(10)-(16), PDF pp.353-359. Model: Appendix B, PDF pp.341-352.",subagent,medium,impact_estimate/impact_se are the Appendix-D covariate-adjusted spring pre-K mean DIFFERENCE (T-C) and its SE in the measure's raw score units (NOT in d units); the standardized d is in Table E. Random assignment at Pre-K program level (10 trt + 8 control programs).
pcer_2008-38,pcer_2008,89,pcer_2008,PCER (2008),Reading,Pre-K,0.08968,0.021537,0.14675,105,110,18,,True,True,standardized_independent,Woodcock-Johnson Letter-Word Identification (W score),0,redundant_subscale,"Reported effect size d=0.09 from Table E (spring pre-K, end-of-treatment), where d = (adjusted M_T - M_C)/sigma_pooled with sigma_pooled a site-specific model-based pooled population SD (Appendix B, eq.16). g = J*d, df=n_t+n_c-2=213, J=0.99647, g=0.0897. g_se derived from the Appendix-D covariate-adjusted spring pre-K mean difference (md=2.42) and its SE (3.96): implied site SD = md/d = 26.889; SE in d-units = SE_md/SD = 0.1473; g_se = J*SE_d = 0.1468; g_var = 0.02154. Pretest/baseline-adjusted (covariate) and cluster-accounted (HLM random classroom effect).",2.42,"Effect size d: Table E, p.xliii (PDF p.44). Spring pre-K covariate-adjusted mean difference + SE: Appendix D (Tables D-1a..D-15a), PDF pp.415-441. Pooled-SD method: Appendix B eq.(10)-(16), PDF pp.353-359. Model: Appendix B, PDF pp.341-352.",subagent,medium,impact_estimate/impact_se are the Appendix-D covariate-adjusted spring pre-K mean DIFFERENCE (T-C) and its SE in the measure's raw score units (NOT in d units); the standardized d is in Table E. Random assignment at Pre-K program level (10 trt + 8 control programs).
pcer_2008-39,pcer_2008,89,pcer_2008,PCER (2008),Reading,Pre-K,0.03986,0.036667,0.19149,105,110,18,,True,True,standardized_independent,Woodcock-Johnson Spelling (W score),0,redundant_subscale,"Reported effect size d=0.04 from Table E (spring pre-K, end-of-treatment), where d = (adjusted M_T - M_C)/sigma_pooled with sigma_pooled a site-specific model-based pooled population SD (Appendix B, eq.16). g = J*d, df=n_t+n_c-2=213, J=0.99647, g=0.0399. g_se derived from the Appendix-D covariate-adjusted spring pre-K mean difference (md=0.97) and its SE (4.66): implied site SD = md/d = 24.250; SE in d-units = SE_md/SD = 0.1922; g_se = J*SE_d = 0.1915; g_var = 0.03667. Pretest/baseline-adjusted (covariate) and cluster-accounted (HLM random classroom effect).",0.97,"Effect size d: Table E, p.xliii (PDF p.44). Spring pre-K covariate-adjusted mean difference + SE: Appendix D (Tables D-1a..D-15a), PDF pp.415-441. Pooled-SD method: Appendix B eq.(10)-(16), PDF pp.353-359. Model: Appendix B, PDF pp.341-352.",subagent,medium,impact_estimate/impact_se are the Appendix-D covariate-adjusted spring pre-K mean DIFFERENCE (T-C) and its SE in the measure's raw score units (NOT in d units); the standardized d is in Table E. Random assignment at Pre-K program level (10 trt + 8 control programs).
pcer_2008-40,pcer_2008,89,pcer_2008,PCER (2008),Reading,Pre-K,0.17937,0.018559,0.13623,105,110,18,,True,True,standardized_independent,Pre-CTOPPP Elision (phonological awareness),1,,"Reported effect size d=0.18 from Table E (spring pre-K, end-of-treatment). g = J*d, df=213, J=0.99647, g=0.1794. Could NOT cleanly derive g_se from Appendix D (d_E and Appendix-D mean diff md=-0.04, SE=0.75 have inconsistent sign/zero, indicating a probable table transcription artifact). FALLBACK design-based variance at STUDENT level: Var(d)=(n_t+n_c)/(n_t*n_c)+d^2/(2*(n_t+n_c))=0.01869; g_var=J^2*Var(d)=0.01856; g_se=0.1362. This fallback is NOT cluster-adjusted; central team should re-derive variance using n_clusters and an ICC (no ICC reported).",-0.04,"Effect size d: Table E, p.xliii (PDF p.44). Spring pre-K covariate-adjusted mean difference + SE: Appendix D (Tables D-1a..D-15a), PDF pp.415-441. Pooled-SD method: Appendix B eq.(10)-(16), PDF pp.353-359. Model: Appendix B, PDF pp.341-352.",subagent,medium,impact_estimate/impact_se are the Appendix-D covariate-adjusted spring pre-K mean DIFFERENCE (T-C) and its SE in the measure's raw score units (NOT in d units); the standardized d is in Table E. Random assignment at Pre-K program level (10 trt + 8 control programs).
pcer_2008-41,pcer_2008,89,pcer_2008,PCER (2008),Other,Pre-K,-0.00996,0.026363,0.16237,105,110,18,,True,True,standardized_independent,Peabody Picture Vocabulary Test (PPVT),0,redundant_subscale,"Reported effect size d=-0.01 from Table E (spring pre-K, end-of-treatment), where d = (adjusted M_T - M_C)/sigma_pooled with sigma_pooled a site-specific model-based pooled population SD (Appendix B, eq.16). g = J*d, df=n_t+n_c-2=213, J=0.99647, g=-0.0100. g_se derived from the Appendix-D covariate-adjusted spring pre-K mean difference (md=-0.17) and its SE (2.77): implied site SD = md/d = 17.000; SE in d-units = SE_md/SD = 0.1629; g_se = J*SE_d = 0.1624; g_var = 0.02636. Pretest/baseline-adjusted (covariate) and cluster-accounted (HLM random classroom effect).",-0.17,"Effect size d: Table E, p.xliii (PDF p.44). Spring pre-K covariate-adjusted mean difference + SE: Appendix D (Tables D-1a..D-15a), PDF pp.415-441. Pooled-SD method: Appendix B eq.(10)-(16), PDF pp.353-359. Model: Appendix B, PDF pp.341-352.",subagent,medium,impact_estimate/impact_se are the Appendix-D covariate-adjusted spring pre-K mean DIFFERENCE (T-C) and its SE in the measure's raw score units (NOT in d units); the standardized d is in Table E. Random assignment at Pre-K program level (10 trt + 8 control programs).
pcer_2008-42,pcer_2008,89,pcer_2008,PCER (2008),Other,Pre-K,-0.07972,0.027466,0.16573,105,110,18,,True,True,standardized_independent,Test of Language Development (TOLD) Grammatic Understanding,0,redundant_subscale,"Reported effect size d=-0.08 from Table E (spring pre-K, end-of-treatment), where d = (adjusted M_T - M_C)/sigma_pooled with sigma_pooled a site-specific model-based pooled population SD (Appendix B, eq.16). g = J*d, df=n_t+n_c-2=213, J=0.99647, g=-0.0797. g_se derived from the Appendix-D covariate-adjusted spring pre-K mean difference (md=-0.38) and its SE (0.79): implied site SD = md/d = 4.750; SE in d-units = SE_md/SD = 0.1663; g_se = J*SE_d = 0.1657; g_var = 0.02747. Pretest/baseline-adjusted (covariate) and cluster-accounted (HLM random classroom effect).",-0.38,"Effect size d: Table E, p.xliii (PDF p.44). Spring pre-K covariate-adjusted mean difference + SE: Appendix D (Tables D-1a..D-15a), PDF pp.415-441. Pooled-SD method: Appendix B eq.(10)-(16), PDF pp.353-359. Model: Appendix B, PDF pp.341-352.",subagent,medium,impact_estimate/impact_se are the Appendix-D covariate-adjusted spring pre-K mean DIFFERENCE (T-C) and its SE in the measure's raw score units (NOT in d units); the standardized d is in Table E. Random assignment at Pre-K program level (10 trt + 8 control programs).
pcer_2008-43,pcer_2008,89,pcer_2008,PCER (2008),STEM,Pre-K,0.09965,0.02712,0.16468,105,110,18,,True,True,standardized_independent,Woodcock-Johnson Applied Problems (W score),0,redundant_subscale,"Reported effect size d=0.1 from Table E (spring pre-K, end-of-treatment), where d = (adjusted M_T - M_C)/sigma_pooled with sigma_pooled a site-specific model-based pooled population SD (Appendix B, eq.16). g = J*d, df=n_t+n_c-2=213, J=0.99647, g=0.0996. g_se derived from the Appendix-D covariate-adjusted spring pre-K mean difference (md=1.9) and its SE (3.14): implied site SD = md/d = 19.000; SE in d-units = SE_md/SD = 0.1653; g_se = J*SE_d = 0.1647; g_var = 0.02712. Pretest/baseline-adjusted (covariate) and cluster-accounted (HLM random classroom effect).",1.9,"Effect size d: Table E, p.xliii (PDF p.44). Spring pre-K covariate-adjusted mean difference + SE: Appendix D (Tables D-1a..D-15a), PDF pp.415-441. Pooled-SD method: Appendix B eq.(10)-(16), PDF pp.353-359. Model: Appendix B, PDF pp.341-352.",subagent,medium,impact_estimate/impact_se are the Appendix-D covariate-adjusted spring pre-K mean DIFFERENCE (T-C) and its SE in the measure's raw score units (NOT in d units); the standardized d is in Table E. Random assignment at Pre-K program level (10 trt + 8 control programs).
pcer_2008-44,pcer_2008,89,pcer_2008,PCER (2008),STEM,Pre-K,0.00996,0.018484,0.13596,105,110,18,,True,True,standardized_independent,CMA-A Mathematics Composite,0,redundant_subscale,"Reported effect size d=0.01 from Table E (spring pre-K, end-of-treatment). g = J*d, df=213, J=0.99647, g=0.0100. Could NOT cleanly derive g_se from Appendix D (d_E and Appendix-D mean diff md=0.0, SE=0.05 have inconsistent sign/zero, indicating a probable table transcription artifact). FALLBACK design-based variance at STUDENT level: Var(d)=(n_t+n_c)/(n_t*n_c)+d^2/(2*(n_t+n_c))=0.01861; g_var=J^2*Var(d)=0.01848; g_se=0.1360. This fallback is NOT cluster-adjusted; central team should re-derive variance using n_clusters and an ICC (no ICC reported).",0.0,"Effect size d: Table E, p.xliii (PDF p.44). Spring pre-K covariate-adjusted mean difference + SE: Appendix D (Tables D-1a..D-15a), PDF pp.415-441. Pooled-SD method: Appendix B eq.(10)-(16), PDF pp.353-359. Model: Appendix B, PDF pp.341-352.",subagent,medium,impact_estimate/impact_se are the Appendix-D covariate-adjusted spring pre-K mean DIFFERENCE (T-C) and its SE in the measure's raw score units (NOT in d units); the standardized d is in Table E. Random assignment at Pre-K program level (10 trt + 8 control programs).
pcer_2008-45,pcer_2008,89,pcer_2008,PCER (2008),STEM,Pre-K,0.15944,0.045191,0.21258,105,110,18,,True,True,researcher_made,Shape Composition (Building Blocks) task,0,researcher_made,"Reported effect size d=0.16 from Table E (spring pre-K, end-of-treatment), where d = (adjusted M_T - M_C)/sigma_pooled with sigma_pooled a site-specific model-based pooled population SD (Appendix B, eq.16). g = J*d, df=n_t+n_c-2=213, J=0.99647, g=0.1594. g_se derived from the Appendix-D covariate-adjusted spring pre-K mean difference (md=0.15) and its SE (0.2): implied site SD = md/d = 0.938; SE in d-units = SE_md/SD = 0.2133; g_se = J*SE_d = 0.2126; g_var = 0.04519. Pretest/baseline-adjusted (covariate) and cluster-accounted (HLM random classroom effect).",0.15,"Effect size d: Table E, p.xliii (PDF p.44). Spring pre-K covariate-adjusted mean difference + SE: Appendix D (Tables D-1a..D-15a), PDF pp.415-441. Pooled-SD method: Appendix B eq.(10)-(16), PDF pp.353-359. Model: Appendix B, PDF pp.341-352.",subagent,medium,impact_estimate/impact_se are the Appendix-D covariate-adjusted spring pre-K mean DIFFERENCE (T-C) and its SE in the measure's raw score units (NOT in d units); the standardized d is in Table E. Random assignment at Pre-K program level (10 trt + 8 control programs).
pcer_2008-46,pcer_2008,89,pcer_2008,PCER (2008),Reading,Pre-K,0.05977,0.037371,0.19332,101,96,29,,True,True,standardized_independent,Test of Early Reading Ability (TERA),0,redundant_subscale,"Reported effect size d=0.06 from Table E (spring pre-K, end-of-treatment), where d = (adjusted M_T - M_C)/sigma_pooled with sigma_pooled a site-specific model-based pooled population SD (Appendix B, eq.16). g = J*d, df=n_t+n_c-2=195, J=0.99615, g=0.0598. g_se derived from the Appendix-D covariate-adjusted spring pre-K mean difference (md=0.64) and its SE (2.07): implied site SD = md/d = 10.667; SE in d-units = SE_md/SD = 0.1941; g_se = J*SE_d = 0.1933; g_var = 0.03737. Pretest/baseline-adjusted (covariate) and cluster-accounted (HLM random classroom effect).",0.64,"Effect size d: Table E, p.xliii (PDF p.44). Spring pre-K covariate-adjusted mean difference + SE: Appendix D (Tables D-1a..D-15a), PDF pp.415-441. Pooled-SD method: Appendix B eq.(10)-(16), PDF pp.353-359. Model: Appendix B, PDF pp.341-352.",subagent,medium,"impact_estimate/impact_se are the Appendix-D covariate-adjusted spring pre-K mean DIFFERENCE (T-C) and its SE in the measure's raw score units (NOT in d units); the standardized d is in Table E. TX site (UT-Houston) had two interventions (Doors to Discovery, Let's Begin with the Letter People) sharing a control (15 classrooms)."
pcer_2008-47,pcer_2008,89,pcer_2008,PCER (2008),Reading,Pre-K,0.09961,0.029337,0.17128,101,96,29,,True,True,standardized_independent,Woodcock-Johnson Letter-Word Identification (W score),0,redundant_subscale,"Reported effect size d=0.1 from Table E (spring pre-K, end-of-treatment), where d = (adjusted M_T - M_C)/sigma_pooled with sigma_pooled a site-specific model-based pooled population SD (Appendix B, eq.16). g = J*d, df=n_t+n_c-2=195, J=0.99615, g=0.0996. g_se derived from the Appendix-D covariate-adjusted spring pre-K mean difference (md=2.78) and its SE (4.78): implied site SD = md/d = 27.800; SE in d-units = SE_md/SD = 0.1719; g_se = J*SE_d = 0.1713; g_var = 0.02934. Pretest/baseline-adjusted (covariate) and cluster-accounted (HLM random classroom effect).",2.78,"Effect size d: Table E, p.xliii (PDF p.44). Spring pre-K covariate-adjusted mean difference + SE: Appendix D (Tables D-1a..D-15a), PDF pp.415-441. Pooled-SD method: Appendix B eq.(10)-(16), PDF pp.353-359. Model: Appendix B, PDF pp.341-352.",subagent,medium,"impact_estimate/impact_se are the Appendix-D covariate-adjusted spring pre-K mean DIFFERENCE (T-C) and its SE in the measure's raw score units (NOT in d units); the standardized d is in Table E. TX site (UT-Houston) had two interventions (Doors to Discovery, Let's Begin with the Letter People) sharing a control (15 classrooms)."
pcer_2008-48,pcer_2008,89,pcer_2008,PCER (2008),Reading,Pre-K,0.05977,0.026445,0.16262,101,96,29,,True,True,standardized_independent,Woodcock-Johnson Spelling (W score),0,redundant_subscale,"Reported effect size d=0.06 from Table E (spring pre-K, end-of-treatment), where d = (adjusted M_T - M_C)/sigma_pooled with sigma_pooled a site-specific model-based pooled population SD (Appendix B, eq.16). g = J*d, df=n_t+n_c-2=195, J=0.99615, g=0.0598. g_se derived from the Appendix-D covariate-adjusted spring pre-K mean difference (md=1.54) and its SE (4.19): implied site SD = md/d = 25.667; SE in d-units = SE_md/SD = 0.1632; g_se = J*SE_d = 0.1626; g_var = 0.02644. Pretest/baseline-adjusted (covariate) and cluster-accounted (HLM random classroom effect).",1.54,"Effect size d: Table E, p.xliii (PDF p.44). Spring pre-K covariate-adjusted mean difference + SE: Appendix D (Tables D-1a..D-15a), PDF pp.415-441. Pooled-SD method: Appendix B eq.(10)-(16), PDF pp.353-359. Model: Appendix B, PDF pp.341-352.",subagent,medium,"impact_estimate/impact_se are the Appendix-D covariate-adjusted spring pre-K mean DIFFERENCE (T-C) and its SE in the measure's raw score units (NOT in d units); the standardized d is in Table E. TX site (UT-Houston) had two interventions (Doors to Discovery, Let's Begin with the Letter People) sharing a control (15 classrooms)."
pcer_2008-49,pcer_2008,89,pcer_2008,PCER (2008),Reading,Pre-K,0.17931,0.031198,0.17663,101,96,29,,True,True,standardized_independent,Pre-CTOPPP Elision (phonological awareness),1,,"Reported effect size d=0.18 from Table E (spring pre-K, end-of-treatment), where d = (adjusted M_T - M_C)/sigma_pooled with sigma_pooled a site-specific model-based pooled population SD (Appendix B, eq.16). g = J*d, df=n_t+n_c-2=195, J=0.99615, g=0.1793. g_se derived from the Appendix-D covariate-adjusted spring pre-K mean difference (md=0.67) and its SE (0.66): implied site SD = md/d = 3.722; SE in d-units = SE_md/SD = 0.1773; g_se = J*SE_d = 0.1766; g_var = 0.03120. Pretest/baseline-adjusted (covariate) and cluster-accounted (HLM random classroom effect).",0.67,"Effect size d: Table E, p.xliii (PDF p.44). Spring pre-K covariate-adjusted mean difference + SE: Appendix D (Tables D-1a..D-15a), PDF pp.415-441. Pooled-SD method: Appendix B eq.(10)-(16), PDF pp.353-359. Model: Appendix B, PDF pp.341-352.",subagent,medium,"impact_estimate/impact_se are the Appendix-D covariate-adjusted spring pre-K mean DIFFERENCE (T-C) and its SE in the measure's raw score units (NOT in d units); the standardized d is in Table E. TX site (UT-Houston) had two interventions (Doors to Discovery, Let's Begin with the Letter People) sharing a control (15 classrooms)."
pcer_2008-50,pcer_2008,89,pcer_2008,PCER (2008),Other,Pre-K,0.14942,0.050033,0.22368,101,96,29,,True,True,standardized_independent,Peabody Picture Vocabulary Test (PPVT),0,redundant_subscale,"Reported effect size d=0.15 from Table E (spring pre-K, end-of-treatment), where d = (adjusted M_T - M_C)/sigma_pooled with sigma_pooled a site-specific model-based pooled population SD (Appendix B, eq.16). g = J*d, df=n_t+n_c-2=195, J=0.99615, g=0.1494. g_se derived from the Appendix-D covariate-adjusted spring pre-K mean difference (md=3.3) and its SE (4.94): implied site SD = md/d = 22.000; SE in d-units = SE_md/SD = 0.2245; g_se = J*SE_d = 0.2237; g_var = 0.05003. Pretest/baseline-adjusted (covariate) and cluster-accounted (HLM random classroom effect).",3.3,"Effect size d: Table E, p.xliii (PDF p.44). Spring pre-K covariate-adjusted mean difference + SE: Appendix D (Tables D-1a..D-15a), PDF pp.415-441. Pooled-SD method: Appendix B eq.(10)-(16), PDF pp.353-359. Model: Appendix B, PDF pp.341-352.",subagent,medium,"impact_estimate/impact_se are the Appendix-D covariate-adjusted spring pre-K mean DIFFERENCE (T-C) and its SE in the measure's raw score units (NOT in d units); the standardized d is in Table E. TX site (UT-Houston) had two interventions (Doors to Discovery, Let's Begin with the Letter People) sharing a control (15 classrooms)."
pcer_2008-51,pcer_2008,89,pcer_2008,PCER (2008),Other,Pre-K,0.16935,0.024816,0.15753,101,96,29,,True,True,standardized_independent,Test of Language Development (TOLD) Grammatic Understanding,0,redundant_subscale,"Reported effect size d=0.17 from Table E (spring pre-K, end-of-treatment), where d = (adjusted M_T - M_C)/sigma_pooled with sigma_pooled a site-specific model-based pooled population SD (Appendix B, eq.16). g = J*d, df=n_t+n_c-2=195, J=0.99615, g=0.1693. g_se derived from the Appendix-D covariate-adjusted spring pre-K mean difference (md=0.86) and its SE (0.8): implied site SD = md/d = 5.059; SE in d-units = SE_md/SD = 0.1581; g_se = J*SE_d = 0.1575; g_var = 0.02482. Pretest/baseline-adjusted (covariate) and cluster-accounted (HLM random classroom effect).",0.86,"Effect size d: Table E, p.xliii (PDF p.44). Spring pre-K covariate-adjusted mean difference + SE: Appendix D (Tables D-1a..D-15a), PDF pp.415-441. Pooled-SD method: Appendix B eq.(10)-(16), PDF pp.353-359. Model: Appendix B, PDF pp.341-352.",subagent,medium,"impact_estimate/impact_se are the Appendix-D covariate-adjusted spring pre-K mean DIFFERENCE (T-C) and its SE in the measure's raw score units (NOT in d units); the standardized d is in Table E. TX site (UT-Houston) had two interventions (Doors to Discovery, Let's Begin with the Letter People) sharing a control (15 classrooms)."
pcer_2008-52,pcer_2008,89,pcer_2008,PCER (2008),STEM,Pre-K,0.00996,0.020806,0.14424,101,96,29,,True,True,standardized_independent,Woodcock-Johnson Applied Problems (W score),0,redundant_subscale,"Reported effect size d=0.01 from Table E (spring pre-K, end-of-treatment), where d = (adjusted M_T - M_C)/sigma_pooled with sigma_pooled a site-specific model-based pooled population SD (Appendix B, eq.16). g = J*d, df=n_t+n_c-2=195, J=0.99615, g=0.0100. g_se derived from the Appendix-D covariate-adjusted spring pre-K mean difference (md=0.25) and its SE (3.62): implied site SD = md/d = 25.000; SE in d-units = SE_md/SD = 0.1448; g_se = J*SE_d = 0.1442; g_var = 0.02081. Pretest/baseline-adjusted (covariate) and cluster-accounted (HLM random classroom effect).",0.25,"Effect size d: Table E, p.xliii (PDF p.44). Spring pre-K covariate-adjusted mean difference + SE: Appendix D (Tables D-1a..D-15a), PDF pp.415-441. Pooled-SD method: Appendix B eq.(10)-(16), PDF pp.353-359. Model: Appendix B, PDF pp.341-352.",subagent,medium,"impact_estimate/impact_se are the Appendix-D covariate-adjusted spring pre-K mean DIFFERENCE (T-C) and its SE in the measure's raw score units (NOT in d units); the standardized d is in Table E. TX site (UT-Houston) had two interventions (Doors to Discovery, Let's Begin with the Letter People) sharing a control (15 classrooms)."
pcer_2008-53,pcer_2008,89,pcer_2008,PCER (2008),STEM,Pre-K,0.1295,0.01677,0.1295,101,96,29,,True,True,standardized_independent,CMA-A Mathematics Composite,0,redundant_subscale,"Reported effect size d=0.13 from Table E (spring pre-K, end-of-treatment), where d = (adjusted M_T - M_C)/sigma_pooled with sigma_pooled a site-specific model-based pooled population SD (Appendix B, eq.16). g = J*d, df=n_t+n_c-2=195, J=0.99615, g=0.1295. g_se derived from the Appendix-D covariate-adjusted spring pre-K mean difference (md=0.03) and its SE (0.03): implied site SD = md/d = 0.231; SE in d-units = SE_md/SD = 0.1300; g_se = J*SE_d = 0.1295; g_var = 0.01677. Pretest/baseline-adjusted (covariate) and cluster-accounted (HLM random classroom effect).",0.03,"Effect size d: Table E, p.xliii (PDF p.44). Spring pre-K covariate-adjusted mean difference + SE: Appendix D (Tables D-1a..D-15a), PDF pp.415-441. Pooled-SD method: Appendix B eq.(10)-(16), PDF pp.353-359. Model: Appendix B, PDF pp.341-352.",subagent,medium,"impact_estimate/impact_se are the Appendix-D covariate-adjusted spring pre-K mean DIFFERENCE (T-C) and its SE in the measure's raw score units (NOT in d units); the standardized d is in Table E. TX site (UT-Houston) had two interventions (Doors to Discovery, Let's Begin with the Letter People) sharing a control (15 classrooms)."
pcer_2008-54,pcer_2008,89,pcer_2008,PCER (2008),STEM,Pre-K,-0.1295,0.027165,0.16482,101,96,29,,True,True,researcher_made,Shape Composition (Building Blocks) task,0,researcher_made,"Reported effect size d=-0.13 from Table E (spring pre-K, end-of-treatment), where d = (adjusted M_T - M_C)/sigma_pooled with sigma_pooled a site-specific model-based pooled population SD (Appendix B, eq.16). g = J*d, df=n_t+n_c-2=195, J=0.99615, g=-0.1295. g_se derived from the Appendix-D covariate-adjusted spring pre-K mean difference (md=-0.11) and its SE (0.14): implied site SD = md/d = 0.846; SE in d-units = SE_md/SD = 0.1655; g_se = J*SE_d = 0.1648; g_var = 0.02716. Pretest/baseline-adjusted (covariate) and cluster-accounted (HLM random classroom effect).",-0.11,"Effect size d: Table E, p.xliii (PDF p.44). Spring pre-K covariate-adjusted mean difference + SE: Appendix D (Tables D-1a..D-15a), PDF pp.415-441. Pooled-SD method: Appendix B eq.(10)-(16), PDF pp.353-359. Model: Appendix B, PDF pp.341-352.",subagent,medium,"impact_estimate/impact_se are the Appendix-D covariate-adjusted spring pre-K mean DIFFERENCE (T-C) and its SE in the measure's raw score units (NOT in d units); the standardized d is in Table E. TX site (UT-Houston) had two interventions (Doors to Discovery, Let's Begin with the Letter People) sharing a control (15 classrooms)."
pcer_2008-55,pcer_2008,89,pcer_2008,PCER (2008),Reading,Pre-K,0.01992,0.051985,0.228,100,96,30,,True,True,standardized_independent,Test of Early Reading Ability (TERA),0,redundant_subscale,"Reported effect size d=0.02 from Table E (spring pre-K, end-of-treatment), where d = (adjusted M_T - M_C)/sigma_pooled with sigma_pooled a site-specific model-based pooled population SD (Appendix B, eq.16). g = J*d, df=n_t+n_c-2=194, J=0.99613, g=0.0199. g_se derived from the Appendix-D covariate-adjusted spring pre-K mean difference (md=0.18) and its SE (2.06): implied site SD = md/d = 9.000; SE in d-units = SE_md/SD = 0.2289; g_se = J*SE_d = 0.2280; g_var = 0.05199. Pretest/baseline-adjusted (covariate) and cluster-accounted (HLM random classroom effect).",0.18,"Effect size d: Table E, p.xliii (PDF p.44). Spring pre-K covariate-adjusted mean difference + SE: Appendix D (Tables D-1a..D-15a), PDF pp.415-441. Pooled-SD method: Appendix B eq.(10)-(16), PDF pp.353-359. Model: Appendix B, PDF pp.341-352.",subagent,medium,impact_estimate/impact_se are the Appendix-D covariate-adjusted spring pre-K mean DIFFERENCE (T-C) and its SE in the measure's raw score units (NOT in d units); the standardized d is in Table E. TX site shared control with Doors to Discovery. NOTE: Table E Spring K for LB shows some K values; here using Spring Pre-K. WJLW Table E pre-K=-.05 but App D spring pre-K mean diff=-4.78 (uses Spring K? cross-checked below).
pcer_2008-56,pcer_2008,89,pcer_2008,PCER (2008),Reading,Pre-K,-0.04981,0.003478,0.05898,100,96,30,,True,True,standardized_independent,Woodcock-Johnson Letter-Word Identification (W score),0,redundant_subscale,"Reported effect size d=-0.05 from Table E (spring pre-K, end-of-treatment), where d = (adjusted M_T - M_C)/sigma_pooled with sigma_pooled a site-specific model-based pooled population SD (Appendix B, eq.16). g = J*d, df=n_t+n_c-2=194, J=0.99613, g=-0.0498. g_se derived from the Appendix-D covariate-adjusted spring pre-K mean difference (md=-4.78) and its SE (5.66): implied site SD = md/d = 95.600; SE in d-units = SE_md/SD = 0.0592; g_se = J*SE_d = 0.0590; g_var = 0.00348. Pretest/baseline-adjusted (covariate) and cluster-accounted (HLM random classroom effect).",-4.78,"Effect size d: Table E, p.xliii (PDF p.44). Spring pre-K covariate-adjusted mean difference + SE: Appendix D (Tables D-1a..D-15a), PDF pp.415-441. Pooled-SD method: Appendix B eq.(10)-(16), PDF pp.353-359. Model: Appendix B, PDF pp.341-352.",subagent,medium,impact_estimate/impact_se are the Appendix-D covariate-adjusted spring pre-K mean DIFFERENCE (T-C) and its SE in the measure's raw score units (NOT in d units); the standardized d is in Table E. TX site shared control with Doors to Discovery. NOTE: Table E Spring K for LB shows some K values; here using Spring Pre-K. WJLW Table E pre-K=-.05 but App D spring pre-K mean diff=-4.78 (uses Spring K? cross-checked below).
pcer_2008-57,pcer_2008,89,pcer_2008,PCER (2008),Reading,Pre-K,0.16934,0.031487,0.17745,100,96,30,,True,True,standardized_independent,Woodcock-Johnson Spelling (W score),0,redundant_subscale,"Reported effect size d=0.17 from Table E (spring pre-K, end-of-treatment), where d = (adjusted M_T - M_C)/sigma_pooled with sigma_pooled a site-specific model-based pooled population SD (Appendix B, eq.16). g = J*d, df=n_t+n_c-2=194, J=0.99613, g=0.1693. g_se derived from the Appendix-D covariate-adjusted spring pre-K mean difference (md=3.97) and its SE (4.16): implied site SD = md/d = 23.353; SE in d-units = SE_md/SD = 0.1781; g_se = J*SE_d = 0.1774; g_var = 0.03149. Pretest/baseline-adjusted (covariate) and cluster-accounted (HLM random classroom effect).",3.97,"Effect size d: Table E, p.xliii (PDF p.44). Spring pre-K covariate-adjusted mean difference + SE: Appendix D (Tables D-1a..D-15a), PDF pp.415-441. Pooled-SD method: Appendix B eq.(10)-(16), PDF pp.353-359. Model: Appendix B, PDF pp.341-352.",subagent,medium,impact_estimate/impact_se are the Appendix-D covariate-adjusted spring pre-K mean DIFFERENCE (T-C) and its SE in the measure's raw score units (NOT in d units); the standardized d is in Table E. TX site shared control with Doors to Discovery. NOTE: Table E Spring K for LB shows some K values; here using Spring Pre-K. WJLW Table E pre-K=-.05 but App D spring pre-K mean diff=-4.78 (uses Spring K? cross-checked below).
pcer_2008-58,pcer_2008,89,pcer_2008,PCER (2008),Reading,Pre-K,-0.1295,0.012647,0.11246,100,96,30,,True,True,standardized_independent,Pre-CTOPPP Elision (phonological awareness),1,,"Reported effect size d=-0.13 from Table E (spring pre-K, end-of-treatment), where d = (adjusted M_T - M_C)/sigma_pooled with sigma_pooled a site-specific model-based pooled population SD (Appendix B, eq.16). g = J*d, df=n_t+n_c-2=194, J=0.99613, g=-0.1295. g_se derived from the Appendix-D covariate-adjusted spring pre-K mean difference (md=-0.76) and its SE (0.66): implied site SD = md/d = 5.846; SE in d-units = SE_md/SD = 0.1129; g_se = J*SE_d = 0.1125; g_var = 0.01265. Pretest/baseline-adjusted (covariate) and cluster-accounted (HLM random classroom effect).",-0.76,"Effect size d: Table E, p.xliii (PDF p.44). Spring pre-K covariate-adjusted mean difference + SE: Appendix D (Tables D-1a..D-15a), PDF pp.415-441. Pooled-SD method: Appendix B eq.(10)-(16), PDF pp.353-359. Model: Appendix B, PDF pp.341-352.",subagent,medium,impact_estimate/impact_se are the Appendix-D covariate-adjusted spring pre-K mean DIFFERENCE (T-C) and its SE in the measure's raw score units (NOT in d units); the standardized d is in Table E. TX site shared control with Doors to Discovery. NOTE: Table E Spring K for LB shows some K values; here using Spring Pre-K. WJLW Table E pre-K=-.05 but App D spring pre-K mean diff=-4.78 (uses Spring K? cross-checked below).
pcer_2008-59,pcer_2008,89,pcer_2008,PCER (2008),Other,Pre-K,-0.02988,0.057155,0.23907,100,96,30,,True,True,standardized_independent,Peabody Picture Vocabulary Test (PPVT),0,redundant_subscale,"Reported effect size d=-0.03 from Table E (spring pre-K, end-of-treatment), where d = (adjusted M_T - M_C)/sigma_pooled with sigma_pooled a site-specific model-based pooled population SD (Appendix B, eq.16). g = J*d, df=n_t+n_c-2=194, J=0.99613, g=-0.0299. g_se derived from the Appendix-D covariate-adjusted spring pre-K mean difference (md=-0.61) and its SE (4.88): implied site SD = md/d = 20.333; SE in d-units = SE_md/SD = 0.2400; g_se = J*SE_d = 0.2391; g_var = 0.05715. Pretest/baseline-adjusted (covariate) and cluster-accounted (HLM random classroom effect).",-0.61,"Effect size d: Table E, p.xliii (PDF p.44). Spring pre-K covariate-adjusted mean difference + SE: Appendix D (Tables D-1a..D-15a), PDF pp.415-441. Pooled-SD method: Appendix B eq.(10)-(16), PDF pp.353-359. Model: Appendix B, PDF pp.341-352.",subagent,medium,impact_estimate/impact_se are the Appendix-D covariate-adjusted spring pre-K mean DIFFERENCE (T-C) and its SE in the measure's raw score units (NOT in d units); the standardized d is in Table E. TX site shared control with Doors to Discovery. NOTE: Table E Spring K for LB shows some K values; here using Spring Pre-K. WJLW Table E pre-K=-.05 but App D spring pre-K mean diff=-4.78 (uses Spring K? cross-checked below).
pcer_2008-60,pcer_2008,89,pcer_2008,PCER (2008),Other,Pre-K,0.07969,0.024178,0.15549,100,96,30,,True,True,standardized_independent,Test of Language Development (TOLD) Grammatic Understanding,0,redundant_subscale,"Reported effect size d=0.08 from Table E (spring pre-K, end-of-treatment), where d = (adjusted M_T - M_C)/sigma_pooled with sigma_pooled a site-specific model-based pooled population SD (Appendix B, eq.16). g = J*d, df=n_t+n_c-2=194, J=0.99613, g=0.0797. g_se derived from the Appendix-D covariate-adjusted spring pre-K mean difference (md=0.41) and its SE (0.8): implied site SD = md/d = 5.125; SE in d-units = SE_md/SD = 0.1561; g_se = J*SE_d = 0.1555; g_var = 0.02418. Pretest/baseline-adjusted (covariate) and cluster-accounted (HLM random classroom effect).",0.41,"Effect size d: Table E, p.xliii (PDF p.44). Spring pre-K covariate-adjusted mean difference + SE: Appendix D (Tables D-1a..D-15a), PDF pp.415-441. Pooled-SD method: Appendix B eq.(10)-(16), PDF pp.353-359. Model: Appendix B, PDF pp.341-352.",subagent,medium,impact_estimate/impact_se are the Appendix-D covariate-adjusted spring pre-K mean DIFFERENCE (T-C) and its SE in the measure's raw score units (NOT in d units); the standardized d is in Table E. TX site shared control with Doors to Discovery. NOTE: Table E Spring K for LB shows some K values; here using Spring Pre-K. WJLW Table E pre-K=-.05 but App D spring pre-K mean diff=-4.78 (uses Spring K? cross-checked below).
pcer_2008-61,pcer_2008,89,pcer_2008,PCER (2008),STEM,Pre-K,-0.09961,0.019979,0.14135,100,96,30,,True,True,standardized_independent,Woodcock-Johnson Applied Problems (W score),0,redundant_subscale,"Reported effect size d=-0.1 from Table E (spring pre-K, end-of-treatment), where d = (adjusted M_T - M_C)/sigma_pooled with sigma_pooled a site-specific model-based pooled population SD (Appendix B, eq.16). g = J*d, df=n_t+n_c-2=194, J=0.99613, g=-0.0996. g_se derived from the Appendix-D covariate-adjusted spring pre-K mean difference (md=-2.53) and its SE (3.59): implied site SD = md/d = 25.300; SE in d-units = SE_md/SD = 0.1419; g_se = J*SE_d = 0.1413; g_var = 0.01998. Pretest/baseline-adjusted (covariate) and cluster-accounted (HLM random classroom effect).",-2.53,"Effect size d: Table E, p.xliii (PDF p.44). Spring pre-K covariate-adjusted mean difference + SE: Appendix D (Tables D-1a..D-15a), PDF pp.415-441. Pooled-SD method: Appendix B eq.(10)-(16), PDF pp.353-359. Model: Appendix B, PDF pp.341-352.",subagent,medium,impact_estimate/impact_se are the Appendix-D covariate-adjusted spring pre-K mean DIFFERENCE (T-C) and its SE in the measure's raw score units (NOT in d units); the standardized d is in Table E. TX site shared control with Doors to Discovery. NOTE: Table E Spring K for LB shows some K values; here using Spring Pre-K. WJLW Table E pre-K=-.05 but App D spring pre-K mean diff=-4.78 (uses Spring K? cross-checked below).
pcer_2008-62,pcer_2008,89,pcer_2008,PCER (2008),STEM,Pre-K,0.14942,0.012558,0.11206,100,96,30,,True,True,standardized_independent,CMA-A Mathematics Composite,0,redundant_subscale,"Reported effect size d=0.15 from Table E (spring pre-K, end-of-treatment), where d = (adjusted M_T - M_C)/sigma_pooled with sigma_pooled a site-specific model-based pooled population SD (Appendix B, eq.16). g = J*d, df=n_t+n_c-2=194, J=0.99613, g=0.1494. g_se derived from the Appendix-D covariate-adjusted spring pre-K mean difference (md=0.04) and its SE (0.03): implied site SD = md/d = 0.267; SE in d-units = SE_md/SD = 0.1125; g_se = J*SE_d = 0.1121; g_var = 0.01256. Pretest/baseline-adjusted (covariate) and cluster-accounted (HLM random classroom effect).",0.04,"Effect size d: Table E, p.xliii (PDF p.44). Spring pre-K covariate-adjusted mean difference + SE: Appendix D (Tables D-1a..D-15a), PDF pp.415-441. Pooled-SD method: Appendix B eq.(10)-(16), PDF pp.353-359. Model: Appendix B, PDF pp.341-352.",subagent,medium,impact_estimate/impact_se are the Appendix-D covariate-adjusted spring pre-K mean DIFFERENCE (T-C) and its SE in the measure's raw score units (NOT in d units); the standardized d is in Table E. TX site shared control with Doors to Discovery. NOTE: Table E Spring K for LB shows some K values; here using Spring Pre-K. WJLW Table E pre-K=-.05 but App D spring pre-K mean diff=-4.78 (uses Spring K? cross-checked below).
pcer_2008-63,pcer_2008,89,pcer_2008,PCER (2008),STEM,Pre-K,0.20919,0.021442,0.14643,100,96,30,,True,True,researcher_made,Shape Composition (Building Blocks) task,0,researcher_made,"Reported effect size d=0.21 from Table E (spring pre-K, end-of-treatment), where d = (adjusted M_T - M_C)/sigma_pooled with sigma_pooled a site-specific model-based pooled population SD (Appendix B, eq.16). g = J*d, df=n_t+n_c-2=194, J=0.99613, g=0.2092. g_se derived from the Appendix-D covariate-adjusted spring pre-K mean difference (md=0.2) and its SE (0.14): implied site SD = md/d = 0.952; SE in d-units = SE_md/SD = 0.1470; g_se = J*SE_d = 0.1464; g_var = 0.02144. Pretest/baseline-adjusted (covariate) and cluster-accounted (HLM random classroom effect).",0.2,"Effect size d: Table E, p.xliii (PDF p.44). Spring pre-K covariate-adjusted mean difference + SE: Appendix D (Tables D-1a..D-15a), PDF pp.415-441. Pooled-SD method: Appendix B eq.(10)-(16), PDF pp.353-359. Model: Appendix B, PDF pp.341-352.",subagent,medium,impact_estimate/impact_se are the Appendix-D covariate-adjusted spring pre-K mean DIFFERENCE (T-C) and its SE in the measure's raw score units (NOT in d units); the standardized d is in Table E. TX site shared control with Doors to Discovery. NOTE: Table E Spring K for LB shows some K values; here using Spring Pre-K. WJLW Table E pre-K=-.05 but App D spring pre-K mean diff=-4.78 (uses Spring K? cross-checked below).
pcer_2008-64,pcer_2008,89,pcer_2008,PCER (2008),Reading,Pre-K,0.14953,0.046884,0.21653,137,107,28,,True,True,standardized_independent,Test of Early Reading Ability (TERA),0,redundant_subscale,"Reported effect size d=0.15 from Table E (spring pre-K, end-of-treatment), where d = (adjusted M_T - M_C)/sigma_pooled with sigma_pooled a site-specific model-based pooled population SD (Appendix B, eq.16). g = J*d, df=n_t+n_c-2=242, J=0.99690, g=0.1495. g_se derived from the Appendix-D covariate-adjusted spring pre-K mean difference (md=1.25) and its SE (1.81): implied site SD = md/d = 8.333; SE in d-units = SE_md/SD = 0.2172; g_se = J*SE_d = 0.2165; g_var = 0.04688. Pretest/baseline-adjusted (covariate) and cluster-accounted (HLM random classroom effect).",1.25,"Effect size d: Table E, p.xliii (PDF p.44). Spring pre-K covariate-adjusted mean difference + SE: Appendix D (Tables D-1a..D-15a), PDF pp.415-441. Pooled-SD method: Appendix B eq.(10)-(16), PDF pp.353-359. Model: Appendix B, PDF pp.341-352.",subagent,medium,impact_estimate/impact_se are the Appendix-D covariate-adjusted spring pre-K mean DIFFERENCE (T-C) and its SE in the measure's raw score units (NOT in d units); the standardized d is in Table E. NOTE: Appendix D Table D-8a math rows appear identical to Curiosity Corner D-5a (possible report transcription overlap for math); reading/lang rows differ. Used App D D-8a values as printed.
pcer_2008-65,pcer_2008,89,pcer_2008,PCER (2008),Reading,Pre-K,-0.04984,0.050407,0.22451,137,107,28,,True,True,standardized_independent,Woodcock-Johnson Letter-Word Identification (W score),0,redundant_subscale,"Reported effect size d=-0.05 from Table E (spring pre-K, end-of-treatment), where d = (adjusted M_T - M_C)/sigma_pooled with sigma_pooled a site-specific model-based pooled population SD (Appendix B, eq.16). g = J*d, df=n_t+n_c-2=242, J=0.99690, g=-0.0498. g_se derived from the Appendix-D covariate-adjusted spring pre-K mean difference (md=-1.17) and its SE (5.27): implied site SD = md/d = 23.400; SE in d-units = SE_md/SD = 0.2252; g_se = J*SE_d = 0.2245; g_var = 0.05041. Pretest/baseline-adjusted (covariate) and cluster-accounted (HLM random classroom effect).",-1.17,"Effect size d: Table E, p.xliii (PDF p.44). Spring pre-K covariate-adjusted mean difference + SE: Appendix D (Tables D-1a..D-15a), PDF pp.415-441. Pooled-SD method: Appendix B eq.(10)-(16), PDF pp.353-359. Model: Appendix B, PDF pp.341-352.",subagent,medium,impact_estimate/impact_se are the Appendix-D covariate-adjusted spring pre-K mean DIFFERENCE (T-C) and its SE in the measure's raw score units (NOT in d units); the standardized d is in Table E. NOTE: Appendix D Table D-8a math rows appear identical to Curiosity Corner D-5a (possible report transcription overlap for math); reading/lang rows differ. Used App D D-8a values as printed.
pcer_2008-66,pcer_2008,89,pcer_2008,PCER (2008),Reading,Pre-K,0.10966,0.035184,0.18757,137,107,28,,True,True,standardized_independent,Woodcock-Johnson Spelling (W score),0,redundant_subscale,"Reported effect size d=0.11 from Table E (spring pre-K, end-of-treatment), where d = (adjusted M_T - M_C)/sigma_pooled with sigma_pooled a site-specific model-based pooled population SD (Appendix B, eq.16). g = J*d, df=n_t+n_c-2=242, J=0.99690, g=0.1097. g_se derived from the Appendix-D covariate-adjusted spring pre-K mean difference (md=3.04) and its SE (5.2): implied site SD = md/d = 27.636; SE in d-units = SE_md/SD = 0.1882; g_se = J*SE_d = 0.1876; g_var = 0.03518. Pretest/baseline-adjusted (covariate) and cluster-accounted (HLM random classroom effect).",3.04,"Effect size d: Table E, p.xliii (PDF p.44). Spring pre-K covariate-adjusted mean difference + SE: Appendix D (Tables D-1a..D-15a), PDF pp.415-441. Pooled-SD method: Appendix B eq.(10)-(16), PDF pp.353-359. Model: Appendix B, PDF pp.341-352.",subagent,medium,impact_estimate/impact_se are the Appendix-D covariate-adjusted spring pre-K mean DIFFERENCE (T-C) and its SE in the measure's raw score units (NOT in d units); the standardized d is in Table E. NOTE: Appendix D Table D-8a math rows appear identical to Curiosity Corner D-5a (possible report transcription overlap for math); reading/lang rows differ. Used App D D-8a values as printed.
pcer_2008-67,pcer_2008,89,pcer_2008,PCER (2008),Reading,Pre-K,0.17944,0.043327,0.20815,137,107,28,,True,True,standardized_independent,Pre-CTOPPP Elision (phonological awareness),1,,"Reported effect size d=0.18 from Table E (spring pre-K, end-of-treatment), where d = (adjusted M_T - M_C)/sigma_pooled with sigma_pooled a site-specific model-based pooled population SD (Appendix B, eq.16). g = J*d, df=n_t+n_c-2=242, J=0.99690, g=0.1794. g_se derived from the Appendix-D covariate-adjusted spring pre-K mean difference (md=0.5) and its SE (0.58): implied site SD = md/d = 2.778; SE in d-units = SE_md/SD = 0.2088; g_se = J*SE_d = 0.2082; g_var = 0.04333. Pretest/baseline-adjusted (covariate) and cluster-accounted (HLM random classroom effect).",0.5,"Effect size d: Table E, p.xliii (PDF p.44). Spring pre-K covariate-adjusted mean difference + SE: Appendix D (Tables D-1a..D-15a), PDF pp.415-441. Pooled-SD method: Appendix B eq.(10)-(16), PDF pp.353-359. Model: Appendix B, PDF pp.341-352.",subagent,medium,impact_estimate/impact_se are the Appendix-D covariate-adjusted spring pre-K mean DIFFERENCE (T-C) and its SE in the measure's raw score units (NOT in d units); the standardized d is in Table E. NOTE: Appendix D Table D-8a math rows appear identical to Curiosity Corner D-5a (possible report transcription overlap for math); reading/lang rows differ. Used App D D-8a values as printed.
pcer_2008-68,pcer_2008,89,pcer_2008,PCER (2008),Other,Pre-K,0.16947,0.023086,0.15194,137,107,28,,True,True,standardized_independent,Peabody Picture Vocabulary Test (PPVT),0,redundant_subscale,"Reported effect size d=0.17 from Table E (spring pre-K, end-of-treatment), where d = (adjusted M_T - M_C)/sigma_pooled with sigma_pooled a site-specific model-based pooled population SD (Appendix B, eq.16). g = J*d, df=n_t+n_c-2=242, J=0.99690, g=0.1695. g_se derived from the Appendix-D covariate-adjusted spring pre-K mean difference (md=2.61) and its SE (2.34): implied site SD = md/d = 15.353; SE in d-units = SE_md/SD = 0.1524; g_se = J*SE_d = 0.1519; g_var = 0.02309. Pretest/baseline-adjusted (covariate) and cluster-accounted (HLM random classroom effect).",2.61,"Effect size d: Table E, p.xliii (PDF p.44). Spring pre-K covariate-adjusted mean difference + SE: Appendix D (Tables D-1a..D-15a), PDF pp.415-441. Pooled-SD method: Appendix B eq.(10)-(16), PDF pp.353-359. Model: Appendix B, PDF pp.341-352.",subagent,medium,impact_estimate/impact_se are the Appendix-D covariate-adjusted spring pre-K mean DIFFERENCE (T-C) and its SE in the measure's raw score units (NOT in d units); the standardized d is in Table E. NOTE: Appendix D Table D-8a math rows appear identical to Curiosity Corner D-5a (possible report transcription overlap for math); reading/lang rows differ. Used App D D-8a values as printed.
pcer_2008-69,pcer_2008,89,pcer_2008,PCER (2008),Other,Pre-K,0.14953,0.017051,0.13058,137,107,28,,True,True,standardized_independent,Test of Language Development (TOLD) Grammatic Understanding,0,redundant_subscale,"Reported effect size d=0.15 from Table E (spring pre-K, end-of-treatment), where d = (adjusted M_T - M_C)/sigma_pooled with sigma_pooled a site-specific model-based pooled population SD (Appendix B, eq.16). g = J*d, df=n_t+n_c-2=242, J=0.99690, g=0.1495. g_se derived from the Appendix-D covariate-adjusted spring pre-K mean difference (md=0.71) and its SE (0.62): implied site SD = md/d = 4.733; SE in d-units = SE_md/SD = 0.1310; g_se = J*SE_d = 0.1306; g_var = 0.01705. Pretest/baseline-adjusted (covariate) and cluster-accounted (HLM random classroom effect).",0.71,"Effect size d: Table E, p.xliii (PDF p.44). Spring pre-K covariate-adjusted mean difference + SE: Appendix D (Tables D-1a..D-15a), PDF pp.415-441. Pooled-SD method: Appendix B eq.(10)-(16), PDF pp.353-359. Model: Appendix B, PDF pp.341-352.",subagent,medium,impact_estimate/impact_se are the Appendix-D covariate-adjusted spring pre-K mean DIFFERENCE (T-C) and its SE in the measure's raw score units (NOT in d units); the standardized d is in Table E. NOTE: Appendix D Table D-8a math rows appear identical to Curiosity Corner D-5a (possible report transcription overlap for math); reading/lang rows differ. Used App D D-8a values as printed.
pcer_2008-70,pcer_2008,89,pcer_2008,PCER (2008),STEM,Pre-K,0.09969,0.027143,0.16475,137,107,28,,True,True,standardized_independent,Woodcock-Johnson Applied Problems (W score),0,redundant_subscale,"Reported effect size d=0.1 from Table E (spring pre-K, end-of-treatment), where d = (adjusted M_T - M_C)/sigma_pooled with sigma_pooled a site-specific model-based pooled population SD (Appendix B, eq.16). g = J*d, df=n_t+n_c-2=242, J=0.99690, g=0.0997. g_se derived from the Appendix-D covariate-adjusted spring pre-K mean difference (md=1.9) and its SE (3.14): implied site SD = md/d = 19.000; SE in d-units = SE_md/SD = 0.1653; g_se = J*SE_d = 0.1648; g_var = 0.02714. Pretest/baseline-adjusted (covariate) and cluster-accounted (HLM random classroom effect).",1.9,"Effect size d: Table E, p.xliii (PDF p.44). Spring pre-K covariate-adjusted mean difference + SE: Appendix D (Tables D-1a..D-15a), PDF pp.415-441. Pooled-SD method: Appendix B eq.(10)-(16), PDF pp.353-359. Model: Appendix B, PDF pp.341-352.",subagent,medium,impact_estimate/impact_se are the Appendix-D covariate-adjusted spring pre-K mean DIFFERENCE (T-C) and its SE in the measure's raw score units (NOT in d units); the standardized d is in Table E. NOTE: Appendix D Table D-8a math rows appear identical to Curiosity Corner D-5a (possible report transcription overlap for math); reading/lang rows differ. Used App D D-8a values as printed.
pcer_2008-71,pcer_2008,89,pcer_2008,PCER (2008),STEM,Pre-K,0.00997,0.016542,0.12862,137,107,28,,True,True,standardized_independent,CMA-A Mathematics Composite,0,redundant_subscale,"Reported effect size d=0.01 from Table E (spring pre-K, end-of-treatment). g = J*d, df=242, J=0.99690, g=0.0100. Could NOT cleanly derive g_se from Appendix D (d_E and Appendix-D mean diff md=0.0, SE=0.05 have inconsistent sign/zero, indicating a probable table transcription artifact). FALLBACK design-based variance at STUDENT level: Var(d)=(n_t+n_c)/(n_t*n_c)+d^2/(2*(n_t+n_c))=0.01665; g_var=J^2*Var(d)=0.01654; g_se=0.1286. This fallback is NOT cluster-adjusted; central team should re-derive variance using n_clusters and an ICC (no ICC reported).",0.0,"Effect size d: Table E, p.xliii (PDF p.44). Spring pre-K covariate-adjusted mean difference + SE: Appendix D (Tables D-1a..D-15a), PDF pp.415-441. Pooled-SD method: Appendix B eq.(10)-(16), PDF pp.353-359. Model: Appendix B, PDF pp.341-352.",subagent,medium,impact_estimate/impact_se are the Appendix-D covariate-adjusted spring pre-K mean DIFFERENCE (T-C) and its SE in the measure's raw score units (NOT in d units); the standardized d is in Table E. NOTE: Appendix D Table D-8a math rows appear identical to Curiosity Corner D-5a (possible report transcription overlap for math); reading/lang rows differ. Used App D D-8a values as printed.
pcer_2008-72,pcer_2008,89,pcer_2008,PCER (2008),STEM,Pre-K,-0.13957,0.03622,0.19032,137,107,28,,True,True,researcher_made,Shape Composition (Building Blocks) task,0,researcher_made,"Reported effect size d=-0.14 from Table E (spring pre-K, end-of-treatment), where d = (adjusted M_T - M_C)/sigma_pooled with sigma_pooled a site-specific model-based pooled population SD (Appendix B, eq.16). g = J*d, df=n_t+n_c-2=242, J=0.99690, g=-0.1396. g_se derived from the Appendix-D covariate-adjusted spring pre-K mean difference (md=-0.11) and its SE (0.15): implied site SD = md/d = 0.786; SE in d-units = SE_md/SD = 0.1909; g_se = J*SE_d = 0.1903; g_var = 0.03622. Pretest/baseline-adjusted (covariate) and cluster-accounted (HLM random classroom effect).",-0.11,"Effect size d: Table E, p.xliii (PDF p.44). Spring pre-K covariate-adjusted mean difference + SE: Appendix D (Tables D-1a..D-15a), PDF pp.415-441. Pooled-SD method: Appendix B eq.(10)-(16), PDF pp.353-359. Model: Appendix B, PDF pp.341-352.",subagent,medium,impact_estimate/impact_se are the Appendix-D covariate-adjusted spring pre-K mean DIFFERENCE (T-C) and its SE in the measure's raw score units (NOT in d units); the standardized d is in Table E. NOTE: Appendix D Table D-8a math rows appear identical to Curiosity Corner D-5a (possible report transcription overlap for math); reading/lang rows differ. Used App D D-8a values as printed.
pcer_2008-73,pcer_2008,89,pcer_2008,PCER (2008),Reading,Pre-K,0.15938,0.035431,0.18823,97,98,14,,True,True,standardized_independent,Test of Early Reading Ability (TERA),0,redundant_subscale,"Reported effect size d=0.16 from Table E (spring pre-K, end-of-treatment), where d = (adjusted M_T - M_C)/sigma_pooled with sigma_pooled a site-specific model-based pooled population SD (Appendix B, eq.16). g = J*d, df=n_t+n_c-2=193, J=0.99611, g=0.1594. g_se derived from the Appendix-D covariate-adjusted spring pre-K mean difference (md=1.16) and its SE (1.37): implied site SD = md/d = 7.250; SE in d-units = SE_md/SD = 0.1890; g_se = J*SE_d = 0.1882; g_var = 0.03543. Pretest/baseline-adjusted (covariate) and cluster-accounted (HLM random classroom effect).",1.16,"Effect size d: Table E, p.xliii (PDF p.44). Spring pre-K covariate-adjusted mean difference + SE: Appendix D (Tables D-1a..D-15a), PDF pp.415-441. Pooled-SD method: Appendix B eq.(10)-(16), PDF pp.353-359. Model: Appendix B, PDF pp.341-352.",subagent,medium,impact_estimate/impact_se are the Appendix-D covariate-adjusted spring pre-K mean DIFFERENCE (T-C) and its SE in the measure's raw score units (NOT in d units); the standardized d is in Table E. 
pcer_2008-74,pcer_2008,89,pcer_2008,PCER (2008),Reading,Pre-K,0.15938,0.043936,0.20961,97,98,14,,True,True,standardized_independent,Woodcock-Johnson Letter-Word Identification (W score),0,redundant_subscale,"Reported effect size d=0.16 from Table E (spring pre-K, end-of-treatment), where d = (adjusted M_T - M_C)/sigma_pooled with sigma_pooled a site-specific model-based pooled population SD (Appendix B, eq.16). g = J*d, df=n_t+n_c-2=193, J=0.99611, g=0.1594. g_se derived from the Appendix-D covariate-adjusted spring pre-K mean difference (md=2.57) and its SE (3.38): implied site SD = md/d = 16.062; SE in d-units = SE_md/SD = 0.2104; g_se = J*SE_d = 0.2096; g_var = 0.04394. Pretest/baseline-adjusted (covariate) and cluster-accounted (HLM random classroom effect).",2.57,"Effect size d: Table E, p.xliii (PDF p.44). Spring pre-K covariate-adjusted mean difference + SE: Appendix D (Tables D-1a..D-15a), PDF pp.415-441. Pooled-SD method: Appendix B eq.(10)-(16), PDF pp.353-359. Model: Appendix B, PDF pp.341-352.",subagent,medium,impact_estimate/impact_se are the Appendix-D covariate-adjusted spring pre-K mean DIFFERENCE (T-C) and its SE in the measure's raw score units (NOT in d units); the standardized d is in Table E. 
pcer_2008-75,pcer_2008,89,pcer_2008,PCER (2008),Reading,Pre-K,0.24903,0.035766,0.18912,97,98,14,,True,True,standardized_independent,Woodcock-Johnson Spelling (W score),0,redundant_subscale,"Reported effect size d=0.25 from Table E (spring pre-K, end-of-treatment), where d = (adjusted M_T - M_C)/sigma_pooled with sigma_pooled a site-specific model-based pooled population SD (Appendix B, eq.16). g = J*d, df=n_t+n_c-2=193, J=0.99611, g=0.2490. g_se derived from the Appendix-D covariate-adjusted spring pre-K mean difference (md=6.36) and its SE (4.83): implied site SD = md/d = 25.440; SE in d-units = SE_md/SD = 0.1899; g_se = J*SE_d = 0.1891; g_var = 0.03577. Pretest/baseline-adjusted (covariate) and cluster-accounted (HLM random classroom effect).",6.36,"Effect size d: Table E, p.xliii (PDF p.44). Spring pre-K covariate-adjusted mean difference + SE: Appendix D (Tables D-1a..D-15a), PDF pp.415-441. Pooled-SD method: Appendix B eq.(10)-(16), PDF pp.353-359. Model: Appendix B, PDF pp.341-352.",subagent,medium,impact_estimate/impact_se are the Appendix-D covariate-adjusted spring pre-K mean DIFFERENCE (T-C) and its SE in the measure's raw score units (NOT in d units); the standardized d is in Table E. 
pcer_2008-76,pcer_2008,89,pcer_2008,PCER (2008),Reading,Pre-K,0.19922,0.01764,0.13281,97,98,14,,True,True,standardized_independent,Pre-CTOPPP Elision (phonological awareness),1,,"Reported effect size d=0.2 from Table E (spring pre-K, end-of-treatment), where d = (adjusted M_T - M_C)/sigma_pooled with sigma_pooled a site-specific model-based pooled population SD (Appendix B, eq.16). g = J*d, df=n_t+n_c-2=193, J=0.99611, g=0.1992. g_se derived from the Appendix-D covariate-adjusted spring pre-K mean difference (md=1.08) and its SE (0.72): implied site SD = md/d = 5.400; SE in d-units = SE_md/SD = 0.1333; g_se = J*SE_d = 0.1328; g_var = 0.01764. Pretest/baseline-adjusted (covariate) and cluster-accounted (HLM random classroom effect).",1.08,"Effect size d: Table E, p.xliii (PDF p.44). Spring pre-K covariate-adjusted mean difference + SE: Appendix D (Tables D-1a..D-15a), PDF pp.415-441. Pooled-SD method: Appendix B eq.(10)-(16), PDF pp.353-359. Model: Appendix B, PDF pp.341-352.",subagent,medium,impact_estimate/impact_se are the Appendix-D covariate-adjusted spring pre-K mean DIFFERENCE (T-C) and its SE in the measure's raw score units (NOT in d units); the standardized d is in Table E. 
pcer_2008-77,pcer_2008,89,pcer_2008,PCER (2008),Other,Pre-K,0.01992,0.021287,0.1459,97,98,14,,True,True,standardized_independent,Peabody Picture Vocabulary Test (PPVT),0,redundant_subscale,"Reported effect size d=0.02 from Table E (spring pre-K, end-of-treatment), where d = (adjusted M_T - M_C)/sigma_pooled with sigma_pooled a site-specific model-based pooled population SD (Appendix B, eq.16). g = J*d, df=n_t+n_c-2=193, J=0.99611, g=0.0199. g_se derived from the Appendix-D covariate-adjusted spring pre-K mean difference (md=0.34) and its SE (2.49): implied site SD = md/d = 17.000; SE in d-units = SE_md/SD = 0.1465; g_se = J*SE_d = 0.1459; g_var = 0.02129. Pretest/baseline-adjusted (covariate) and cluster-accounted (HLM random classroom effect).",0.34,"Effect size d: Table E, p.xliii (PDF p.44). Spring pre-K covariate-adjusted mean difference + SE: Appendix D (Tables D-1a..D-15a), PDF pp.415-441. Pooled-SD method: Appendix B eq.(10)-(16), PDF pp.353-359. Model: Appendix B, PDF pp.341-352.",subagent,medium,impact_estimate/impact_se are the Appendix-D covariate-adjusted spring pre-K mean DIFFERENCE (T-C) and its SE in the measure's raw score units (NOT in d units); the standardized d is in Table E. 
pcer_2008-78,pcer_2008,89,pcer_2008,PCER (2008),Other,Pre-K,0.00996,0.052489,0.22911,97,98,14,,True,True,standardized_independent,Test of Language Development (TOLD) Grammatic Understanding,0,redundant_subscale,"Reported effect size d=0.01 from Table E (spring pre-K, end-of-treatment), where d = (adjusted M_T - M_C)/sigma_pooled with sigma_pooled a site-specific model-based pooled population SD (Appendix B, eq.16). g = J*d, df=n_t+n_c-2=193, J=0.99611, g=0.0100. g_se derived from the Appendix-D covariate-adjusted spring pre-K mean difference (md=0.03) and its SE (0.69): implied site SD = md/d = 3.000; SE in d-units = SE_md/SD = 0.2300; g_se = J*SE_d = 0.2291; g_var = 0.05249. Pretest/baseline-adjusted (covariate) and cluster-accounted (HLM random classroom effect).",0.03,"Effect size d: Table E, p.xliii (PDF p.44). Spring pre-K covariate-adjusted mean difference + SE: Appendix D (Tables D-1a..D-15a), PDF pp.415-441. Pooled-SD method: Appendix B eq.(10)-(16), PDF pp.353-359. Model: Appendix B, PDF pp.341-352.",subagent,medium,impact_estimate/impact_se are the Appendix-D covariate-adjusted spring pre-K mean DIFFERENCE (T-C) and its SE in the measure's raw score units (NOT in d units); the standardized d is in Table E. 
pcer_2008-79,pcer_2008,89,pcer_2008,PCER (2008),STEM,Pre-K,0.19922,0.019928,0.14117,97,98,14,,True,True,standardized_independent,Woodcock-Johnson Applied Problems (W score),0,redundant_subscale,"Reported effect size d=0.2 from Table E (spring pre-K, end-of-treatment), where d = (adjusted M_T - M_C)/sigma_pooled with sigma_pooled a site-specific model-based pooled population SD (Appendix B, eq.16). g = J*d, df=n_t+n_c-2=193, J=0.99611, g=0.1992. g_se derived from the Appendix-D covariate-adjusted spring pre-K mean difference (md=3.26) and its SE (2.31): implied site SD = md/d = 16.300; SE in d-units = SE_md/SD = 0.1417; g_se = J*SE_d = 0.1412; g_var = 0.01993. Pretest/baseline-adjusted (covariate) and cluster-accounted (HLM random classroom effect).",3.26,"Effect size d: Table E, p.xliii (PDF p.44). Spring pre-K covariate-adjusted mean difference + SE: Appendix D (Tables D-1a..D-15a), PDF pp.415-441. Pooled-SD method: Appendix B eq.(10)-(16), PDF pp.353-359. Model: Appendix B, PDF pp.341-352.",subagent,medium,impact_estimate/impact_se are the Appendix-D covariate-adjusted spring pre-K mean DIFFERENCE (T-C) and its SE in the measure's raw score units (NOT in d units); the standardized d is in Table E. 
pcer_2008-80,pcer_2008,89,pcer_2008,PCER (2008),STEM,Pre-K,0.07969,0.025401,0.15938,97,98,14,,True,True,standardized_independent,CMA-A Mathematics Composite,0,redundant_subscale,"Reported effect size d=0.08 from Table E (spring pre-K, end-of-treatment), where d = (adjusted M_T - M_C)/sigma_pooled with sigma_pooled a site-specific model-based pooled population SD (Appendix B, eq.16). g = J*d, df=n_t+n_c-2=193, J=0.99611, g=0.0797. g_se derived from the Appendix-D covariate-adjusted spring pre-K mean difference (md=0.02) and its SE (0.04): implied site SD = md/d = 0.250; SE in d-units = SE_md/SD = 0.1600; g_se = J*SE_d = 0.1594; g_var = 0.02540. Pretest/baseline-adjusted (covariate) and cluster-accounted (HLM random classroom effect).",0.02,"Effect size d: Table E, p.xliii (PDF p.44). Spring pre-K covariate-adjusted mean difference + SE: Appendix D (Tables D-1a..D-15a), PDF pp.415-441. Pooled-SD method: Appendix B eq.(10)-(16), PDF pp.353-359. Model: Appendix B, PDF pp.341-352.",subagent,medium,impact_estimate/impact_se are the Appendix-D covariate-adjusted spring pre-K mean DIFFERENCE (T-C) and its SE in the measure's raw score units (NOT in d units); the standardized d is in Table E. 
pcer_2008-81,pcer_2008,89,pcer_2008,PCER (2008),STEM,Pre-K,0.07969,0.018662,0.13661,97,98,14,,True,True,researcher_made,Shape Composition (Building Blocks) task,0,researcher_made,"Reported effect size d=0.08 from Table E (spring pre-K, end-of-treatment), where d = (adjusted M_T - M_C)/sigma_pooled with sigma_pooled a site-specific model-based pooled population SD (Appendix B, eq.16). g = J*d, df=n_t+n_c-2=193, J=0.99611, g=0.0797. g_se derived from the Appendix-D covariate-adjusted spring pre-K mean difference (md=0.07) and its SE (0.12): implied site SD = md/d = 0.875; SE in d-units = SE_md/SD = 0.1371; g_se = J*SE_d = 0.1366; g_var = 0.01866. Pretest/baseline-adjusted (covariate) and cluster-accounted (HLM random classroom effect).",0.07,"Effect size d: Table E, p.xliii (PDF p.44). Spring pre-K covariate-adjusted mean difference + SE: Appendix D (Tables D-1a..D-15a), PDF pp.415-441. Pooled-SD method: Appendix B eq.(10)-(16), PDF pp.353-359. Model: Appendix B, PDF pp.341-352.",subagent,medium,impact_estimate/impact_se are the Appendix-D covariate-adjusted spring pre-K mean DIFFERENCE (T-C) and its SE in the measure's raw score units (NOT in d units); the standardized d is in Table E. 
pcer_2008-82,pcer_2008,89,pcer_2008,PCER (2008),Reading,Pre-K,0.67739,0.030615,0.17497,101,97,11,,True,True,standardized_independent,Test of Early Reading Ability (TERA),0,redundant_subscale,"Reported effect size d=0.68 from Table E (spring pre-K, end-of-treatment), where d = (adjusted M_T - M_C)/sigma_pooled with sigma_pooled a site-specific model-based pooled population SD (Appendix B, eq.16). g = J*d, df=n_t+n_c-2=196, J=0.99617, g=0.6774. g_se derived from the Appendix-D covariate-adjusted spring pre-K mean difference (md=5.42) and its SE (1.4): implied site SD = md/d = 7.971; SE in d-units = SE_md/SD = 0.1756; g_se = J*SE_d = 0.1750; g_var = 0.03062. Pretest/baseline-adjusted (covariate) and cluster-accounted (HLM random classroom effect).",5.42,"Effect size d: Table E, p.xliii (PDF p.44). Spring pre-K covariate-adjusted mean difference + SE: Appendix D (Tables D-1a..D-15a), PDF pp.415-441. Pooled-SD method: Appendix B eq.(10)-(16), PDF pp.353-359. Model: Appendix B, PDF pp.341-352.",subagent,medium,"impact_estimate/impact_se are the Appendix-D covariate-adjusted spring pre-K mean DIFFERENCE (T-C) and its SE in the measure's raw score units (NOT in d units); the standardized d is in Table E. FSU site had two interventions (DLM-with-OpenCourt, Literacy Express) sharing a control (6 programs). Strongest-performing curriculum: significant positive reading, phon-awareness, language, math effects."
pcer_2008-83,pcer_2008,89,pcer_2008,PCER (2008),Reading,Pre-K,0.50805,0.023514,0.15334,101,97,11,,True,True,standardized_independent,Woodcock-Johnson Letter-Word Identification (W score),0,redundant_subscale,"Reported effect size d=0.51 from Table E (spring pre-K, end-of-treatment), where d = (adjusted M_T - M_C)/sigma_pooled with sigma_pooled a site-specific model-based pooled population SD (Appendix B, eq.16). g = J*d, df=n_t+n_c-2=196, J=0.99617, g=0.5080. g_se derived from the Appendix-D covariate-adjusted spring pre-K mean difference (md=13.65) and its SE (4.12): implied site SD = md/d = 26.765; SE in d-units = SE_md/SD = 0.1539; g_se = J*SE_d = 0.1533; g_var = 0.02351. Pretest/baseline-adjusted (covariate) and cluster-accounted (HLM random classroom effect).",13.65,"Effect size d: Table E, p.xliii (PDF p.44). Spring pre-K covariate-adjusted mean difference + SE: Appendix D (Tables D-1a..D-15a), PDF pp.415-441. Pooled-SD method: Appendix B eq.(10)-(16), PDF pp.353-359. Model: Appendix B, PDF pp.341-352.",subagent,medium,"impact_estimate/impact_se are the Appendix-D covariate-adjusted spring pre-K mean DIFFERENCE (T-C) and its SE in the measure's raw score units (NOT in d units); the standardized d is in Table E. FSU site had two interventions (DLM-with-OpenCourt, Literacy Express) sharing a control (6 programs). Strongest-performing curriculum: significant positive reading, phon-awareness, language, math effects."
pcer_2008-84,pcer_2008,89,pcer_2008,PCER (2008),Reading,Pre-K,0.45824,0.048838,0.22099,101,97,11,,True,True,standardized_independent,Woodcock-Johnson Spelling (W score),0,redundant_subscale,"Reported effect size d=0.46 from Table E (spring pre-K, end-of-treatment), where d = (adjusted M_T - M_C)/sigma_pooled with sigma_pooled a site-specific model-based pooled population SD (Appendix B, eq.16). g = J*d, df=n_t+n_c-2=196, J=0.99617, g=0.4582. g_se derived from the Appendix-D covariate-adjusted spring pre-K mean difference (md=12.69) and its SE (6.12): implied site SD = md/d = 27.587; SE in d-units = SE_md/SD = 0.2218; g_se = J*SE_d = 0.2210; g_var = 0.04884. Pretest/baseline-adjusted (covariate) and cluster-accounted (HLM random classroom effect).",12.69,"Effect size d: Table E, p.xliii (PDF p.44). Spring pre-K covariate-adjusted mean difference + SE: Appendix D (Tables D-1a..D-15a), PDF pp.415-441. Pooled-SD method: Appendix B eq.(10)-(16), PDF pp.353-359. Model: Appendix B, PDF pp.341-352.",subagent,medium,"impact_estimate/impact_se are the Appendix-D covariate-adjusted spring pre-K mean DIFFERENCE (T-C) and its SE in the measure's raw score units (NOT in d units); the standardized d is in Table E. FSU site had two interventions (DLM-with-OpenCourt, Literacy Express) sharing a control (6 programs). Strongest-performing curriculum: significant positive reading, phon-awareness, language, math effects."
pcer_2008-85,pcer_2008,89,pcer_2008,PCER (2008),Reading,Pre-K,0.31877,0.02641,0.16251,101,97,11,,True,True,standardized_independent,Pre-CTOPPP Elision (phonological awareness),1,,"Reported effect size d=0.32 from Table E (spring pre-K, end-of-treatment), where d = (adjusted M_T - M_C)/sigma_pooled with sigma_pooled a site-specific model-based pooled population SD (Appendix B, eq.16). g = J*d, df=n_t+n_c-2=196, J=0.99617, g=0.3188. g_se derived from the Appendix-D covariate-adjusted spring pre-K mean difference (md=1.02) and its SE (0.52): implied site SD = md/d = 3.188; SE in d-units = SE_md/SD = 0.1631; g_se = J*SE_d = 0.1625; g_var = 0.02641. Pretest/baseline-adjusted (covariate) and cluster-accounted (HLM random classroom effect).",1.02,"Effect size d: Table E, p.xliii (PDF p.44). Spring pre-K covariate-adjusted mean difference + SE: Appendix D (Tables D-1a..D-15a), PDF pp.415-441. Pooled-SD method: Appendix B eq.(10)-(16), PDF pp.353-359. Model: Appendix B, PDF pp.341-352.",subagent,medium,"impact_estimate/impact_se are the Appendix-D covariate-adjusted spring pre-K mean DIFFERENCE (T-C) and its SE in the measure's raw score units (NOT in d units); the standardized d is in Table E. FSU site had two interventions (DLM-with-OpenCourt, Literacy Express) sharing a control (6 programs). Strongest-performing curriculum: significant positive reading, phon-awareness, language, math effects."
pcer_2008-86,pcer_2008,89,pcer_2008,PCER (2008),Other,Pre-K,0.39847,0.021971,0.14823,101,97,11,,True,True,standardized_independent,Peabody Picture Vocabulary Test (PPVT),0,redundant_subscale,"Reported effect size d=0.4 from Table E (spring pre-K, end-of-treatment), where d = (adjusted M_T - M_C)/sigma_pooled with sigma_pooled a site-specific model-based pooled population SD (Appendix B, eq.16). g = J*d, df=n_t+n_c-2=196, J=0.99617, g=0.3985. g_se derived from the Appendix-D covariate-adjusted spring pre-K mean difference (md=6.64) and its SE (2.47): implied site SD = md/d = 16.600; SE in d-units = SE_md/SD = 0.1488; g_se = J*SE_d = 0.1482; g_var = 0.02197. Pretest/baseline-adjusted (covariate) and cluster-accounted (HLM random classroom effect).",6.64,"Effect size d: Table E, p.xliii (PDF p.44). Spring pre-K covariate-adjusted mean difference + SE: Appendix D (Tables D-1a..D-15a), PDF pp.415-441. Pooled-SD method: Appendix B eq.(10)-(16), PDF pp.353-359. Model: Appendix B, PDF pp.341-352.",subagent,medium,"impact_estimate/impact_se are the Appendix-D covariate-adjusted spring pre-K mean DIFFERENCE (T-C) and its SE in the measure's raw score units (NOT in d units); the standardized d is in Table E. FSU site had two interventions (DLM-with-OpenCourt, Literacy Express) sharing a control (6 programs). Strongest-performing curriculum: significant positive reading, phon-awareness, language, math effects."
pcer_2008-87,pcer_2008,89,pcer_2008,PCER (2008),Other,Pre-K,0.39847,0.018324,0.13536,101,97,11,,True,True,standardized_independent,Test of Language Development (TOLD) Grammatic Understanding,0,redundant_subscale,"Reported effect size d=0.4 from Table E (spring pre-K, end-of-treatment), where d = (adjusted M_T - M_C)/sigma_pooled with sigma_pooled a site-specific model-based pooled population SD (Appendix B, eq.16). g = J*d, df=n_t+n_c-2=196, J=0.99617, g=0.3985. g_se derived from the Appendix-D covariate-adjusted spring pre-K mean difference (md=2.09) and its SE (0.71): implied site SD = md/d = 5.225; SE in d-units = SE_md/SD = 0.1359; g_se = J*SE_d = 0.1354; g_var = 0.01832. Pretest/baseline-adjusted (covariate) and cluster-accounted (HLM random classroom effect).",2.09,"Effect size d: Table E, p.xliii (PDF p.44). Spring pre-K covariate-adjusted mean difference + SE: Appendix D (Tables D-1a..D-15a), PDF pp.415-441. Pooled-SD method: Appendix B eq.(10)-(16), PDF pp.353-359. Model: Appendix B, PDF pp.341-352.",subagent,medium,"impact_estimate/impact_se are the Appendix-D covariate-adjusted spring pre-K mean DIFFERENCE (T-C) and its SE in the measure's raw score units (NOT in d units); the standardized d is in Table E. FSU site had two interventions (DLM-with-OpenCourt, Literacy Express) sharing a control (6 programs). Strongest-performing curriculum: significant positive reading, phon-awareness, language, math effects."
pcer_2008-88,pcer_2008,89,pcer_2008,PCER (2008),STEM,Pre-K,0.35862,0.018467,0.13589,101,97,11,,True,True,standardized_independent,Woodcock-Johnson Applied Problems (W score),0,redundant_subscale,"Reported effect size d=0.36 from Table E (spring pre-K, end-of-treatment), where d = (adjusted M_T - M_C)/sigma_pooled with sigma_pooled a site-specific model-based pooled population SD (Appendix B, eq.16). g = J*d, df=n_t+n_c-2=196, J=0.99617, g=0.3586. g_se derived from the Appendix-D covariate-adjusted spring pre-K mean difference (md=8.26) and its SE (3.13): implied site SD = md/d = 22.944; SE in d-units = SE_md/SD = 0.1364; g_se = J*SE_d = 0.1359; g_var = 0.01847. Pretest/baseline-adjusted (covariate) and cluster-accounted (HLM random classroom effect).",8.26,"Effect size d: Table E, p.xliii (PDF p.44). Spring pre-K covariate-adjusted mean difference + SE: Appendix D (Tables D-1a..D-15a), PDF pp.415-441. Pooled-SD method: Appendix B eq.(10)-(16), PDF pp.353-359. Model: Appendix B, PDF pp.341-352.",subagent,medium,"impact_estimate/impact_se are the Appendix-D covariate-adjusted spring pre-K mean DIFFERENCE (T-C) and its SE in the measure's raw score units (NOT in d units); the standardized d is in Table E. FSU site had two interventions (DLM-with-OpenCourt, Literacy Express) sharing a control (6 programs). Strongest-performing curriculum: significant positive reading, phon-awareness, language, math effects."
pcer_2008-89,pcer_2008,89,pcer_2008,PCER (2008),STEM,Pre-K,0.16935,0.016132,0.12701,101,97,11,,True,True,standardized_independent,CMA-A Mathematics Composite,0,redundant_subscale,"Reported effect size d=0.17 from Table E (spring pre-K, end-of-treatment), where d = (adjusted M_T - M_C)/sigma_pooled with sigma_pooled a site-specific model-based pooled population SD (Appendix B, eq.16). g = J*d, df=n_t+n_c-2=196, J=0.99617, g=0.1693. g_se derived from the Appendix-D covariate-adjusted spring pre-K mean difference (md=0.04) and its SE (0.03): implied site SD = md/d = 0.235; SE in d-units = SE_md/SD = 0.1275; g_se = J*SE_d = 0.1270; g_var = 0.01613. Pretest/baseline-adjusted (covariate) and cluster-accounted (HLM random classroom effect).",0.04,"Effect size d: Table E, p.xliii (PDF p.44). Spring pre-K covariate-adjusted mean difference + SE: Appendix D (Tables D-1a..D-15a), PDF pp.415-441. Pooled-SD method: Appendix B eq.(10)-(16), PDF pp.353-359. Model: Appendix B, PDF pp.341-352.",subagent,medium,"impact_estimate/impact_se are the Appendix-D covariate-adjusted spring pre-K mean DIFFERENCE (T-C) and its SE in the measure's raw score units (NOT in d units); the standardized d is in Table E. FSU site had two interventions (DLM-with-OpenCourt, Literacy Express) sharing a control (6 programs). Strongest-performing curriculum: significant positive reading, phon-awareness, language, math effects."
pcer_2008-90,pcer_2008,89,pcer_2008,PCER (2008),STEM,Pre-K,0.23908,0.024312,0.15592,101,97,11,,True,True,researcher_made,Shape Composition (Building Blocks) task,0,researcher_made,"Reported effect size d=0.24 from Table E (spring pre-K, end-of-treatment), where d = (adjusted M_T - M_C)/sigma_pooled with sigma_pooled a site-specific model-based pooled population SD (Appendix B, eq.16). g = J*d, df=n_t+n_c-2=196, J=0.99617, g=0.2391. g_se derived from the Appendix-D covariate-adjusted spring pre-K mean difference (md=0.23) and its SE (0.15): implied site SD = md/d = 0.958; SE in d-units = SE_md/SD = 0.1565; g_se = J*SE_d = 0.1559; g_var = 0.02431. Pretest/baseline-adjusted (covariate) and cluster-accounted (HLM random classroom effect).",0.23,"Effect size d: Table E, p.xliii (PDF p.44). Spring pre-K covariate-adjusted mean difference + SE: Appendix D (Tables D-1a..D-15a), PDF pp.415-441. Pooled-SD method: Appendix B eq.(10)-(16), PDF pp.353-359. Model: Appendix B, PDF pp.341-352.",subagent,medium,"impact_estimate/impact_se are the Appendix-D covariate-adjusted spring pre-K mean DIFFERENCE (T-C) and its SE in the measure's raw score units (NOT in d units); the standardized d is in Table E. FSU site had two interventions (DLM-with-OpenCourt, Literacy Express) sharing a control (6 programs). Strongest-performing curriculum: significant positive reading, phon-awareness, language, math effects."
pcer_2008-91,pcer_2008,89,pcer_2008,PCER (2008),Reading,Pre-K,0.16934,0.036937,0.19219,99,97,12,,True,True,standardized_independent,Test of Early Reading Ability (TERA),0,redundant_subscale,"Reported effect size d=0.17 from Table E (spring pre-K, end-of-treatment), where d = (adjusted M_T - M_C)/sigma_pooled with sigma_pooled a site-specific model-based pooled population SD (Appendix B, eq.16). g = J*d, df=n_t+n_c-2=194, J=0.99613, g=0.1693. g_se derived from the Appendix-D covariate-adjusted spring pre-K mean difference (md=1.26) and its SE (1.43): implied site SD = md/d = 7.412; SE in d-units = SE_md/SD = 0.1929; g_se = J*SE_d = 0.1922; g_var = 0.03694. Pretest/baseline-adjusted (covariate) and cluster-accounted (HLM random classroom effect).",1.26,"Effect size d: Table E, p.xliii (PDF p.44). Spring pre-K covariate-adjusted mean difference + SE: Appendix D (Tables D-1a..D-15a), PDF pp.415-441. Pooled-SD method: Appendix B eq.(10)-(16), PDF pp.353-359. Model: Appendix B, PDF pp.341-352.",subagent,medium,impact_estimate/impact_se are the Appendix-D covariate-adjusted spring pre-K mean DIFFERENCE (T-C) and its SE in the measure's raw score units (NOT in d units); the standardized d is in Table E. FSU site shared control with DLM-with-Open-Court.
pcer_2008-92,pcer_2008,89,pcer_2008,PCER (2008),Reading,Pre-K,0.29884,0.027078,0.16456,99,97,12,,True,True,standardized_independent,Woodcock-Johnson Letter-Word Identification (W score),0,redundant_subscale,"Reported effect size d=0.3 from Table E (spring pre-K, end-of-treatment), where d = (adjusted M_T - M_C)/sigma_pooled with sigma_pooled a site-specific model-based pooled population SD (Appendix B, eq.16). g = J*d, df=n_t+n_c-2=194, J=0.99613, g=0.2988. g_se derived from the Appendix-D covariate-adjusted spring pre-K mean difference (md=7.7) and its SE (4.24): implied site SD = md/d = 25.667; SE in d-units = SE_md/SD = 0.1652; g_se = J*SE_d = 0.1646; g_var = 0.02708. Pretest/baseline-adjusted (covariate) and cluster-accounted (HLM random classroom effect).",7.7,"Effect size d: Table E, p.xliii (PDF p.44). Spring pre-K covariate-adjusted mean difference + SE: Appendix D (Tables D-1a..D-15a), PDF pp.415-441. Pooled-SD method: Appendix B eq.(10)-(16), PDF pp.353-359. Model: Appendix B, PDF pp.341-352.",subagent,medium,impact_estimate/impact_se are the Appendix-D covariate-adjusted spring pre-K mean DIFFERENCE (T-C) and its SE in the measure's raw score units (NOT in d units); the standardized d is in Table E. FSU site shared control with DLM-with-Open-Court.
pcer_2008-93,pcer_2008,89,pcer_2008,PCER (2008),Reading,Pre-K,0.04981,0.027888,0.167,99,97,12,,True,True,standardized_independent,Woodcock-Johnson Spelling (W score),0,redundant_subscale,"Reported effect size d=0.05 from Table E (spring pre-K, end-of-treatment), where d = (adjusted M_T - M_C)/sigma_pooled with sigma_pooled a site-specific model-based pooled population SD (Appendix B, eq.16). g = J*d, df=n_t+n_c-2=194, J=0.99613, g=0.0498. g_se derived from the Appendix-D covariate-adjusted spring pre-K mean difference (md=1.36) and its SE (4.56): implied site SD = md/d = 27.200; SE in d-units = SE_md/SD = 0.1676; g_se = J*SE_d = 0.1670; g_var = 0.02789. Pretest/baseline-adjusted (covariate) and cluster-accounted (HLM random classroom effect).",1.36,"Effect size d: Table E, p.xliii (PDF p.44). Spring pre-K covariate-adjusted mean difference + SE: Appendix D (Tables D-1a..D-15a), PDF pp.415-441. Pooled-SD method: Appendix B eq.(10)-(16), PDF pp.353-359. Model: Appendix B, PDF pp.341-352.",subagent,medium,impact_estimate/impact_se are the Appendix-D covariate-adjusted spring pre-K mean DIFFERENCE (T-C) and its SE in the measure's raw score units (NOT in d units); the standardized d is in Table E. FSU site shared control with DLM-with-Open-Court.
pcer_2008-94,pcer_2008,89,pcer_2008,PCER (2008),Reading,Pre-K,0.13946,0.013764,0.11732,99,97,12,,True,True,standardized_independent,Pre-CTOPPP Elision (phonological awareness),1,,"Reported effect size d=0.14 from Table E (spring pre-K, end-of-treatment), where d = (adjusted M_T - M_C)/sigma_pooled with sigma_pooled a site-specific model-based pooled population SD (Appendix B, eq.16). g = J*d, df=n_t+n_c-2=194, J=0.99613, g=0.1395. g_se derived from the Appendix-D covariate-adjusted spring pre-K mean difference (md=0.63) and its SE (0.53): implied site SD = md/d = 4.500; SE in d-units = SE_md/SD = 0.1178; g_se = J*SE_d = 0.1173; g_var = 0.01376. Pretest/baseline-adjusted (covariate) and cluster-accounted (HLM random classroom effect).",0.63,"Effect size d: Table E, p.xliii (PDF p.44). Spring pre-K covariate-adjusted mean difference + SE: Appendix D (Tables D-1a..D-15a), PDF pp.415-441. Pooled-SD method: Appendix B eq.(10)-(16), PDF pp.353-359. Model: Appendix B, PDF pp.341-352.",subagent,medium,impact_estimate/impact_se are the Appendix-D covariate-adjusted spring pre-K mean DIFFERENCE (T-C) and its SE in the measure's raw score units (NOT in d units); the standardized d is in Table E. FSU site shared control with DLM-with-Open-Court.
pcer_2008-95,pcer_2008,89,pcer_2008,PCER (2008),Other,Pre-K,0.16934,0.020694,0.14386,99,97,12,,True,True,standardized_independent,Peabody Picture Vocabulary Test (PPVT),0,redundant_subscale,"Reported effect size d=0.17 from Table E (spring pre-K, end-of-treatment), where d = (adjusted M_T - M_C)/sigma_pooled with sigma_pooled a site-specific model-based pooled population SD (Appendix B, eq.16). g = J*d, df=n_t+n_c-2=194, J=0.99613, g=0.1693. g_se derived from the Appendix-D covariate-adjusted spring pre-K mean difference (md=2.99) and its SE (2.54): implied site SD = md/d = 17.588; SE in d-units = SE_md/SD = 0.1444; g_se = J*SE_d = 0.1439; g_var = 0.02069. Pretest/baseline-adjusted (covariate) and cluster-accounted (HLM random classroom effect).",2.99,"Effect size d: Table E, p.xliii (PDF p.44). Spring pre-K covariate-adjusted mean difference + SE: Appendix D (Tables D-1a..D-15a), PDF pp.415-441. Pooled-SD method: Appendix B eq.(10)-(16), PDF pp.353-359. Model: Appendix B, PDF pp.341-352.",subagent,medium,impact_estimate/impact_se are the Appendix-D covariate-adjusted spring pre-K mean DIFFERENCE (T-C) and its SE in the measure's raw score units (NOT in d units); the standardized d is in Table E. FSU site shared control with DLM-with-Open-Court.
pcer_2008-96,pcer_2008,89,pcer_2008,PCER (2008),Other,Pre-K,-0.03985,0.01748,0.13221,99,97,12,,True,True,standardized_independent,Test of Language Development (TOLD) Grammatic Understanding,0,redundant_subscale,"Reported effect size d=-0.04 from Table E (spring pre-K, end-of-treatment), where d = (adjusted M_T - M_C)/sigma_pooled with sigma_pooled a site-specific model-based pooled population SD (Appendix B, eq.16). g = J*d, df=n_t+n_c-2=194, J=0.99613, g=-0.0398. g_se derived from the Appendix-D covariate-adjusted spring pre-K mean difference (md=-0.22) and its SE (0.73): implied site SD = md/d = 5.500; SE in d-units = SE_md/SD = 0.1327; g_se = J*SE_d = 0.1322; g_var = 0.01748. Pretest/baseline-adjusted (covariate) and cluster-accounted (HLM random classroom effect).",-0.22,"Effect size d: Table E, p.xliii (PDF p.44). Spring pre-K covariate-adjusted mean difference + SE: Appendix D (Tables D-1a..D-15a), PDF pp.415-441. Pooled-SD method: Appendix B eq.(10)-(16), PDF pp.353-359. Model: Appendix B, PDF pp.341-352.",subagent,medium,impact_estimate/impact_se are the Appendix-D covariate-adjusted spring pre-K mean DIFFERENCE (T-C) and its SE in the measure's raw score units (NOT in d units); the standardized d is in Table E. FSU site shared control with DLM-with-Open-Court.
pcer_2008-97,pcer_2008,89,pcer_2008,PCER (2008),STEM,Pre-K,0.04981,0.016201,0.12728,99,97,12,,True,True,standardized_independent,Woodcock-Johnson Applied Problems (W score),0,redundant_subscale,"Reported effect size d=0.05 from Table E (spring pre-K, end-of-treatment), where d = (adjusted M_T - M_C)/sigma_pooled with sigma_pooled a site-specific model-based pooled population SD (Appendix B, eq.16). g = J*d, df=n_t+n_c-2=194, J=0.99613, g=0.0498. g_se derived from the Appendix-D covariate-adjusted spring pre-K mean difference (md=1.26) and its SE (3.22): implied site SD = md/d = 25.200; SE in d-units = SE_md/SD = 0.1278; g_se = J*SE_d = 0.1273; g_var = 0.01620. Pretest/baseline-adjusted (covariate) and cluster-accounted (HLM random classroom effect).",1.26,"Effect size d: Table E, p.xliii (PDF p.44). Spring pre-K covariate-adjusted mean difference + SE: Appendix D (Tables D-1a..D-15a), PDF pp.415-441. Pooled-SD method: Appendix B eq.(10)-(16), PDF pp.353-359. Model: Appendix B, PDF pp.341-352.",subagent,medium,impact_estimate/impact_se are the Appendix-D covariate-adjusted spring pre-K mean DIFFERENCE (T-C) and its SE in the measure's raw score units (NOT in d units); the standardized d is in Table E. FSU site shared control with DLM-with-Open-Court.
pcer_2008-98,pcer_2008,89,pcer_2008,PCER (2008),STEM,Pre-K,-0.01992,0.003572,0.05977,99,97,12,,True,True,standardized_independent,CMA-A Mathematics Composite,0,redundant_subscale,"Reported effect size d=-0.02 from Table E (spring pre-K, end-of-treatment), where d = (adjusted M_T - M_C)/sigma_pooled with sigma_pooled a site-specific model-based pooled population SD (Appendix B, eq.16). g = J*d, df=n_t+n_c-2=194, J=0.99613, g=-0.0199. g_se derived from the Appendix-D covariate-adjusted spring pre-K mean difference (md=-0.01) and its SE (0.03): implied site SD = md/d = 0.500; SE in d-units = SE_md/SD = 0.0600; g_se = J*SE_d = 0.0598; g_var = 0.00357. Pretest/baseline-adjusted (covariate) and cluster-accounted (HLM random classroom effect).",-0.01,"Effect size d: Table E, p.xliii (PDF p.44). Spring pre-K covariate-adjusted mean difference + SE: Appendix D (Tables D-1a..D-15a), PDF pp.415-441. Pooled-SD method: Appendix B eq.(10)-(16), PDF pp.353-359. Model: Appendix B, PDF pp.341-352.",subagent,medium,impact_estimate/impact_se are the Appendix-D covariate-adjusted spring pre-K mean DIFFERENCE (T-C) and its SE in the measure's raw score units (NOT in d units); the standardized d is in Table E. FSU site shared control with DLM-with-Open-Court.
pcer_2008-99,pcer_2008,89,pcer_2008,PCER (2008),STEM,Pre-K,-0.00996,0.022326,0.14942,99,97,12,,True,True,researcher_made,Shape Composition (Building Blocks) task,0,researcher_made,"Reported effect size d=-0.01 from Table E (spring pre-K, end-of-treatment), where d = (adjusted M_T - M_C)/sigma_pooled with sigma_pooled a site-specific model-based pooled population SD (Appendix B, eq.16). g = J*d, df=n_t+n_c-2=194, J=0.99613, g=-0.0100. g_se derived from the Appendix-D covariate-adjusted spring pre-K mean difference (md=-0.01) and its SE (0.15): implied site SD = md/d = 1.000; SE in d-units = SE_md/SD = 0.1500; g_se = J*SE_d = 0.1494; g_var = 0.02233. Pretest/baseline-adjusted (covariate) and cluster-accounted (HLM random classroom effect).",-0.01,"Effect size d: Table E, p.xliii (PDF p.44). Spring pre-K covariate-adjusted mean difference + SE: Appendix D (Tables D-1a..D-15a), PDF pp.415-441. Pooled-SD method: Appendix B eq.(10)-(16), PDF pp.353-359. Model: Appendix B, PDF pp.341-352.",subagent,medium,impact_estimate/impact_se are the Appendix-D covariate-adjusted spring pre-K mean DIFFERENCE (T-C) and its SE in the measure's raw score units (NOT in d units); the standardized d is in Table E. FSU site shared control with DLM-with-Open-Court.
pcer_2008-100,pcer_2008,89,pcer_2008,PCER (2008),Reading,Pre-K,0.13967,0.04538,0.21302,159,157,40,,True,True,standardized_independent,Test of Early Reading Ability (TERA),0,redundant_subscale,"Reported effect size d=0.14 from Table E (spring pre-K, end-of-treatment), where d = (adjusted M_T - M_C)/sigma_pooled with sigma_pooled a site-specific model-based pooled population SD (Appendix B, eq.16). g = J*d, df=n_t+n_c-2=314, J=0.99761, g=0.1397. g_se derived from the Appendix-D covariate-adjusted spring pre-K mean difference (md=0.99) and its SE (1.51): implied site SD = md/d = 7.071; SE in d-units = SE_md/SD = 0.2135; g_se = J*SE_d = 0.2130; g_var = 0.04538. Pretest/baseline-adjusted (covariate) and cluster-accounted (HLM random classroom effect).",0.99,"Effect size d: Table E, p.xliii (PDF p.44). Spring pre-K covariate-adjusted mean difference + SE: Appendix D (Tables D-1a..D-15a), PDF pp.415-441. Pooled-SD method: Appendix B eq.(10)-(16), PDF pp.353-359. Model: Appendix B, PDF pp.341-352.",subagent,medium,"impact_estimate/impact_se are the Appendix-D covariate-adjusted spring pre-K mean DIFFERENCE (T-C) and its SE in the measure's raw score units (NOT in d units); the standardized d is in Table E. Math-focused curriculum: significant positive math effects (CMA-A d=.44**, Shape Composite d=.96***). NOTE: WJLW Table E pre-K=.42 but App D spring pre-K mean diff=-0.31 (sign/magnitude mismatch in report tables; flagged)."
pcer_2008-101,pcer_2008,89,pcer_2008,PCER (2008),Reading,Pre-K,0.419,0.012876,0.11347,159,157,40,,True,True,standardized_independent,Woodcock-Johnson Letter-Word Identification (W score),0,redundant_subscale,"Reported effect size d=0.42 from Table E (spring pre-K, end-of-treatment). g = J*d, df=314, J=0.99761, g=0.4190. Could NOT cleanly derive g_se from Appendix D (d_E and Appendix-D mean diff md=-0.31, SE=5.2 have inconsistent sign/zero, indicating a probable table transcription artifact). FALLBACK design-based variance at STUDENT level: Var(d)=(n_t+n_c)/(n_t*n_c)+d^2/(2*(n_t+n_c))=0.01294; g_var=J^2*Var(d)=0.01288; g_se=0.1135. This fallback is NOT cluster-adjusted; central team should re-derive variance using n_clusters and an ICC (no ICC reported).",-0.31,"Effect size d: Table E, p.xliii (PDF p.44). Spring pre-K covariate-adjusted mean difference + SE: Appendix D (Tables D-1a..D-15a), PDF pp.415-441. Pooled-SD method: Appendix B eq.(10)-(16), PDF pp.353-359. Model: Appendix B, PDF pp.341-352.",subagent,medium,"impact_estimate/impact_se are the Appendix-D covariate-adjusted spring pre-K mean DIFFERENCE (T-C) and its SE in the measure's raw score units (NOT in d units); the standardized d is in Table E. Math-focused curriculum: significant positive math effects (CMA-A d=.44**, Shape Composite d=.96***). NOTE: WJLW Table E pre-K=.42 but App D spring pre-K mean diff=-0.31 (sign/magnitude mismatch in report tables; flagged)."
pcer_2008-102,pcer_2008,89,pcer_2008,PCER (2008),Reading,Pre-K,0.26935,0.057596,0.23999,159,157,40,,True,True,standardized_independent,Woodcock-Johnson Spelling (W score),0,redundant_subscale,"Reported effect size d=0.27 from Table E (spring pre-K, end-of-treatment), where d = (adjusted M_T - M_C)/sigma_pooled with sigma_pooled a site-specific model-based pooled population SD (Appendix B, eq.16). g = J*d, df=n_t+n_c-2=314, J=0.99761, g=0.2694. g_se derived from the Appendix-D covariate-adjusted spring pre-K mean difference (md=4.77) and its SE (4.25): implied site SD = md/d = 17.667; SE in d-units = SE_md/SD = 0.2406; g_se = J*SE_d = 0.2400; g_var = 0.05760. Pretest/baseline-adjusted (covariate) and cluster-accounted (HLM random classroom effect).",4.77,"Effect size d: Table E, p.xliii (PDF p.44). Spring pre-K covariate-adjusted mean difference + SE: Appendix D (Tables D-1a..D-15a), PDF pp.415-441. Pooled-SD method: Appendix B eq.(10)-(16), PDF pp.353-359. Model: Appendix B, PDF pp.341-352.",subagent,medium,"impact_estimate/impact_se are the Appendix-D covariate-adjusted spring pre-K mean DIFFERENCE (T-C) and its SE in the measure's raw score units (NOT in d units); the standardized d is in Table E. Math-focused curriculum: significant positive math effects (CMA-A d=.44**, Shape Composite d=.96***). NOTE: WJLW Table E pre-K=.42 but App D spring pre-K mean diff=-0.31 (sign/magnitude mismatch in report tables; flagged)."
pcer_2008-103,pcer_2008,89,pcer_2008,PCER (2008),Reading,Pre-K,0.04988,0.00422,0.06496,159,157,40,,True,True,standardized_independent,Pre-CTOPPP Elision (phonological awareness),1,,"Reported effect size d=0.05 from Table E (spring pre-K, end-of-treatment), where d = (adjusted M_T - M_C)/sigma_pooled with sigma_pooled a site-specific model-based pooled population SD (Appendix B, eq.16). g = J*d, df=n_t+n_c-2=314, J=0.99761, g=0.0499. g_se derived from the Appendix-D covariate-adjusted spring pre-K mean difference (md=0.43) and its SE (0.56): implied site SD = md/d = 8.600; SE in d-units = SE_md/SD = 0.0651; g_se = J*SE_d = 0.0650; g_var = 0.00422. Pretest/baseline-adjusted (covariate) and cluster-accounted (HLM random classroom effect).",0.43,"Effect size d: Table E, p.xliii (PDF p.44). Spring pre-K covariate-adjusted mean difference + SE: Appendix D (Tables D-1a..D-15a), PDF pp.415-441. Pooled-SD method: Appendix B eq.(10)-(16), PDF pp.353-359. Model: Appendix B, PDF pp.341-352.",subagent,medium,"impact_estimate/impact_se are the Appendix-D covariate-adjusted spring pre-K mean DIFFERENCE (T-C) and its SE in the measure's raw score units (NOT in d units); the standardized d is in Table E. Math-focused curriculum: significant positive math effects (CMA-A d=.44**, Shape Composite d=.96***). NOTE: WJLW Table E pre-K=.42 but App D spring pre-K mean diff=-0.31 (sign/magnitude mismatch in report tables; flagged)."
pcer_2008-104,pcer_2008,89,pcer_2008,PCER (2008),Other,Pre-K,0.15962,0.02214,0.1488,159,157,40,,True,True,standardized_independent,Peabody Picture Vocabulary Test (PPVT),0,redundant_subscale,"Reported effect size d=0.16 from Table E (spring pre-K, end-of-treatment), where d = (adjusted M_T - M_C)/sigma_pooled with sigma_pooled a site-specific model-based pooled population SD (Appendix B, eq.16). g = J*d, df=n_t+n_c-2=314, J=0.99761, g=0.1596. g_se derived from the Appendix-D covariate-adjusted spring pre-K mean difference (md=2.95) and its SE (2.75): implied site SD = md/d = 18.438; SE in d-units = SE_md/SD = 0.1492; g_se = J*SE_d = 0.1488; g_var = 0.02214. Pretest/baseline-adjusted (covariate) and cluster-accounted (HLM random classroom effect).",2.95,"Effect size d: Table E, p.xliii (PDF p.44). Spring pre-K covariate-adjusted mean difference + SE: Appendix D (Tables D-1a..D-15a), PDF pp.415-441. Pooled-SD method: Appendix B eq.(10)-(16), PDF pp.353-359. Model: Appendix B, PDF pp.341-352.",subagent,medium,"impact_estimate/impact_se are the Appendix-D covariate-adjusted spring pre-K mean DIFFERENCE (T-C) and its SE in the measure's raw score units (NOT in d units); the standardized d is in Table E. Math-focused curriculum: significant positive math effects (CMA-A d=.44**, Shape Composite d=.96***). NOTE: WJLW Table E pre-K=.42 but App D spring pre-K mean diff=-0.31 (sign/magnitude mismatch in report tables; flagged)."
pcer_2008-105,pcer_2008,89,pcer_2008,PCER (2008),Other,Pre-K,0.14964,0.014518,0.12049,159,157,40,,True,True,standardized_independent,Test of Language Development (TOLD) Grammatic Understanding,0,redundant_subscale,"Reported effect size d=0.15 from Table E (spring pre-K, end-of-treatment), where d = (adjusted M_T - M_C)/sigma_pooled with sigma_pooled a site-specific model-based pooled population SD (Appendix B, eq.16). g = J*d, df=n_t+n_c-2=314, J=0.99761, g=0.1496. g_se derived from the Appendix-D covariate-adjusted spring pre-K mean difference (md=0.77) and its SE (0.62): implied site SD = md/d = 5.133; SE in d-units = SE_md/SD = 0.1208; g_se = J*SE_d = 0.1205; g_var = 0.01452. Pretest/baseline-adjusted (covariate) and cluster-accounted (HLM random classroom effect).",0.77,"Effect size d: Table E, p.xliii (PDF p.44). Spring pre-K covariate-adjusted mean difference + SE: Appendix D (Tables D-1a..D-15a), PDF pp.415-441. Pooled-SD method: Appendix B eq.(10)-(16), PDF pp.353-359. Model: Appendix B, PDF pp.341-352.",subagent,medium,"impact_estimate/impact_se are the Appendix-D covariate-adjusted spring pre-K mean DIFFERENCE (T-C) and its SE in the measure's raw score units (NOT in d units); the standardized d is in Table E. Math-focused curriculum: significant positive math effects (CMA-A d=.44**, Shape Composite d=.96***). NOTE: WJLW Table E pre-K=.42 but App D spring pre-K mean diff=-0.31 (sign/magnitude mismatch in report tables; flagged)."
pcer_2008-106,pcer_2008,89,pcer_2008,PCER (2008),STEM,Pre-K,0.06983,0.002356,0.04854,159,157,40,,True,True,standardized_independent,Woodcock-Johnson Applied Problems (W score),0,redundant_subscale,"Reported effect size d=0.07 from Table E (spring pre-K, end-of-treatment), where d = (adjusted M_T - M_C)/sigma_pooled with sigma_pooled a site-specific model-based pooled population SD (Appendix B, eq.16). g = J*d, df=n_t+n_c-2=314, J=0.99761, g=0.0698. g_se derived from the Appendix-D covariate-adjusted spring pre-K mean difference (md=4.23) and its SE (2.94): implied site SD = md/d = 60.429; SE in d-units = SE_md/SD = 0.0487; g_se = J*SE_d = 0.0485; g_var = 0.00236. Pretest/baseline-adjusted (covariate) and cluster-accounted (HLM random classroom effect).",4.23,"Effect size d: Table E, p.xliii (PDF p.44). Spring pre-K covariate-adjusted mean difference + SE: Appendix D (Tables D-1a..D-15a), PDF pp.415-441. Pooled-SD method: Appendix B eq.(10)-(16), PDF pp.353-359. Model: Appendix B, PDF pp.341-352.",subagent,medium,"impact_estimate/impact_se are the Appendix-D covariate-adjusted spring pre-K mean DIFFERENCE (T-C) and its SE in the measure's raw score units (NOT in d units); the standardized d is in Table E. Math-focused curriculum: significant positive math effects (CMA-A d=.44**, Shape Composite d=.96***). NOTE: WJLW Table E pre-K=.42 but App D spring pre-K mean diff=-0.31 (sign/magnitude mismatch in report tables; flagged)."
pcer_2008-107,pcer_2008,89,pcer_2008,PCER (2008),STEM,Pre-K,0.43895,0.017341,0.13168,159,157,40,,True,True,standardized_independent,CMA-A Mathematics Composite,0,redundant_subscale,"Reported effect size d=0.44 from Table E (spring pre-K, end-of-treatment), where d = (adjusted M_T - M_C)/sigma_pooled with sigma_pooled a site-specific model-based pooled population SD (Appendix B, eq.16). g = J*d, df=n_t+n_c-2=314, J=0.99761, g=0.4389. g_se derived from the Appendix-D covariate-adjusted spring pre-K mean difference (md=0.1) and its SE (0.03): implied site SD = md/d = 0.227; SE in d-units = SE_md/SD = 0.1320; g_se = J*SE_d = 0.1317; g_var = 0.01734. Pretest/baseline-adjusted (covariate) and cluster-accounted (HLM random classroom effect).",0.1,"Effect size d: Table E, p.xliii (PDF p.44). Spring pre-K covariate-adjusted mean difference + SE: Appendix D (Tables D-1a..D-15a), PDF pp.415-441. Pooled-SD method: Appendix B eq.(10)-(16), PDF pp.353-359. Model: Appendix B, PDF pp.341-352.",subagent,medium,"impact_estimate/impact_se are the Appendix-D covariate-adjusted spring pre-K mean DIFFERENCE (T-C) and its SE in the measure's raw score units (NOT in d units); the standardized d is in Table E. Math-focused curriculum: significant positive math effects (CMA-A d=.44**, Shape Composite d=.96***). NOTE: WJLW Table E pre-K=.42 but App D spring pre-K mean diff=-0.31 (sign/magnitude mismatch in report tables; flagged)."
pcer_2008-108,pcer_2008,89,pcer_2008,PCER (2008),STEM,Pre-K,0.95771,0.01611,0.12692,159,157,40,,True,True,researcher_made,Shape Composition (Building Blocks) task,0,researcher_made,"Reported effect size d=0.96 from Table E (spring pre-K, end-of-treatment), where d = (adjusted M_T - M_C)/sigma_pooled with sigma_pooled a site-specific model-based pooled population SD (Appendix B, eq.16). g = J*d, df=n_t+n_c-2=314, J=0.99761, g=0.9577. g_se derived from the Appendix-D covariate-adjusted spring pre-K mean difference (md=0.83) and its SE (0.11): implied site SD = md/d = 0.865; SE in d-units = SE_md/SD = 0.1272; g_se = J*SE_d = 0.1269; g_var = 0.01611. Pretest/baseline-adjusted (covariate) and cluster-accounted (HLM random classroom effect).",0.83,"Effect size d: Table E, p.xliii (PDF p.44). Spring pre-K covariate-adjusted mean difference + SE: Appendix D (Tables D-1a..D-15a), PDF pp.415-441. Pooled-SD method: Appendix B eq.(10)-(16), PDF pp.353-359. Model: Appendix B, PDF pp.341-352.",subagent,medium,"impact_estimate/impact_se are the Appendix-D covariate-adjusted spring pre-K mean DIFFERENCE (T-C) and its SE in the measure's raw score units (NOT in d units); the standardized d is in Table E. Math-focused curriculum: significant positive math effects (CMA-A d=.44**, Shape Composite d=.96***). NOTE: WJLW Table E pre-K=.42 but App D spring pre-K mean diff=-0.31 (sign/magnitude mismatch in report tables; flagged)."
pcer_2008-109,pcer_2008,89,pcer_2008,PCER (2008),Reading,Pre-K,0.13948,0.104079,0.32261,114,90,13,,True,True,standardized_independent,Test of Early Reading Ability (TERA),0,redundant_subscale,"Reported effect size d=0.14 from Table E (spring pre-K, end-of-treatment), where d = (adjusted M_T - M_C)/sigma_pooled with sigma_pooled a site-specific model-based pooled population SD (Appendix B, eq.16). g = J*d, df=n_t+n_c-2=202, J=0.99628, g=0.1395. g_se derived from the Appendix-D covariate-adjusted spring pre-K mean difference (md=1.31) and its SE (3.03): implied site SD = md/d = 9.357; SE in d-units = SE_md/SD = 0.3238; g_se = J*SE_d = 0.3226; g_var = 0.10408. Pretest/baseline-adjusted (covariate) and cluster-accounted (HLM random classroom effect).",1.31,"Effect size d: Table E, p.xliii (PDF p.44). Spring pre-K covariate-adjusted mean difference + SE: Appendix D (Tables D-1a..D-15a), PDF pp.415-441. Pooled-SD method: Appendix B eq.(10)-(16), PDF pp.353-359. Model: Appendix B, PDF pp.341-352.",subagent,medium,"impact_estimate/impact_se are the Appendix-D covariate-adjusted spring pre-K mean DIFFERENCE (T-C) and its SE in the measure's raw score units (NOT in d units); the standardized d is in Table E. NOTE: Table E WJ Spelling cell for PA prints as ""27"" (no decimal) - appears to be a typographical artifact; Appendix D spring pre-K mean diff=6.35 (SE 8.80) -> derive d from App D. WJLW Table E=.42, App D mean diff=11.24."
pcer_2008-110,pcer_2008,89,pcer_2008,PCER (2008),Reading,Pre-K,0.41844,0.101313,0.3183,114,90,13,,True,True,standardized_independent,Woodcock-Johnson Letter-Word Identification (W score),0,redundant_subscale,"Reported effect size d=0.42 from Table E (spring pre-K, end-of-treatment), where d = (adjusted M_T - M_C)/sigma_pooled with sigma_pooled a site-specific model-based pooled population SD (Appendix B, eq.16). g = J*d, df=n_t+n_c-2=202, J=0.99628, g=0.4184. g_se derived from the Appendix-D covariate-adjusted spring pre-K mean difference (md=11.24) and its SE (8.55): implied site SD = md/d = 26.762; SE in d-units = SE_md/SD = 0.3195; g_se = J*SE_d = 0.3183; g_var = 0.10131. Pretest/baseline-adjusted (covariate) and cluster-accounted (HLM random classroom effect).",11.24,"Effect size d: Table E, p.xliii (PDF p.44). Spring pre-K covariate-adjusted mean difference + SE: Appendix D (Tables D-1a..D-15a), PDF pp.415-441. Pooled-SD method: Appendix B eq.(10)-(16), PDF pp.353-359. Model: Appendix B, PDF pp.341-352.",subagent,medium,"impact_estimate/impact_se are the Appendix-D covariate-adjusted spring pre-K mean DIFFERENCE (T-C) and its SE in the measure's raw score units (NOT in d units); the standardized d is in Table E. NOTE: Table E WJ Spelling cell for PA prints as ""27"" (no decimal) - appears to be a typographical artifact; Appendix D spring pre-K mean diff=6.35 (SE 8.80) -> derive d from App D. WJLW Table E=.42, App D mean diff=11.24."
pcer_2008-111,pcer_2008,89,pcer_2008,PCER (2008),Reading,Pre-K,0.0,0.019735,0.14048,114,90,13,,True,True,standardized_independent,Woodcock-Johnson Spelling (W score),0,redundant_subscale,"Reported effect size d=0.0 from Table E (spring pre-K, end-of-treatment). g = J*d, df=202, J=0.99628, g=0.0000. Could NOT cleanly derive g_se from Appendix D (d_E and Appendix-D mean diff md=6.35, SE=8.8 have inconsistent sign/zero, indicating a probable table transcription artifact). FALLBACK design-based variance at STUDENT level: Var(d)=(n_t+n_c)/(n_t*n_c)+d^2/(2*(n_t+n_c))=0.01988; g_var=J^2*Var(d)=0.01974; g_se=0.1405. This fallback is NOT cluster-adjusted; central team should re-derive variance using n_clusters and an ICC (no ICC reported).",6.35,"Effect size d: Table E, p.xliii (PDF p.44). Spring pre-K covariate-adjusted mean difference + SE: Appendix D (Tables D-1a..D-15a), PDF pp.415-441. Pooled-SD method: Appendix B eq.(10)-(16), PDF pp.353-359. Model: Appendix B, PDF pp.341-352.",subagent,medium,"impact_estimate/impact_se are the Appendix-D covariate-adjusted spring pre-K mean DIFFERENCE (T-C) and its SE in the measure's raw score units (NOT in d units); the standardized d is in Table E. NOTE: Table E WJ Spelling cell for PA prints as ""27"" (no decimal) - appears to be a typographical artifact; Appendix D spring pre-K mean diff=6.35 (SE 8.80) -> derive d from App D. WJLW Table E=.42, App D mean diff=11.24."
pcer_2008-112,pcer_2008,89,pcer_2008,PCER (2008),Reading,Pre-K,0.04981,0.019742,0.1405,114,90,13,,True,True,standardized_independent,Pre-CTOPPP Elision (phonological awareness),1,,"Reported effect size d=0.05 from Table E (spring pre-K, end-of-treatment). g = J*d, df=202, J=0.99628, g=0.0498. Could NOT cleanly derive g_se from Appendix D (d_E and Appendix-D mean diff md=-0.99, SE=0.5 have inconsistent sign/zero, indicating a probable table transcription artifact). FALLBACK design-based variance at STUDENT level: Var(d)=(n_t+n_c)/(n_t*n_c)+d^2/(2*(n_t+n_c))=0.01989; g_var=J^2*Var(d)=0.01974; g_se=0.1405. This fallback is NOT cluster-adjusted; central team should re-derive variance using n_clusters and an ICC (no ICC reported).",-0.99,"Effect size d: Table E, p.xliii (PDF p.44). Spring pre-K covariate-adjusted mean difference + SE: Appendix D (Tables D-1a..D-15a), PDF pp.415-441. Pooled-SD method: Appendix B eq.(10)-(16), PDF pp.353-359. Model: Appendix B, PDF pp.341-352.",subagent,medium,"impact_estimate/impact_se are the Appendix-D covariate-adjusted spring pre-K mean DIFFERENCE (T-C) and its SE in the measure's raw score units (NOT in d units); the standardized d is in Table E. NOTE: Table E WJ Spelling cell for PA prints as ""27"" (no decimal) - appears to be a typographical artifact; Appendix D spring pre-K mean diff=6.35 (SE 8.80) -> derive d from App D. WJLW Table E=.42, App D mean diff=11.24."
pcer_2008-113,pcer_2008,89,pcer_2008,PCER (2008),Other,Pre-K,0.15941,0.036198,0.19026,114,90,13,,True,True,standardized_independent,Peabody Picture Vocabulary Test (PPVT),0,redundant_subscale,"Reported effect size d=0.16 from Table E (spring pre-K, end-of-treatment), where d = (adjusted M_T - M_C)/sigma_pooled with sigma_pooled a site-specific model-based pooled population SD (Appendix B, eq.16). g = J*d, df=n_t+n_c-2=202, J=0.99628, g=0.1594. g_se derived from the Appendix-D covariate-adjusted spring pre-K mean difference (md=3.1) and its SE (3.7): implied site SD = md/d = 19.375; SE in d-units = SE_md/SD = 0.1910; g_se = J*SE_d = 0.1903; g_var = 0.03620. Pretest/baseline-adjusted (covariate) and cluster-accounted (HLM random classroom effect).",3.1,"Effect size d: Table E, p.xliii (PDF p.44). Spring pre-K covariate-adjusted mean difference + SE: Appendix D (Tables D-1a..D-15a), PDF pp.415-441. Pooled-SD method: Appendix B eq.(10)-(16), PDF pp.353-359. Model: Appendix B, PDF pp.341-352.",subagent,medium,"impact_estimate/impact_se are the Appendix-D covariate-adjusted spring pre-K mean DIFFERENCE (T-C) and its SE in the measure's raw score units (NOT in d units); the standardized d is in Table E. NOTE: Table E WJ Spelling cell for PA prints as ""27"" (no decimal) - appears to be a typographical artifact; Appendix D spring pre-K mean diff=6.35 (SE 8.80) -> derive d from App D. WJLW Table E=.42, App D mean diff=11.24."
pcer_2008-114,pcer_2008,89,pcer_2008,PCER (2008),Other,Pre-K,0.14944,0.027352,0.16538,114,90,13,,True,True,standardized_independent,Test of Language Development (TOLD) Grammatic Understanding,0,redundant_subscale,"Reported effect size d=0.15 from Table E (spring pre-K, end-of-treatment), where d = (adjusted M_T - M_C)/sigma_pooled with sigma_pooled a site-specific model-based pooled population SD (Appendix B, eq.16). g = J*d, df=n_t+n_c-2=202, J=0.99628, g=0.1494. g_se derived from the Appendix-D covariate-adjusted spring pre-K mean difference (md=0.75) and its SE (0.83): implied site SD = md/d = 5.000; SE in d-units = SE_md/SD = 0.1660; g_se = J*SE_d = 0.1654; g_var = 0.02735. Pretest/baseline-adjusted (covariate) and cluster-accounted (HLM random classroom effect).",0.75,"Effect size d: Table E, p.xliii (PDF p.44). Spring pre-K covariate-adjusted mean difference + SE: Appendix D (Tables D-1a..D-15a), PDF pp.415-441. Pooled-SD method: Appendix B eq.(10)-(16), PDF pp.353-359. Model: Appendix B, PDF pp.341-352.",subagent,medium,"impact_estimate/impact_se are the Appendix-D covariate-adjusted spring pre-K mean DIFFERENCE (T-C) and its SE in the measure's raw score units (NOT in d units); the standardized d is in Table E. NOTE: Table E WJ Spelling cell for PA prints as ""27"" (no decimal) - appears to be a typographical artifact; Appendix D spring pre-K mean diff=6.35 (SE 8.80) -> derive d from App D. WJLW Table E=.42, App D mean diff=11.24."
pcer_2008-115,pcer_2008,89,pcer_2008,PCER (2008),STEM,Pre-K,0.06974,0.041112,0.20276,114,90,13,,True,True,standardized_independent,Woodcock-Johnson Applied Problems (W score),0,redundant_subscale,"Reported effect size d=0.07 from Table E (spring pre-K, end-of-treatment), where d = (adjusted M_T - M_C)/sigma_pooled with sigma_pooled a site-specific model-based pooled population SD (Appendix B, eq.16). g = J*d, df=n_t+n_c-2=202, J=0.99628, g=0.0697. g_se derived from the Appendix-D covariate-adjusted spring pre-K mean difference (md=1.62) and its SE (4.71): implied site SD = md/d = 23.143; SE in d-units = SE_md/SD = 0.2035; g_se = J*SE_d = 0.2028; g_var = 0.04111. Pretest/baseline-adjusted (covariate) and cluster-accounted (HLM random classroom effect).",1.62,"Effect size d: Table E, p.xliii (PDF p.44). Spring pre-K covariate-adjusted mean difference + SE: Appendix D (Tables D-1a..D-15a), PDF pp.415-441. Pooled-SD method: Appendix B eq.(10)-(16), PDF pp.353-359. Model: Appendix B, PDF pp.341-352.",subagent,medium,"impact_estimate/impact_se are the Appendix-D covariate-adjusted spring pre-K mean DIFFERENCE (T-C) and its SE in the measure's raw score units (NOT in d units); the standardized d is in Table E. NOTE: Table E WJ Spelling cell for PA prints as ""27"" (no decimal) - appears to be a typographical artifact; Appendix D spring pre-K mean diff=6.35 (SE 8.80) -> derive d from App D. WJLW Table E=.42, App D mean diff=11.24."
pcer_2008-116,pcer_2008,89,pcer_2008,PCER (2008),STEM,Pre-K,0.17933,0.050249,0.22416,114,90,13,,True,True,standardized_independent,CMA-A Mathematics Composite,0,redundant_subscale,"Reported effect size d=0.18 from Table E (spring pre-K, end-of-treatment), where d = (adjusted M_T - M_C)/sigma_pooled with sigma_pooled a site-specific model-based pooled population SD (Appendix B, eq.16). g = J*d, df=n_t+n_c-2=202, J=0.99628, g=0.1793. g_se derived from the Appendix-D covariate-adjusted spring pre-K mean difference (md=0.04) and its SE (0.05): implied site SD = md/d = 0.222; SE in d-units = SE_md/SD = 0.2250; g_se = J*SE_d = 0.2242; g_var = 0.05025. Pretest/baseline-adjusted (covariate) and cluster-accounted (HLM random classroom effect).",0.04,"Effect size d: Table E, p.xliii (PDF p.44). Spring pre-K covariate-adjusted mean difference + SE: Appendix D (Tables D-1a..D-15a), PDF pp.415-441. Pooled-SD method: Appendix B eq.(10)-(16), PDF pp.353-359. Model: Appendix B, PDF pp.341-352.",subagent,medium,"impact_estimate/impact_se are the Appendix-D covariate-adjusted spring pre-K mean DIFFERENCE (T-C) and its SE in the measure's raw score units (NOT in d units); the standardized d is in Table E. NOTE: Table E WJ Spelling cell for PA prints as ""27"" (no decimal) - appears to be a typographical artifact; Appendix D spring pre-K mean diff=6.35 (SE 8.80) -> derive d from App D. WJLW Table E=.42, App D mean diff=11.24."
pcer_2008-117,pcer_2008,89,pcer_2008,PCER (2008),STEM,Pre-K,0.269,0.03216,0.17933,114,90,13,,True,True,researcher_made,Shape Composition (Building Blocks) task,0,researcher_made,"Reported effect size d=0.27 from Table E (spring pre-K, end-of-treatment), where d = (adjusted M_T - M_C)/sigma_pooled with sigma_pooled a site-specific model-based pooled population SD (Appendix B, eq.16). g = J*d, df=n_t+n_c-2=202, J=0.99628, g=0.2690. g_se derived from the Appendix-D covariate-adjusted spring pre-K mean difference (md=0.24) and its SE (0.16): implied site SD = md/d = 0.889; SE in d-units = SE_md/SD = 0.1800; g_se = J*SE_d = 0.1793; g_var = 0.03216. Pretest/baseline-adjusted (covariate) and cluster-accounted (HLM random classroom effect).",0.24,"Effect size d: Table E, p.xliii (PDF p.44). Spring pre-K covariate-adjusted mean difference + SE: Appendix D (Tables D-1a..D-15a), PDF pp.415-441. Pooled-SD method: Appendix B eq.(10)-(16), PDF pp.353-359. Model: Appendix B, PDF pp.341-352.",subagent,medium,"impact_estimate/impact_se are the Appendix-D covariate-adjusted spring pre-K mean DIFFERENCE (T-C) and its SE in the measure's raw score units (NOT in d units); the standardized d is in Table E. NOTE: Table E WJ Spelling cell for PA prints as ""27"" (no decimal) - appears to be a typographical artifact; Appendix D spring pre-K mean diff=6.35 (SE 8.80) -> derive d from App D. WJLW Table E=.42, App D mean diff=11.24."
pcer_2008-118,pcer_2008,89,pcer_2008,PCER (2008),Reading,Pre-K,0.0,0.017275,0.13144,123,108,21,,True,True,standardized_independent,Test of Early Reading Ability (TERA),0,redundant_subscale,"Reported effect size d=0.0 from Table E (spring pre-K, end-of-treatment). g = J*d, df=229, J=0.99672, g=0.0000. Could NOT cleanly derive g_se from Appendix D (d_E and Appendix-D mean diff md=-0.01, SE=1.45 have inconsistent sign/zero, indicating a probable table transcription artifact). FALLBACK design-based variance at STUDENT level: Var(d)=(n_t+n_c)/(n_t*n_c)+d^2/(2*(n_t+n_c))=0.01739; g_var=J^2*Var(d)=0.01728; g_se=0.1314. This fallback is NOT cluster-adjusted; central team should re-derive variance using n_clusters and an ICC (no ICC reported).",-0.01,"Effect size d: Table E, p.xliii (PDF p.44). Spring pre-K covariate-adjusted mean difference + SE: Appendix D (Tables D-1a..D-15a), PDF pp.415-441. Pooled-SD method: Appendix B eq.(10)-(16), PDF pp.353-359. Model: Appendix B, PDF pp.341-352.",subagent,medium,"impact_estimate/impact_se are the Appendix-D covariate-adjusted spring pre-K mean DIFFERENCE (T-C) and its SE in the measure's raw score units (NOT in d units); the standardized d is in Table E. NOTE: Shape Composite negative significant (Table E -.42**, App D mean diff -0.40**)."
pcer_2008-119,pcer_2008,89,pcer_2008,PCER (2008),Reading,Pre-K,-0.04984,0.053463,0.23122,123,108,21,,True,True,standardized_independent,Woodcock-Johnson Letter-Word Identification (W score),0,redundant_subscale,"Reported effect size d=-0.05 from Table E (spring pre-K, end-of-treatment), where d = (adjusted M_T - M_C)/sigma_pooled with sigma_pooled a site-specific model-based pooled population SD (Appendix B, eq.16). g = J*d, df=n_t+n_c-2=229, J=0.99672, g=-0.0498. g_se derived from the Appendix-D covariate-adjusted spring pre-K mean difference (md=-1.11) and its SE (5.15): implied site SD = md/d = 22.200; SE in d-units = SE_md/SD = 0.2320; g_se = J*SE_d = 0.2312; g_var = 0.05346. Pretest/baseline-adjusted (covariate) and cluster-accounted (HLM random classroom effect).",-1.11,"Effect size d: Table E, p.xliii (PDF p.44). Spring pre-K covariate-adjusted mean difference + SE: Appendix D (Tables D-1a..D-15a), PDF pp.415-441. Pooled-SD method: Appendix B eq.(10)-(16), PDF pp.353-359. Model: Appendix B, PDF pp.341-352.",subagent,medium,"impact_estimate/impact_se are the Appendix-D covariate-adjusted spring pre-K mean DIFFERENCE (T-C) and its SE in the measure's raw score units (NOT in d units); the standardized d is in Table E. NOTE: Shape Composite negative significant (Table E -.42**, App D mean diff -0.40**)."
pcer_2008-120,pcer_2008,89,pcer_2008,PCER (2008),Reading,Pre-K,-0.14951,0.022778,0.15093,123,108,21,,True,True,standardized_independent,Woodcock-Johnson Spelling (W score),0,redundant_subscale,"Reported effect size d=-0.15 from Table E (spring pre-K, end-of-treatment), where d = (adjusted M_T - M_C)/sigma_pooled with sigma_pooled a site-specific model-based pooled population SD (Appendix B, eq.16). g = J*d, df=n_t+n_c-2=229, J=0.99672, g=-0.1495. g_se derived from the Appendix-D covariate-adjusted spring pre-K mean difference (md=-4.22) and its SE (4.26): implied site SD = md/d = 28.133; SE in d-units = SE_md/SD = 0.1514; g_se = J*SE_d = 0.1509; g_var = 0.02278. Pretest/baseline-adjusted (covariate) and cluster-accounted (HLM random classroom effect).",-4.22,"Effect size d: Table E, p.xliii (PDF p.44). Spring pre-K covariate-adjusted mean difference + SE: Appendix D (Tables D-1a..D-15a), PDF pp.415-441. Pooled-SD method: Appendix B eq.(10)-(16), PDF pp.353-359. Model: Appendix B, PDF pp.341-352.",subagent,medium,"impact_estimate/impact_se are the Appendix-D covariate-adjusted spring pre-K mean DIFFERENCE (T-C) and its SE in the measure's raw score units (NOT in d units); the standardized d is in Table E. NOTE: Shape Composite negative significant (Table E -.42**, App D mean diff -0.40**)."
pcer_2008-121,pcer_2008,89,pcer_2008,PCER (2008),Reading,Pre-K,0.09967,0.017297,0.13152,123,108,21,,True,True,standardized_independent,Pre-CTOPPP Elision (phonological awareness),1,,"Reported effect size d=0.1 from Table E (spring pre-K, end-of-treatment). g = J*d, df=229, J=0.99672, g=0.0997. Could NOT cleanly derive g_se from Appendix D (d_E and Appendix-D mean diff md=-0.31, SE=0.6 have inconsistent sign/zero, indicating a probable table transcription artifact). FALLBACK design-based variance at STUDENT level: Var(d)=(n_t+n_c)/(n_t*n_c)+d^2/(2*(n_t+n_c))=0.01741; g_var=J^2*Var(d)=0.01730; g_se=0.1315. This fallback is NOT cluster-adjusted; central team should re-derive variance using n_clusters and an ICC (no ICC reported).",-0.31,"Effect size d: Table E, p.xliii (PDF p.44). Spring pre-K covariate-adjusted mean difference + SE: Appendix D (Tables D-1a..D-15a), PDF pp.415-441. Pooled-SD method: Appendix B eq.(10)-(16), PDF pp.353-359. Model: Appendix B, PDF pp.341-352.",subagent,medium,"impact_estimate/impact_se are the Appendix-D covariate-adjusted spring pre-K mean DIFFERENCE (T-C) and its SE in the measure's raw score units (NOT in d units); the standardized d is in Table E. NOTE: Shape Composite negative significant (Table E -.42**, App D mean diff -0.40**)."
pcer_2008-122,pcer_2008,89,pcer_2008,PCER (2008),Other,Pre-K,0.0299,0.019057,0.13805,123,108,21,,True,True,standardized_independent,Peabody Picture Vocabulary Test (PPVT),0,redundant_subscale,"Reported effect size d=0.03 from Table E (spring pre-K, end-of-treatment), where d = (adjusted M_T - M_C)/sigma_pooled with sigma_pooled a site-specific model-based pooled population SD (Appendix B, eq.16). g = J*d, df=n_t+n_c-2=229, J=0.99672, g=0.0299. g_se derived from the Appendix-D covariate-adjusted spring pre-K mean difference (md=0.6) and its SE (2.77): implied site SD = md/d = 20.000; SE in d-units = SE_md/SD = 0.1385; g_se = J*SE_d = 0.1380; g_var = 0.01906. Pretest/baseline-adjusted (covariate) and cluster-accounted (HLM random classroom effect).",0.6,"Effect size d: Table E, p.xliii (PDF p.44). Spring pre-K covariate-adjusted mean difference + SE: Appendix D (Tables D-1a..D-15a), PDF pp.415-441. Pooled-SD method: Appendix B eq.(10)-(16), PDF pp.353-359. Model: Appendix B, PDF pp.341-352.",subagent,medium,"impact_estimate/impact_se are the Appendix-D covariate-adjusted spring pre-K mean DIFFERENCE (T-C) and its SE in the measure's raw score units (NOT in d units); the standardized d is in Table E. NOTE: Shape Composite negative significant (Table E -.42**, App D mean diff -0.40**)."
pcer_2008-123,pcer_2008,89,pcer_2008,PCER (2008),Other,Pre-K,-0.04984,0.018375,0.13555,123,108,21,,True,True,standardized_independent,Test of Language Development (TOLD) Grammatic Understanding,0,redundant_subscale,"Reported effect size d=-0.05 from Table E (spring pre-K, end-of-treatment), where d = (adjusted M_T - M_C)/sigma_pooled with sigma_pooled a site-specific model-based pooled population SD (Appendix B, eq.16). g = J*d, df=n_t+n_c-2=229, J=0.99672, g=-0.0498. g_se derived from the Appendix-D covariate-adjusted spring pre-K mean difference (md=-0.25) and its SE (0.68): implied site SD = md/d = 5.000; SE in d-units = SE_md/SD = 0.1360; g_se = J*SE_d = 0.1356; g_var = 0.01837. Pretest/baseline-adjusted (covariate) and cluster-accounted (HLM random classroom effect).",-0.25,"Effect size d: Table E, p.xliii (PDF p.44). Spring pre-K covariate-adjusted mean difference + SE: Appendix D (Tables D-1a..D-15a), PDF pp.415-441. Pooled-SD method: Appendix B eq.(10)-(16), PDF pp.353-359. Model: Appendix B, PDF pp.341-352.",subagent,medium,"impact_estimate/impact_se are the Appendix-D covariate-adjusted spring pre-K mean DIFFERENCE (T-C) and its SE in the measure's raw score units (NOT in d units); the standardized d is in Table E. NOTE: Shape Composite negative significant (Table E -.42**, App D mean diff -0.40**)."
pcer_2008-124,pcer_2008,89,pcer_2008,PCER (2008),STEM,Pre-K,0.0598,0.023514,0.15334,123,108,21,,True,True,standardized_independent,Woodcock-Johnson Applied Problems (W score),0,redundant_subscale,"Reported effect size d=0.06 from Table E (spring pre-K, end-of-treatment), where d = (adjusted M_T - M_C)/sigma_pooled with sigma_pooled a site-specific model-based pooled population SD (Appendix B, eq.16). g = J*d, df=n_t+n_c-2=229, J=0.99672, g=0.0598. g_se derived from the Appendix-D covariate-adjusted spring pre-K mean difference (md=1.17) and its SE (3.0): implied site SD = md/d = 19.500; SE in d-units = SE_md/SD = 0.1538; g_se = J*SE_d = 0.1533; g_var = 0.02351. Pretest/baseline-adjusted (covariate) and cluster-accounted (HLM random classroom effect).",1.17,"Effect size d: Table E, p.xliii (PDF p.44). Spring pre-K covariate-adjusted mean difference + SE: Appendix D (Tables D-1a..D-15a), PDF pp.415-441. Pooled-SD method: Appendix B eq.(10)-(16), PDF pp.353-359. Model: Appendix B, PDF pp.341-352.",subagent,medium,"impact_estimate/impact_se are the Appendix-D covariate-adjusted spring pre-K mean DIFFERENCE (T-C) and its SE in the measure's raw score units (NOT in d units); the standardized d is in Table E. NOTE: Shape Composite negative significant (Table E -.42**, App D mean diff -0.40**)."
pcer_2008-125,pcer_2008,89,pcer_2008,PCER (2008),STEM,Pre-K,-0.10964,0.027047,0.16446,123,108,21,,True,True,standardized_independent,CMA-A Mathematics Composite,0,redundant_subscale,"Reported effect size d=-0.11 from Table E (spring pre-K, end-of-treatment), where d = (adjusted M_T - M_C)/sigma_pooled with sigma_pooled a site-specific model-based pooled population SD (Appendix B, eq.16). g = J*d, df=n_t+n_c-2=229, J=0.99672, g=-0.1096. g_se derived from the Appendix-D covariate-adjusted spring pre-K mean difference (md=-0.02) and its SE (0.03): implied site SD = md/d = 0.182; SE in d-units = SE_md/SD = 0.1650; g_se = J*SE_d = 0.1645; g_var = 0.02705. Pretest/baseline-adjusted (covariate) and cluster-accounted (HLM random classroom effect).",-0.02,"Effect size d: Table E, p.xliii (PDF p.44). Spring pre-K covariate-adjusted mean difference + SE: Appendix D (Tables D-1a..D-15a), PDF pp.415-441. Pooled-SD method: Appendix B eq.(10)-(16), PDF pp.353-359. Model: Appendix B, PDF pp.341-352.",subagent,medium,"impact_estimate/impact_se are the Appendix-D covariate-adjusted spring pre-K mean DIFFERENCE (T-C) and its SE in the measure's raw score units (NOT in d units); the standardized d is in Table E. NOTE: Shape Composite negative significant (Table E -.42**, App D mean diff -0.40**)."
pcer_2008-126,pcer_2008,89,pcer_2008,PCER (2008),STEM,Pre-K,-0.41862,0.01851,0.13605,123,108,21,,True,True,researcher_made,Shape Composition (Building Blocks) task,0,researcher_made,"Reported effect size d=-0.42 from Table E (spring pre-K, end-of-treatment), where d = (adjusted M_T - M_C)/sigma_pooled with sigma_pooled a site-specific model-based pooled population SD (Appendix B, eq.16). g = J*d, df=n_t+n_c-2=229, J=0.99672, g=-0.4186. g_se derived from the Appendix-D covariate-adjusted spring pre-K mean difference (md=-0.4) and its SE (0.13): implied site SD = md/d = 0.952; SE in d-units = SE_md/SD = 0.1365; g_se = J*SE_d = 0.1361; g_var = 0.01851. Pretest/baseline-adjusted (covariate) and cluster-accounted (HLM random classroom effect).",-0.4,"Effect size d: Table E, p.xliii (PDF p.44). Spring pre-K covariate-adjusted mean difference + SE: Appendix D (Tables D-1a..D-15a), PDF pp.415-441. Pooled-SD method: Appendix B eq.(10)-(16), PDF pp.353-359. Model: Appendix B, PDF pp.341-352.",subagent,medium,"impact_estimate/impact_se are the Appendix-D covariate-adjusted spring pre-K mean DIFFERENCE (T-C) and its SE in the measure's raw score units (NOT in d units); the standardized d is in Table E. NOTE: Shape Composite negative significant (Table E -.42**, App D mean diff -0.40**)."
pcer_2008-127,pcer_2008,89,pcer_2008,PCER (2008),Reading,Pre-K,0.07979,0.017584,0.13261,149,137,39,,True,True,standardized_independent,Test of Early Reading Ability (TERA),0,redundant_subscale,"Reported effect size d=0.08 from Table E (spring pre-K, end-of-treatment), where d = (adjusted M_T - M_C)/sigma_pooled with sigma_pooled a site-specific model-based pooled population SD (Appendix B, eq.16). g = J*d, df=n_t+n_c-2=284, J=0.99736, g=0.0798. g_se derived from the Appendix-D covariate-adjusted spring pre-K mean difference (md=0.71) and its SE (1.18): implied site SD = md/d = 8.875; SE in d-units = SE_md/SD = 0.1330; g_se = J*SE_d = 0.1326; g_var = 0.01758. Pretest/baseline-adjusted (covariate) and cluster-accounted (HLM random classroom effect).",0.71,"Effect size d: Table E, p.xliii (PDF p.44). Spring pre-K covariate-adjusted mean difference + SE: Appendix D (Tables D-1a..D-15a), PDF pp.415-441. Pooled-SD method: Appendix B eq.(10)-(16), PDF pp.353-359. Model: Appendix B, PDF pp.341-352.",subagent,medium,impact_estimate/impact_se are the Appendix-D covariate-adjusted spring pre-K mean DIFFERENCE (T-C) and its SE in the measure's raw score units (NOT in d units); the standardized d is in Table E. 
pcer_2008-128,pcer_2008,89,pcer_2008,PCER (2008),Reading,Pre-K,0.00997,0.009834,0.09917,149,137,39,,True,True,standardized_independent,Woodcock-Johnson Letter-Word Identification (W score),0,redundant_subscale,"Reported effect size d=0.01 from Table E (spring pre-K, end-of-treatment), where d = (adjusted M_T - M_C)/sigma_pooled with sigma_pooled a site-specific model-based pooled population SD (Appendix B, eq.16). g = J*d, df=n_t+n_c-2=284, J=0.99736, g=0.0100. g_se derived from the Appendix-D covariate-adjusted spring pre-K mean difference (md=0.35) and its SE (3.48): implied site SD = md/d = 35.000; SE in d-units = SE_md/SD = 0.0994; g_se = J*SE_d = 0.0992; g_var = 0.00983. Pretest/baseline-adjusted (covariate) and cluster-accounted (HLM random classroom effect).",0.35,"Effect size d: Table E, p.xliii (PDF p.44). Spring pre-K covariate-adjusted mean difference + SE: Appendix D (Tables D-1a..D-15a), PDF pp.415-441. Pooled-SD method: Appendix B eq.(10)-(16), PDF pp.353-359. Model: Appendix B, PDF pp.341-352.",subagent,medium,impact_estimate/impact_se are the Appendix-D covariate-adjusted spring pre-K mean DIFFERENCE (T-C) and its SE in the measure's raw score units (NOT in d units); the standardized d is in Table E. 
pcer_2008-129,pcer_2008,89,pcer_2008,PCER (2008),Reading,Pre-K,0.19947,0.012815,0.1132,149,137,39,,True,True,standardized_independent,Woodcock-Johnson Spelling (W score),0,redundant_subscale,"Reported effect size d=0.2 from Table E (spring pre-K, end-of-treatment), where d = (adjusted M_T - M_C)/sigma_pooled with sigma_pooled a site-specific model-based pooled population SD (Appendix B, eq.16). g = J*d, df=n_t+n_c-2=284, J=0.99736, g=0.1995. g_se derived from the Appendix-D covariate-adjusted spring pre-K mean difference (md=6.22) and its SE (3.53): implied site SD = md/d = 31.100; SE in d-units = SE_md/SD = 0.1135; g_se = J*SE_d = 0.1132; g_var = 0.01282. Pretest/baseline-adjusted (covariate) and cluster-accounted (HLM random classroom effect).",6.22,"Effect size d: Table E, p.xliii (PDF p.44). Spring pre-K covariate-adjusted mean difference + SE: Appendix D (Tables D-1a..D-15a), PDF pp.415-441. Pooled-SD method: Appendix B eq.(10)-(16), PDF pp.353-359. Model: Appendix B, PDF pp.341-352.",subagent,medium,impact_estimate/impact_se are the Appendix-D covariate-adjusted spring pre-K mean DIFFERENCE (T-C) and its SE in the measure's raw score units (NOT in d units); the standardized d is in Table E. 
pcer_2008-130,pcer_2008,89,pcer_2008,PCER (2008),Reading,Pre-K,-0.08976,0.05993,0.24481,149,137,39,,True,True,standardized_independent,Pre-CTOPPP Elision (phonological awareness),1,,"Reported effect size d=-0.09 from Table E (spring pre-K, end-of-treatment), where d = (adjusted M_T - M_C)/sigma_pooled with sigma_pooled a site-specific model-based pooled population SD (Appendix B, eq.16). g = J*d, df=n_t+n_c-2=284, J=0.99736, g=-0.0898. g_se derived from the Appendix-D covariate-adjusted spring pre-K mean difference (md=-0.22) and its SE (0.6): implied site SD = md/d = 2.444; SE in d-units = SE_md/SD = 0.2455; g_se = J*SE_d = 0.2448; g_var = 0.05993. Pretest/baseline-adjusted (covariate) and cluster-accounted (HLM random classroom effect).",-0.22,"Effect size d: Table E, p.xliii (PDF p.44). Spring pre-K covariate-adjusted mean difference + SE: Appendix D (Tables D-1a..D-15a), PDF pp.415-441. Pooled-SD method: Appendix B eq.(10)-(16), PDF pp.353-359. Model: Appendix B, PDF pp.341-352.",subagent,medium,impact_estimate/impact_se are the Appendix-D covariate-adjusted spring pre-K mean DIFFERENCE (T-C) and its SE in the measure's raw score units (NOT in d units); the standardized d is in Table E. 
pcer_2008-131,pcer_2008,89,pcer_2008,PCER (2008),Other,Pre-K,0.1496,0.01567,0.12518,149,137,39,,True,True,standardized_independent,Peabody Picture Vocabulary Test (PPVT),0,redundant_subscale,"Reported effect size d=0.15 from Table E (spring pre-K, end-of-treatment), where d = (adjusted M_T - M_C)/sigma_pooled with sigma_pooled a site-specific model-based pooled population SD (Appendix B, eq.16). g = J*d, df=n_t+n_c-2=284, J=0.99736, g=0.1496. g_se derived from the Appendix-D covariate-adjusted spring pre-K mean difference (md=2.45) and its SE (2.05): implied site SD = md/d = 16.333; SE in d-units = SE_md/SD = 0.1255; g_se = J*SE_d = 0.1252; g_var = 0.01567. Pretest/baseline-adjusted (covariate) and cluster-accounted (HLM random classroom effect).",2.45,"Effect size d: Table E, p.xliii (PDF p.44). Spring pre-K covariate-adjusted mean difference + SE: Appendix D (Tables D-1a..D-15a), PDF pp.415-441. Pooled-SD method: Appendix B eq.(10)-(16), PDF pp.353-359. Model: Appendix B, PDF pp.341-352.",subagent,medium,impact_estimate/impact_se are the Appendix-D covariate-adjusted spring pre-K mean DIFFERENCE (T-C) and its SE in the measure's raw score units (NOT in d units); the standardized d is in Table E. 
pcer_2008-132,pcer_2008,89,pcer_2008,PCER (2008),Other,Pre-K,-0.10971,0.014368,0.11987,149,137,39,,True,True,standardized_independent,Test of Language Development (TOLD) Grammatic Understanding,0,redundant_subscale,"Reported effect size d=-0.11 from Table E (spring pre-K, end-of-treatment), where d = (adjusted M_T - M_C)/sigma_pooled with sigma_pooled a site-specific model-based pooled population SD (Appendix B, eq.16). g = J*d, df=n_t+n_c-2=284, J=0.99736, g=-0.1097. g_se derived from the Appendix-D covariate-adjusted spring pre-K mean difference (md=-0.54) and its SE (0.59): implied site SD = md/d = 4.909; SE in d-units = SE_md/SD = 0.1202; g_se = J*SE_d = 0.1199; g_var = 0.01437. Pretest/baseline-adjusted (covariate) and cluster-accounted (HLM random classroom effect).",-0.54,"Effect size d: Table E, p.xliii (PDF p.44). Spring pre-K covariate-adjusted mean difference + SE: Appendix D (Tables D-1a..D-15a), PDF pp.415-441. Pooled-SD method: Appendix B eq.(10)-(16), PDF pp.353-359. Model: Appendix B, PDF pp.341-352.",subagent,medium,impact_estimate/impact_se are the Appendix-D covariate-adjusted spring pre-K mean DIFFERENCE (T-C) and its SE in the measure's raw score units (NOT in d units); the standardized d is in Table E. 
pcer_2008-133,pcer_2008,89,pcer_2008,PCER (2008),STEM,Pre-K,0.03989,0.01174,0.10835,149,137,39,,True,True,standardized_independent,Woodcock-Johnson Applied Problems (W score),0,redundant_subscale,"Reported effect size d=0.04 from Table E (spring pre-K, end-of-treatment), where d = (adjusted M_T - M_C)/sigma_pooled with sigma_pooled a site-specific model-based pooled population SD (Appendix B, eq.16). g = J*d, df=n_t+n_c-2=284, J=0.99736, g=0.0399. g_se derived from the Appendix-D covariate-adjusted spring pre-K mean difference (md=0.88) and its SE (2.39): implied site SD = md/d = 22.000; SE in d-units = SE_md/SD = 0.1086; g_se = J*SE_d = 0.1083; g_var = 0.01174. Pretest/baseline-adjusted (covariate) and cluster-accounted (HLM random classroom effect).",0.88,"Effect size d: Table E, p.xliii (PDF p.44). Spring pre-K covariate-adjusted mean difference + SE: Appendix D (Tables D-1a..D-15a), PDF pp.415-441. Pooled-SD method: Appendix B eq.(10)-(16), PDF pp.353-359. Model: Appendix B, PDF pp.341-352.",subagent,medium,impact_estimate/impact_se are the Appendix-D covariate-adjusted spring pre-K mean DIFFERENCE (T-C) and its SE in the measure's raw score units (NOT in d units); the standardized d is in Table E. 
pcer_2008-134,pcer_2008,89,pcer_2008,PCER (2008),STEM,Pre-K,-0.23937,0.020627,0.14362,149,137,39,,True,True,standardized_independent,CMA-A Mathematics Composite,0,redundant_subscale,"Reported effect size d=-0.24 from Table E (spring pre-K, end-of-treatment), where d = (adjusted M_T - M_C)/sigma_pooled with sigma_pooled a site-specific model-based pooled population SD (Appendix B, eq.16). g = J*d, df=n_t+n_c-2=284, J=0.99736, g=-0.2394. g_se derived from the Appendix-D covariate-adjusted spring pre-K mean difference (md=-0.05) and its SE (0.03): implied site SD = md/d = 0.208; SE in d-units = SE_md/SD = 0.1440; g_se = J*SE_d = 0.1436; g_var = 0.02063. Pretest/baseline-adjusted (covariate) and cluster-accounted (HLM random classroom effect).",-0.05,"Effect size d: Table E, p.xliii (PDF p.44). Spring pre-K covariate-adjusted mean difference + SE: Appendix D (Tables D-1a..D-15a), PDF pp.415-441. Pooled-SD method: Appendix B eq.(10)-(16), PDF pp.353-359. Model: Appendix B, PDF pp.341-352.",subagent,medium,impact_estimate/impact_se are the Appendix-D covariate-adjusted spring pre-K mean DIFFERENCE (T-C) and its SE in the measure's raw score units (NOT in d units); the standardized d is in Table E. 
pcer_2008-135,pcer_2008,89,pcer_2008,PCER (2008),STEM,Pre-K,0.07979,0.015721,0.12538,149,137,39,,True,True,researcher_made,Shape Composition (Building Blocks) task,0,researcher_made,"Reported effect size d=0.08 from Table E (spring pre-K, end-of-treatment), where d = (adjusted M_T - M_C)/sigma_pooled with sigma_pooled a site-specific model-based pooled population SD (Appendix B, eq.16). g = J*d, df=n_t+n_c-2=284, J=0.99736, g=0.0798. g_se derived from the Appendix-D covariate-adjusted spring pre-K mean difference (md=0.07) and its SE (0.11): implied site SD = md/d = 0.875; SE in d-units = SE_md/SD = 0.1257; g_se = J*SE_d = 0.1254; g_var = 0.01572. Pretest/baseline-adjusted (covariate) and cluster-accounted (HLM random classroom effect).",0.07,"Effect size d: Table E, p.xliii (PDF p.44). Spring pre-K covariate-adjusted mean difference + SE: Appendix D (Tables D-1a..D-15a), PDF pp.415-441. Pooled-SD method: Appendix B eq.(10)-(16), PDF pp.353-359. Model: Appendix B, PDF pp.341-352.",subagent,medium,impact_estimate/impact_se are the Appendix-D covariate-adjusted spring pre-K mean DIFFERENCE (T-C) and its SE in the measure's raw score units (NOT in d units); the standardized d is in Table E. 
portes_2018-01,portes_2018,90,portes_2018,Portes et al. 2018,Reading,3-6,0.1199,0.002497,0.05,835,686,74,,False,False,standardized_independent,State Criterion-Referenced Competency Test (CRCT) - English Language Arts,1,,"OLS treatment coefficient (Table 8, Model 1, treatment-only) on grade-x-subject z-standardized CRCT-ELA = standardized mean difference d=0.12 (SE 0.05). g = J*d with J=0.99949 (df=N-2, N=1,476); g_se = J*SE; g_var = g_se^2. Standardized by the within-grade z-score SD (=1 by construction).",0.12,p.512 Table 8 (Model 1); narrative p.513-514,subagent,medium,"FULL randomized sample (all students, ELLs + non-ELLs). This is the report's confirmatory Hypothesis 1 outcome (ELA for combined sample). Article headline b=0.28** is the Model 4/5 interaction-model coefficient (conditional effect for fifth-grade non-female students), NOT the average treatment effect; Model 1 (0.12*, p<.05) is the average treatment effect and is extracted here. n_t/n_c approximate from Table 3 consent counts (treatment 835, control 686 students); model N observations = 1,476. OLS, single-level (not cluster-adjusted); 74 teacher clusters; no ICC reported. ELA -> Reading per spec. Math/science/social studies are NOT analysed for the full sample in this report (only for the ELL subgroup, see subgroup rows)."
portes_2018-02,portes_2018,90,portes_2018,Portes et al. 2018,Reading,3-6,0.2697,0.00489,0.0699,,,74,,False,False,standardized_independent,State Criterion-Referenced Competency Test (CRCT) - English Language Arts,0,subgroup,"OLS treatment coefficient (Table 9, Model 1, treatment-only) on grade-x-subject z-standardized CRCT-ELA, ELL students only = d=0.27 (SE 0.07). g=J*d, J=0.99900 (N=749); g_se=J*SE.",0.27,p.513 Table 9 (Model 1),subagent,medium,"ELL-ONLY subgroup (N=749), NOT baseline-equivalent (authors call ELL analyses quasi-experimental/heuristic). Article headline for this subgroup is b=0.45*** (Model 4 interaction coefficient, conditional 5th-grade effect); Model 1 average effect = 0.27 extracted here. Pretest-adjusted check (fifth-grade ELLs only, Table 14): ELA treatment = 0.24** (g~0.24), the only subject that stayed significant after pretest adjustment. ELA -> Reading per spec."
portes_2018-03,portes_2018,90,portes_2018,Portes et al. 2018,Reading,3-6,0.0999,0.003593,0.0599,,,74,,False,False,standardized_independent,State Criterion-Referenced Competency Test (CRCT) - Reading,0,subgroup,"OLS treatment coefficient (Table 10, Model 1, treatment-only) on grade-x-subject z-standardized CRCT-Reading, ELL students only = d=0.10 (SE 0.06, ns). g=J*d, J=0.99899 (N=748); g_se=J*SE.",0.1,p.513-514 Table 10 (Model 1),subagent,medium,"ELL-ONLY subgroup (N=748), not baseline-equivalent. Reading -> Reading per spec. Non-significant. Reading not analysed for the full sample. Model 4 interaction coefficient = 0.22*; Cohen's d reported as 0.22 in narrative (that is the Model 4 conditional value). Model 1 average effect = 0.10 extracted here."
portes_2018-04,portes_2018,90,portes_2018,Portes et al. 2018,STEM,3-6,0.1499,0.006387,0.0799,,,74,,False,False,standardized_independent,State Criterion-Referenced Competency Test (CRCT) - Math,0,subgroup,"OLS treatment coefficient (Table 11, Model 1, treatment-only) on grade-x-subject z-standardized CRCT-Math, ELL students only = d=0.15 (SE 0.08). g=J*d, J=0.99900 (N=753); g_se=J*SE.",0.15,p.514 Table 11 (Model 1),subagent,medium,"ELL-ONLY subgroup (N=753), not baseline-equivalent. Math -> STEM per spec. Model 1 average effect = 0.15* extracted; narrative Cohen's d = 0.20 = Model 4 conditional value. Pretest-adjusted check (fifth-grade ELLs, Table 14): Math = -0.05 (ns). Math not analysed for the full sample."
portes_2018-05,portes_2018,90,portes_2018,Portes et al. 2018,STEM,3-6,0.1499,0.006387,0.0799,,,74,,False,False,standardized_independent,State Criterion-Referenced Competency Test (CRCT) - Science,0,subgroup,"OLS treatment coefficient (Table 12, Model 1, treatment-only) on grade-x-subject z-standardized CRCT-Science, ELL students only = d=0.15 (SE 0.08). g=J*d, J=0.99900 (N=753); g_se=J*SE. CAVEAT: printed Table 12 is identical to Table 11 (Math) -- likely a publication typo (see problems).",0.15,p.515 Table 12 (Model 1),subagent,medium,"ELL-ONLY subgroup (N=753), not baseline-equivalent. Science -> STEM per spec. PUBLICATION ERROR: Table 12 (Science) is printed identically to Table 11 (Math); value taken as printed (0.15). Narrative Cohen's d for science (ELLs) = 0.20 (= Model 4 conditional value). Pretest-adjusted check (fifth-grade ELLs, Table 14): Science = 0.07 (ns). Science not analysed for the full sample."
portes_2018-06,portes_2018,90,portes_2018,Portes et al. 2018,Other,3-6,0.0699,0.00489,0.0699,,,74,,False,False,standardized_independent,State Criterion-Referenced Competency Test (CRCT) - Social Studies,0,subgroup,"OLS treatment coefficient (Table 13, Model 1, treatment-only) on grade-x-subject z-standardized CRCT-Social Studies, ELL students only = d=0.07 (SE 0.07, ns). g=J*d, J=0.99900 (N=756); g_se=J*SE.",0.07,p.516 Table 13 (Model 1),subagent,medium,"ELL-ONLY subgroup (N=756), not baseline-equivalent (social studies had the largest fifth-grade ELL baseline imbalance, d=0.42 favoring treatment). Social studies -> Other per spec. Model 1 average effect = 0.07 (ns); narrative Cohen's d = 0.31 = Model 4 conditional value. Pretest-adjusted check (fifth-grade ELLs, Table 14): Social Studies = -0.11 (ns). Social studies not analysed for the full sample."
powell_2010-01,powell_2010,91,powell_2010,Powell et al. 2010,Reading,Pre-K,0.0999,0.00692,0.0832,345,265,73,,True,True,standardized_independent,Woodcock-Johnson III Letter-Word Identification,1,,"g = J*d using reported d=0.10 (Intervention x Time, Table 3); J=0.99855 (dfe=516). g_se = (HLM beta SE 1.45 / implied standardizing SD 17.40 [=beta/d]) * J.",1.74,p.307 Table 3 (Intervention x Time); means p.307 Table 2,subagent,medium,"Standardized/independent norm-referenced measure (standard scores M=100, SD=15). Intervention x Time beta=1.74 (ns), d=0.10. Main-effect-at-posttest (Intervention vs control) d=0.22 (beta=3.97*, SE=1.44). Non-significant intervention effect on the gain contrast."
powell_2010-02,powell_2010,91,powell_2010,Powell et al. 2010,Reading,Pre-K,-0.03,0.00359,0.0599,345,265,73,,True,True,standardized_independent,"Receptive language (Peabody Picture Vocabulary Test-III, PPVT-III)",1,,"g = J*d using reported d=-0.03 (Intervention x Time, Table 3); J=0.99858 (dfe=529). g_se = (HLM beta SE 0.96 / implied standardizing SD 16.00 [=beta/d]) * J.",-0.48,p.307 Table 3 (Intervention x Time); means p.307 Table 2,subagent,medium,"Standardized/independent measure (standard scores M=100, SD=15). Oral-language/receptive-vocabulary outcome (mapped to Reading per spec literacy mapping). Intervention x Time beta=-0.48 (ns), d=-0.03. Main-effect-at-posttest (Intervention vs control) d=-0.03 (beta=-0.55, SE=1.43). No intervention effect; paper notes PD did not change teachers' vocabulary-eliciting practice."
powell_2010-03,powell_2010,91,powell_2010,Powell et al. 2010,Reading,Pre-K,0.2896,0.0034,0.0583,345,265,73,,True,True,standardized_independent,"Letter knowledge (Letter Naming, Head Start FACES)",1,,"g = J*d using reported d=0.29 (Intervention x Time, Table 3); J=0.99859 (dfe=532). g_se = (HLM beta SE 0.97 / implied standardizing SD 16.62 [=beta/d]) * J.",4.82,p.307 Table 3 (Intervention x Time); means p.307 Table 2,subagent,medium,"Letter Naming subtest from the Head Start FACES battery (count of letters named, 0-26). Headline intervention effect (abstract reports d=0.29). Intervention x Time beta=4.82*** (p<.001), d=0.29. Main-effect-at-posttest (Intervention vs control) d=0.32 (beta=5.37***, SE=1.46). NOTE: paper-implied standardizing SD (beta/d=16.62) is ~2x the Table-2 preintervention pooled SD (~8.2), so the authors' d for this outcome is standardized on a larger SD than the simple preintervention pooled SD."
powell_2010-04,powell_2010,91,powell_2010,Powell et al. 2010,Reading,Pre-K,0.2197,0.01028,0.1014,345,265,73,,True,True,researcher_made,Concepts About Print (Clay),0,researcher_made,"g = J*d using reported d=0.22 (Intervention x Time, Table 3); J=0.99859 (dfe=532). g_se = (HLM beta SE 0.12 / implied standardizing SD 1.18 [=beta/d]) * J.",0.26,p.307 Table 3 (Intervention x Time); means p.307 Table 2,subagent,medium,"Clay (1985) Concepts About Print, researcher-administered (count correct, 0-11). Headline intervention effect (abstract d=0.22). Intervention x Time beta=0.26* (p<.05), d=0.22. Main-effect-at-posttest (Intervention vs control) d=0.20 (beta=0.40*, SE=0.17). NOTE: paper-implied standardizing SD (beta/d=1.18) is SMALLER than the Table-2 preintervention pooled SD (~1.84)."
powell_2010-05,powell_2010,91,powell_2010,Powell et al. 2010,Reading,Pre-K,0.1698,0.00614,0.0784,345,265,73,,True,True,researcher_made,"Writing (name writing, Diamond et al. 2008 9-point scale)",0,researcher_made,"g = J*d using reported d=0.17 (Intervention x Time, Table 3); J=0.99858 (dfe=530). g_se = (HLM beta SE 0.12 / implied standardizing SD 1.53 [=beta/d]) * J.",0.26,p.307 Table 3 (Intervention x Time); means p.307 Table 2,subagent,medium,"Name-writing scored on a 9-point scale (1-9). Headline intervention effect (abstract d=0.17). Intervention x Time beta=0.26* (p<.05), d=0.17. Main-effect-at-posttest (Intervention vs control) d=0.17 (beta=0.33*, SE=0.21)."
powell_2010-06,powell_2010,91,powell_2010,Powell et al. 2010,Reading,Pre-K,0.1797,0.0079,0.0889,345,265,73,,True,True,researcher_made,"Blending (Test of Preschool Early Literacy, TOPEL pre-publication, 21 items)",0,researcher_made,"g = J*d using reported d=0.18 (Intervention x Time, Table 3); J=0.99858 (dfe=530). g_se = (HLM beta SE 0.46 / implied standardizing SD 5.17 [=beta/d]) * J.",0.93,p.307 Table 3 (Intervention x Time); means p.307 Table 2,subagent,medium,"Phonological blending, 21 items from a pre-publication TOPEL/Pre-CTOPPL (Lonigan et al.) version. Headline intervention effect (abstract d=0.18). Intervention x Time beta=0.93* (p<.05), d=0.18. Main-effect-at-posttest (Intervention vs control) d=0.22 (beta=1.17**, SE=0.43)."
powell_2010-07,powell_2010,91,powell_2010,Powell et al. 2010,Reading,Pre-K,0.0552,0.00917,0.0957,345,265,73,,True,True,researcher_made,"Initial sound matching (IGDI Alliteration / Get It Got It Go!, dichotomized)",0,researcher_made,APPROXIMATE/low quality. Binary logistic outcome; no SMD d reported for this contrast. g approximated as J*(beta/preintervention-pooled-SD) using Intervention x Time beta=0.15 and pooled preintervention SD=2.71 -> d~0.055; J=0.99858 (dfe=530). g_se = (beta SE 0.26 / 2.71) * J. Use with caution.,0.15,p.307 Table 3 (Intervention x Time); means p.307 Table 2,subagent,medium,"Get It Got It Go! Alliteration / IGDI initial-sound-matching. ~60% of children scored 0, so the authors DICHOTOMIZED the measure (0 = none/one correct, 1 = two or more correct) and analyzed it with logistic regression (odds-ratio metric); the raw means/SDs in Table 2 are on the original 1-20 scale, not the analyzed dichotomy. No standard SMD d is reported for the Intervention-vs-control contrast (Table 3 leaves the d cells effectively for the continuous metric only; the odds-ratio Intervention x Time effect was ns). g here is a rough continuous-scale approximation and should be down-weighted or excluded centrally. No significant intervention effect."
prast_2018-01,prast_2018,92,prast_2018,Prast et al. 2018,STEM,1-6,0.146,0.001515,0.0389,1514,3237,30,,True,True,standardized_independent,"Cito Mathematics Tests (CMT; national Dutch curriculum-based progress-monitoring tests, Janssen, Scheltens & Kraemer 2005), grade-level-appropriate version, vertically-scaled competence score",1,,"g = J*beta, where beta = standardized regression coefficient of the 'PD in Year 1' dummy on the latent math-achievement growth SLOPE from the overall latent growth-curve Model 2 (Table 5, p.29; beta=0.15, SE=0.04, p=.007), covariate-adjusted for grade level, nonverbal intelligence, verbal WM, and visual-spatial WM (and the T1 baseline within the growth model). beta is the within-grade standardized effect on growth rate (positive favours PD). J = 1-3/(4*df-1) = 0.9730 with df = n_clusters-2 = 28 (conservative cluster df); g = 0.9730*0.15 = 0.146. g_se = J*SE_beta = 0.9730*0.04 = 0.0389; g_var = g_se^2 = 0.001515. (With student-level df, J~1 and g~=0.15, g_se~=0.04.) Standardized by the model's student-level (within-grade, covariate-residual) SD implicit in the standardized beta.",0.15,"Table 5 (Overall model Year 1, Model 2) p.29; text p.29 (beta=0.15, p=.007; ~2.5 CMT points more growth than control, avg growth 14.4); design Table 1 p.25; Ns Table 2 (Cohort 1 N Year1=1514; Cohorts 2+3 Year1 = 1370+1867=3237); analytic N=4751",subagent,medium,"Headline result: significant small positive short-term effect of the PD on Year-1 math-achievement growth in Cohort 1 (beta=0.15, p=.007). n_t = Cohort 1 Year-1 students (1514); n_c = Cohorts 2+3 Year-1 students (1370+1867=3237); overall analytic N=4751. Effect is on the GROWTH SLOPE, not posttest level (authors do not interpret the intercept/level effect). Raw cross-check (text p.29): Cohort 1 gained ~2.5 CMT points more than controls over Year 1 (avg growth 14.4 points); dividing by the total cross-grade CMT SD (30.18) would give a grade-confounded d~0.08 that is NOT comparable and is not used. Multiple-group model (Table 6): effect similar across achievement groups (low beta=0.12 p=.051, average beta=0.10 p=.040, high beta=0.12 p=.036); Wald tests n.s. for differential effects, so no subgroup rows extracted. ICC not reported; cluster-robust (type=complex, class-level) SEs."
prast_2018-02,prast_2018,92,prast_2018,Prast et al. 2018,STEM,1-6,0.029,0.004639,0.0681,1408,3284,30,,True,True,standardized_independent,"Cito Mathematics Tests (CMT; national Dutch curriculum-based progress-monitoring tests, Janssen, Scheltens & Kraemer 2005), grade-level-appropriate version, vertically-scaled competence score",1,,"g = J*beta, where beta = standardized regression coefficient of the 'PD in Year 2' dummy (short-term effect) on the latent math-achievement growth SLOPE from the overall latent growth-curve Model 2 (Table 7, p.31; beta=0.03, SE=0.07, p=.640, n.s.), covariate-adjusted for grade level, nonverbal intelligence, verbal WM, and visual-spatial WM. J = 0.9730 (df = n_clusters-2 = 28); g = 0.9730*0.03 = 0.029. g_se = J*SE_beta = 0.9730*0.07 = 0.0681; g_var = 0.004639.",0.03,"Table 7 (Overall model Year 2, Model 2) p.31; text p.30-31 ('PD in Year 2' short-term slope effect beta=0.03, p=.640, n.s.); Ns Table 2 (Cohort 2 N Year2=1408; Cohorts 1+3 Year2 = 1494+1790=3284); analytic N=4692",subagent,medium,"Second independent immediate post-intervention contrast (different cohort/year): the PD effect could NOT be replicated in Year 2 - no significant short-term effect on Year-2 growth slope (beta=0.03, p=.640). n_t = Cohort 2 Year-2 students (1408); n_c = Cohorts 1+3 Year-2 students (1494+1790=3284); overall analytic N=4692. Authors attribute the smaller Cohort-2 effect to lower school motivation, less-experienced teachers, and concurrent curriculum changes (discussion p.31). The Year-2 LONG-TERM effect of PD-in-Year-1 (Cohort 1) on the slope was also n.s. (beta=-0.06, p=.665) and is NOT extracted (follow-up wave, not immediate post). Multiple-group model Year 2 (Table 8): no significant short- or long-term effects in any achievement group. Same cluster-robust caveats and missing ICC as the Year-1 row."
quint_2015-01,quint_2015,93,quint_2015,Quint et al. 2015,Reading,3,0.02999,0.005277,0.0726,1450,1391,37,,True,True,standardized_independent,"Gates-MacGinitie Reading Test, Comprehension subtest (scale score)",0,redundant_subscale,"Reported effect size d = impact/control-SD = 1.09/39.27 = 0.03 taken directly from Table 5.6. g = J*d, df = n_t+n_c-2 = 2839, J = 0.99974, g = 0.02999. impact_se in ES units = MDES(0.21)/2.89 = 0.0727 (Appendix Table D.2); g_se = J*0.0727 = 0.0726; g_var = g_se^2.",0.03,"Table 5.6 (p. 86, PDF p. 110); SD Appendix D (p. 176-177); MDES Appendix Table D.2 (p. 175)",subagent,medium,Auxiliary sample = grade 3 students (were grade 1 at study start; did not learn to read 'the SFA way'). Not statistically significant (p=0.699). Standardizing SD = control-group SD for GM Comprehension grade 3 (39.27). Component subscale of the GM Total composite (also extracted).
quint_2015-02,quint_2015,93,quint_2015,Quint et al. 2015,Reading,3,0.01,0.005792,0.0761,1450,1391,37,,True,True,standardized_independent,"Gates-MacGinitie Reading Test, Vocabulary subtest (scale score)",0,redundant_subscale,"Reported d = 0.53/41.87 = 0.01 (Table 5.6). g = J*d, df = 2839, J = 0.99974, g = 0.01000. impact_se = MDES(0.22)/2.89 = 0.0761; g_se = 0.0761; g_var = g_se^2.",0.01,Table 5.6 (p. 86); MDES Appendix Table D.2 (p. 175); SD p. 177,subagent,medium,Not statistically significant (p=0.868). Standardizing SD = control GM Vocabulary grade 3 (41.87). Component subscale of GM Total composite.
quint_2015-03,quint_2015,93,quint_2015,Quint et al. 2015,Reading,3,0.01999,0.005792,0.0761,1450,1391,37,,True,True,standardized_independent,"Gates-MacGinitie Reading Test, Total (Comprehension + Vocabulary, scale score)",1,,"Reported d = 0.71/36.67 = 0.02 (Table 5.6). g = J*d, df = 2839, J = 0.99974, g = 0.01999. impact_se = MDES(0.22)/2.89 = 0.0761; g_se = 0.0761; g_var = g_se^2.",0.02,Table 5.6 (p. 86); MDES Appendix Table D.2 (p. 175); SD p. 177,subagent,medium,Composite of the GM Comprehension and Vocabulary subscales (both also extracted). Not statistically significant (p=0.797). Standardizing SD = control GM Total grade 3 (36.67).
quint_2015-04,quint_2015,93,quint_2015,Quint et al. 2015,Reading,3,-0.01999,0.005792,0.0761,1311,1261,37,,True,True,standardized_independent,"State reading achievement test (z-score, standardized within district)",1,,"Reported impact = -0.02 on the district-standardized state test (SD~1), so d = -0.02 (Table 5.6). g = J*d, df = 2571, J = 0.99971, g = -0.01999. impact_se = MDES(0.22)/2.89 = 0.0761; g_se = 0.0761; g_var = g_se^2.",-0.02,Table 5.6 (p. 86); MDES Appendix Table D.2 (p. 175),subagent,medium,"High-stakes state reading/comprehension accountability test, standardized within district (SD ~ 1). Not statistically significant (p=0.836). Negative = slightly favors control. Separate independent instrument from the GM tests; labeled secondary (not part of the GM composite)."
quint_2015-05,quint_2015,93,quint_2015,Quint et al. 2015,Reading,4,-0.04999,0.003877,0.0623,1361,1295,37,,True,True,standardized_independent,"Gates-MacGinitie Reading Test, Comprehension subtest (scale score)",0,redundant_subscale,"Reported d = -1.78/38.11 = -0.05 (Table 5.6). g = J*d, df = 2654, J = 0.99972, g = -0.04999. impact_se = MDES(0.18)/2.89 = 0.0623; g_se = 0.0623; g_var = g_se^2.",-0.05,Table 5.6 (p. 86); MDES Appendix Table D.2 (p. 175); SD p. 177,subagent,medium,Grade 4 auxiliary sample. Not statistically significant (p=0.466). Standardizing SD = control GM Comprehension grade 4 (38.11). Component subscale of GM Total composite.
quint_2015-06,quint_2015,93,quint_2015,Quint et al. 2015,Reading,4,-0.04999,0.003877,0.0623,1361,1295,37,,True,True,standardized_independent,"Gates-MacGinitie Reading Test, Vocabulary subtest (scale score)",0,redundant_subscale,"Reported d = -1.65/36.51 = -0.05 (Table 5.6). g = J*d, df = 2654, J = 0.99972, g = -0.04999. impact_se = MDES(0.18)/2.89 = 0.0623; g_se = 0.0623; g_var = g_se^2.",-0.05,Table 5.6 (p. 86); MDES Appendix Table D.2 (p. 175); SD p. 177,subagent,medium,Not statistically significant (p=0.457). Standardizing SD = control GM Vocabulary grade 4 (36.51). Component subscale of GM Total composite.
quint_2015-07,quint_2015,93,quint_2015,Quint et al. 2015,Reading,4,-0.04999,0.00432,0.0657,1361,1295,37,,True,True,standardized_independent,"Gates-MacGinitie Reading Test, Total (Comprehension + Vocabulary, scale score)",1,,"Reported d = -1.70/33.65 = -0.05 (Table 5.6). g = J*d, df = 2654, J = 0.99972, g = -0.04999. impact_se = MDES(0.19)/2.89 = 0.0657; g_se = 0.0657; g_var = g_se^2.",-0.05,Table 5.6 (p. 86); MDES Appendix Table D.2 (p. 175); SD p. 177,subagent,medium,Composite of GM Comprehension + Vocabulary subscales (both also extracted). Not statistically significant (p=0.418). Standardizing SD = control GM Total grade 4 (33.65).
quint_2015-08,quint_2015,93,quint_2015,Quint et al. 2015,Reading,4,-0.12996,0.003458,0.0588,1329,1275,37,,True,True,standardized_independent,"State reading achievement test (z-score, standardized within district)",1,,"Reported impact = -0.13 on district-standardized state test (SD~1), so d = -0.13 (Table 5.6). g = J*d, df = 2602, J = 0.99971, g = -0.12996. impact_se = MDES(0.17)/2.89 = 0.0588; g_se = 0.0588; g_var = g_se^2.",-0.13,Table 5.6 (p. 86); MDES Appendix Table D.2 (p. 175),subagent,medium,"Only marginally significant estimate in the auxiliary sample: NEGATIVE impact, p=0.053 (significant at 10% only), and NOT significant after Benjamini-Hochberg multiple-comparison adjustment (report cautions against interpreting it). Negative = favors control. High-stakes state test, standardized within district (SD ~ 1). Labeled secondary."
quint_2015-09,quint_2015,93,quint_2015,Quint et al. 2015,Reading,5,0.0,0.007479,0.0865,1478,1311,37,,True,True,standardized_independent,"Gates-MacGinitie Reading Test, Comprehension subtest (scale score)",0,redundant_subscale,"Reported d = -0.14/34.40 = -0.00 (Table 5.6, rounds to 0.00). g = J*d = 0.00. impact_se = MDES(0.25)/2.89 = 0.0865; g_se = 0.0865; g_var = g_se^2.",-0.0,Table 5.6 (p. 86); MDES Appendix Table D.2 (p. 175); SD p. 177,subagent,medium,"Grade 5 auxiliary sample. Effectively zero impact (ES = -0.00), p=0.962. Standardizing SD = control GM Comprehension grade 5 (34.40). Component subscale of GM Total composite."
quint_2015-10,quint_2015,93,quint_2015,Quint et al. 2015,Reading,5,0.04999,0.00633,0.0796,1478,1311,37,,True,True,standardized_independent,"Gates-MacGinitie Reading Test, Vocabulary subtest (scale score)",0,redundant_subscale,"Reported d = 1.78/33.78 = 0.05 (Table 5.6). g = J*d, df = 2787, J = 0.99973, g = 0.04999. impact_se = MDES(0.23)/2.89 = 0.0796; g_se = 0.0796; g_var = g_se^2.",0.05,Table 5.6 (p. 86); MDES Appendix Table D.2 (p. 175); SD p. 177,subagent,medium,Not statistically significant (p=0.426). Standardizing SD = control GM Vocabulary grade 5 (33.78). Component subscale of GM Total composite.
quint_2015-11,quint_2015,93,quint_2015,Quint et al. 2015,Reading,5,0.01999,0.001448,0.0381,1478,1311,37,,True,True,standardized_independent,"Gates-MacGinitie Reading Test, Total (Comprehension + Vocabulary, scale score)",1,,"Reported d = 0.58/30.59 = 0.02 (Table 5.6). g = J*d, df = 2787, J = 0.99973, g = 0.01999. impact_se = MDES(0.11)/2.89 = 0.0381; g_se = 0.0381; g_var = g_se^2. NOTE: this MDES (0.11) is anomalously small vs its own subscale MDES values (0.25, 0.23) -- likely a table typo -- so this g_se/g_var is unreliable (see problems).",0.02,Table 5.6 (p. 86); MDES Appendix Table D.2 (p. 175); SD p. 177,subagent,medium,Composite of GM Comprehension + Vocabulary subscales (both also extracted). Not statistically significant (p=0.811). Standardizing SD = control GM Total grade 5 (30.59). g point estimate (0.02) reliable; g_se is suspect because the reported grade-5 GM-Total MDES (0.11) appears to be a typo relative to its subscales.
quint_2015-12,quint_2015,93,quint_2015,Quint et al. 2015,Reading,5,-0.01999,0.00432,0.0657,1459,1293,37,,True,True,standardized_independent,"State reading achievement test (z-score, standardized within district)",1,,"Reported impact = -0.02 on district-standardized state test (SD~1), so d = -0.02 (Table 5.6). g = J*d, df = 2750, J = 0.99973, g = -0.01999. impact_se = MDES(0.19)/2.89 = 0.0657; g_se = 0.0657; g_var = g_se^2.",-0.02,Table 5.6 (p. 86); MDES Appendix Table D.2 (p. 175),subagent,medium,"Not statistically significant (p=0.608). High-stakes state test, standardized within district (SD ~ 1). Negative = slightly favors control. Labeled secondary."
randel_2016-01,randel_2016,94,randel_2016,Randel et al. 2016,STEM,4-5,0.007,0.0019,0.044,4420,5176,67,0.16,True,True,standardized_independent,"Colorado Student Assessment Program (CSAP), mathematics scale score",1,,"d = b/s where b = HLM benchmark impact coefficient (Intervention) = 0.58 CSAP scale points (Table K3 / Table 4.1 'Adjusted posttest', pretest-adjusted 2-level mixed model with block fixed effects) and s = pooled raw posttest SD = 79.60 (Appendix J Table J1: intervention SD 78.21 n=4,420, control SD 80.77 n=5,176). g = J*d, J=1-3/(4*df-1) with df=N-2=9,594 -> J~=1.000. Var(g)=J^2*(impact_se/s)^2, impact_se=3.47. (Report's own Glass d using control SD = 0.01, Table 4.1; matches.)",0.58,Table 4.1 p.67; Table K3 p.131; Appendix J Table J1 p.129; Appendix I Table I1 p.127; Exec summary p.7,subagent,medium,"Headline confirmatory outcome (the study's single primary student outcome). Intervention adjusted mean 502.49 (SE 2.53) vs control 501.91 (SE 2.44); estimated difference 0.58, p=.87 (not statistically significant). Study powered to detect 0.25 SD. All 67 schools analyzed as randomized (intent-to-treat); missing data multiply imputed (40 datasets). ICC=0.16 from unconditional model (between-school var 1,003.23 / total 6,202.69). Math-only study; immediate end-of-implementation-year wave (spring 2009)."
randel_2016-02,randel_2016,94,randel_2016,Randel et al. 2016,STEM,5,-0.057,0.00228,0.048,,,67,0.16,True,True,standardized_independent,"Colorado Student Assessment Program (CSAP), mathematics scale score",0,subgroup,"d = b/s, b = HLM Intervention coeff for Cohort 1 subtest = -4.53 (Table K5 p.131 / text p.67), s = pooled raw posttest SD 79.60; g=J*d, J~=1.000; Var(g)=J^2*(impact_se/s)^2, impact_se=3.80.",-4.53,"Table K5 p.131; p.67 (gamma_01=-4.53, SE=3.80, p=.24)",subagent,medium,"EXPLORATORY follow-up, not the confirmatory outcome. Cohort 1 = students in grade 4 in the CASL training year and grade 5 in the implementation year (~2 years of exposure). Confounded with exposure duration vs Cohort 3. Not statistically significant (p=.24). A significant CASL-by-grade interaction (-5.81, SE 1.03) was found but does not imply a significant effect in either cohort. Cohort-specific n not separately tabulated for the imputed benchmark model."
randel_2016-03,randel_2016,94,randel_2016,Randel et al. 2016,STEM,4,0.07,0.00281,0.053,,,67,0.16,True,True,standardized_independent,"Colorado Student Assessment Program (CSAP), mathematics scale score",0,subgroup,"d = b/s, b = HLM Intervention coeff for Cohort 3 subtest = 5.59 (Table K5/K6 region p.131-132 / text p.67), s = pooled raw posttest SD 79.60; g=J*d, J~=1.000; Var(g)=J^2*(impact_se/s)^2, impact_se=4.22.",5.59,"Table (Cohort 3 subtest) p.131-132; p.67 (gamma_01=5.59, SE=4.22, p=.19)",subagent,medium,"EXPLORATORY follow-up, not confirmatory. Cohort 3 = students in grade 3 in the training year and grade 4 in the implementation year (~1 year of exposure); their pretest came from grade-3 CSAP. Confounded with exposure duration vs Cohort 1. Not statistically significant (p=.19). Cohort-specific n not separately tabulated."
reinke_2018-01,reinke_2018,96,reinke_2018,Reinke et al. 2018,Reading,K-3,-0.0114,0.000307,0.0175,,,105,0.06,True,True,standardized_independent,Woodcock-Johnson III Normative Update Tests of Achievement (WJ III ACH) -- Broad Reading cluster (standard scores),1,,"d = b/SD where b=-0.15 is the IY TCM 'Intervention' HLM coefficient on WJ-III Broad Reading (Table 3, p.1051), from a 3-level HLM (students in teachers in schools) controlling for WJ-III Reading pretest + demographics. SD = pooled baseline SD of WJ-III Reading standard scores = sqrt((13.06^2+13.20^2)/2) = 13.13 (ESM 1 Supplemental Content Table 2; same SD the authors used to report baseline ES -0.14). d = -0.15/13.13 = -0.01142. se_d = SE(b)/SD = 0.23/13.13 = 0.01752. J = 1 - 3/(4*df-1) = 0.99955 (df = 1685-2 = 1683). g = J*d = -0.01142; g_se = J*se_d = 0.01751; g_var = g_se^2 = 0.000307. P-value check: z = d/se_d = -0.652 -> two-tailed p~.51 vs reported p=.53.",-0.15,"Table 3 (HLM results for academic outcomes), p.1051; measure description p.1047-1048; analytic sample p.1048; ICC p.1049; SDs from ESM 1 Supplemental Content Table 2",subagent,high,"Non-significant near-zero achievement effect: b=-0.15, SE=0.23, p=.53 (Table 3). WJ-III Broad Reading -> Reading. Independently administered by trained RAs blind to condition (p.1048) -> standardized_independent. Academic analytic sample = 105 teachers / 1685 students; per-arm n split not reported (the flowchart's T=833/C=847 is the social/behavioral sample). Pretest-adjusted (WJ-III Reading pretest) and cluster-adjusted (3-level HLM). sd_t/sd_c are BASELINE standard-score SDs (ESM 1); posttest SD not reported but WJ-III SS is age-normed so baseline SD is the appropriate standardizer. ICC=0.06 = midpoint of the reported class-level unconditional ICC range 0.04-0.08 for academic outcomes (school-level range 0.03-0.07); informational only since cluster_adjusted=true."
reinke_2018-02,reinke_2018,96,reinke_2018,Reinke et al. 2018,STEM,K-3,-0.002,0.000689,0.0262,,,105,0.06,True,True,standardized_independent,Woodcock-Johnson III Normative Update Tests of Achievement (WJ III ACH) -- Broad Math cluster (standard scores),1,,"d = b/SD where b=-0.03 is the IY TCM 'Intervention' HLM coefficient on WJ-III Broad Math (Table 3, p.1051), from a 3-level HLM (students in teachers in schools) controlling for WJ-III Math pretest + demographics. SD = pooled baseline SD of WJ-III Math standard scores = sqrt((14.92^2+14.78^2)/2) = 14.85 (ESM 1 Supplemental Content Table 2; same SD the authors used to report baseline ES -0.08). d = -0.03/14.85 = -0.00202. se_d = SE(b)/SD = 0.39/14.85 = 0.02626. J = 0.99955 (df = 1685-2 = 1683). g = J*d = -0.00202; g_se = J*se_d = 0.02625; g_var = g_se^2 = 0.000689. P-value check: z = d/se_d = -0.077 -> two-tailed p~.94 vs reported p=.94 (exact).",-0.03,"Table 3 (HLM results for academic outcomes), p.1051; measure description p.1047-1048; analytic sample p.1048; ICC p.1049; SDs from ESM 1 Supplemental Content Table 2",subagent,high,"Non-significant near-zero achievement effect: b=-0.03, SE=0.39, p=.94 (Table 3). WJ-III Broad Math -> STEM. Independently administered by trained RAs blind to condition (p.1048) -> standardized_independent. Academic analytic sample = 105 teachers / 1685 students; per-arm n split not reported. Pretest-adjusted (WJ-III Math pretest) and cluster-adjusted (3-level HLM). sd_t/sd_c are BASELINE standard-score SDs (ESM 1); posttest SD not reported but WJ-III SS is age-normed so baseline SD is the appropriate standardizer. ICC=0.06 = midpoint of reported class-level unconditional ICC range 0.04-0.08 (school-level 0.03-0.07); informational only since cluster_adjusted=true."
resendez_azin_2009-01,resendez_azin_2009,97,resendez_azin_2009,Resendez & Azin 2009,STEM,"3,5",0.207,0.00569,0.0755,330,378,,,True,True,standardized_independent,"Metropolitan Achievement Test 8 (MAT8), Form V, Math Concepts and Problem-Solving subtest (Harcourt Assessment; norm-referenced)",1,,"d = (Mt - Mc)/s_pooled with WWC-reported Year-2 posttest means/SDs (Mt=684.57, SDt=60.34; Mc=673.14, SDc=50.51; WWC Appendix D, p.10): s_pooled = sqrt(((330-1)*60.34^2+(378-1)*50.51^2)/(330+378-2)) = 55.31, d = 11.43/55.31 = 0.2067; Hedges g = J*d with J = 1 - 3/(4*706-1) = 0.99894, g = 0.2064 ~ 0.207, matching the WWC-reported ES of 0.21 (the WWC value derives from the study's HLM impact, which accounts for student-within-teacher clustering). g_var/g_se from Var(d)=(nt+nc)/(nt*nc)+d^2/(2(nt+nc)), Var(g)=J^2*Var(d) using the n=708 retained-sample split (330/378); NOTE this analytic variance is NOT cluster-corrected (no ICC available). Exact per-measure split is approximate (WWC lists n=681 for this measure; final retained sample 708 = 330 T / 378 C).",0.21,"WWC report (ED538671) Appendix D, p.10 (Year-2 supplemental finding, Resendez & Azin 2009): MAT8 Concepts & Problem-Solving, grades 3&5, 6 schools/681 students, int M=684.57(60.34), comp M=673.14(50.51), mean diff 11.43, ES 0.21, improvement index +8, p=0.00.",subagent,medium,"PRIMARY end-of-treatment (Year-2, 2008-09) TPD-vs-control student math achievement contrast = the headline finding of the 2009 Final Summative Report. enVisionMATH students outscored control by ES=0.21 (improvement index +8, p<.001) on the MAT8 Concepts & Problem-Solving subtest after two cumulative years. This is the ONLY Year-2 measure the WWC validated without reservations (no clustering or multiple-comparison correction was needed per WWC's Y2 review); the study's other three Year-2 math measures failed WWC standards due to high attrition and baseline non-equivalence and are not reported with usable numbers in the open WWC document. WWC rated the overall program 'potentially positive effects, small extent of evidence' for math achievement based primarily on the Year-1 wave."
resendez_azin_2009-02,resendez_azin_2009,97,resendez_azin_2009,Resendez & Azin 2009,STEM,"2,4",0.224,0.0036,0.06,559,559,54,,True,True,standardized_independent,"GMADE (Group Mathematics Assessment and Diagnostic Evaluation), Concepts and Communication subtest (Pearson Assessment; norm-referenced) -- math vocabulary/language",1,,"d = (99.55-97.21)/s_pooled; s_pooled = sqrt(((559-1)*10.25^2+(559-1)*10.59^2)/(1118-2)) = 10.42, d = 2.34/10.42 = 0.2245; Hedges g = J*d, J=0.99933 (df=1116), g=0.2244 ~ matches WWC-reported ES 0.22 (Appendix C, p.9) and the authors' own HLM d=0.24 (First Year Report p.41). g_var/g_se from analytic-variance formula (NOT cluster-corrected). Treatment/control split ~50/50 approximated (WWC n=1118 for this measure; 29 treatment vs 30 control teachers).",0.22,"WWC report (ED538671) Appendix C, p.9 (Resendez & Azin 2008): GMADE Concepts & Communication, grades 2&4, 8 schools/1118 students, int M=99.55(10.25), comp M=97.21(10.59), mean diff 2.34, ES 0.22, improvement index +9, p=0.01. Corroborated by First Year Report p.41 (author HLM d=0.24, t=2.34, p=0.01).",subagent,medium,"Earlier-wave (Year 1) TPD-vs-control contrast from the same 2-year study, on math vocabulary/language. Statistically significant positive effect. Recorded for traceability; the Year-2 MAT8 C&PS contrast (g #1) is the end-of-treatment primary per spec."
resendez_azin_2009-03,resendez_azin_2009,97,resendez_azin_2009,Resendez & Azin 2009,STEM,"2,4",0.162,0.0035,0.0589,578,578,54,,True,True,standardized_independent,"Metropolitan Achievement Test 8 (MAT8), Form V, Math Computation subtest (Harcourt Assessment; norm-referenced)",1,,"d = (645.83-636.04)/s_pooled; s_pooled = sqrt(((578-1)*60.54^2+(578-1)*60.65^2)/(1156-2)) = 60.60, d = 9.79/60.60 = 0.1616; Hedges g = J*d, J=0.99935 (df=1154), g=0.1615 ~ matches WWC-reported ES 0.16 (Appendix C, p.9) and authors' HLM d=0.21 (First Year Report p.41). g_var/g_se from analytic-variance formula (NOT cluster-corrected). Split ~50/50 approximated.",0.16,"WWC report (ED538671) Appendix C, p.9 (Resendez & Azin 2008): MAT8 Math Computation, grades 2&4, 8 schools/1156 students, int M=645.83(60.54), comp M=636.04(60.65), mean diff 9.79, ES 0.16, improvement index +6, p=0.02. Corroborated by First Year Report p.41 (author HLM d=0.21).",subagent,medium,Earlier-wave (Year 1) TPD-vs-control contrast on math computation. Statistically significant positive effect (WWC ES 0.16; authors' HLM d=0.21). Recorded for traceability.
resendez_azin_2009-04,resendez_azin_2009,97,resendez_azin_2009,Resendez & Azin 2009,STEM,"2,4",0.036,0.0035,0.0588,577,577,54,,True,True,standardized_independent,"Metropolitan Achievement Test 8 (MAT8), Form V, Math Concepts and Problem-Solving subtest (Harcourt Assessment; norm-referenced)",1,,"d = (636.84-634.98)/s_pooled; s_pooled = sqrt(((577-1)*51.06^2+(577-1)*52.24^2)/(1154-2)) = 51.65, d = 1.86/51.65 = 0.0360; Hedges g = J*d, J=0.99935, g=0.0360 ~ matches WWC-reported ES 0.04 (Appendix C, p.9). NOT statistically significant (p=0.52). g_var/g_se from analytic-variance formula (NOT cluster-corrected). Split ~50/50 approximated.",0.04,"WWC report (ED538671) Appendix C, p.9 (Resendez & Azin 2008): MAT8 Concepts & Problem-Solving, grades 2&4, 8 schools/1154 students, int M=636.84(51.06), comp M=634.98(52.24), mean diff 1.86, ES 0.04, improvement index +1, p=0.52.",subagent,medium,"Earlier-wave (Year 1) TPD-vs-control contrast on the SAME MAT8 Concepts & Problem-Solving subtest as the Year-2 primary, but in grades 2&4. Near-zero, NON-significant in Year 1 (ES 0.04, p=0.52); the effect on this subtest grew to ES 0.21 by Year 2 (g #1). Recorded for traceability."
resendez_azin_2009-05,resendez_azin_2009,97,resendez_azin_2009,Resendez & Azin 2009,STEM,"2,4",0.179,0.0035,0.059,575,576,54,,True,True,unclear,"Open-Ended Assessment of Problem Solving and Reasoning Skills (Balanced Assessment in Mathematics / BAM, CTB, standard 4th-grade form; author-adapted Elementary Grades Assessment + NCTM Sampler for 2nd grade)",0,researcher_made,"d = (75.20-72.05)/s_pooled; s_pooled = sqrt(((575-1)*17.57^2+(576-1)*17.65^2)/(1151-2)) = 17.61, d = 3.15/17.61 = 0.1789; Hedges g = J*d, J=0.99935, g=0.1788 ~ matches WWC-reported ES 0.18 (Appendix C, p.9) and authors' HLM d=0.20 (First Year Report p.41). g_var/g_se from analytic-variance formula (NOT cluster-corrected). Split ~50/50 approximated.",0.18,"WWC report (ED538671) Appendix C, p.9 (Resendez & Azin 2008): Open-Ended Assessment of Problem Solving and Reasoning Skills, grades 2&4, 8 schools/1151 students, int M=75.20(17.57), comp M=72.05(17.65), mean diff 3.15, ES 0.18, improvement index +7, p=0.01. Corroborated by First Year Report p.41 (author HLM d=0.20).",subagent,medium,Earlier-wave (Year 1) TPD-vs-control contrast on open-ended problem-solving/communication. Statistically significant positive effect (WWC ES 0.18; authors' HLM d=0.20). test_type='unclear' because the 4th-grade version is the published CTB Balanced Assessment in Mathematics but the 2nd-grade version was researcher-adapted by PRES from the Elementary Grades Assessment and NCTM Mathematics Assessment Sampler. Recorded for traceability.
resendez_azin_2012-01,resendez_azin_2012,98,resendez_azin_2012,Resendez & Azin 2012,Reading,K-2,0.1985,0.002476,0.0498,499,479,44,,True,True,standardized_independent,ITBS (Iowa Tests of Basic Skills) Form C - Reading Comprehension subtest scale score,1,,"Model-based: g = J * (gamma / s_pooled). gamma = HLM 'Slope Year 1' program-effect coefficient = 3.87 (Table A15, p.98), SE = 0.97. s_pooled = sqrt[((n_t-1)*sd_t^2+(n_c-1)*sd_c^2)/(n_t+n_c-2)] from Table A14 posttest SDs/Ns = sqrt[((498*20.15^2)+(478*18.75^2))/976] = 19.477. d = 3.87/19.477 = 0.1987. df = n_t+n_c-2 = 976, J = 1-3/(4*976-1) = 0.99923, g = 0.1985. g_se = J*(SE/s_pooled) = 0.99923*(0.97/19.477) = 0.0498; g_var = 0.002476. Matches report's reported ES = 0.20 (report's 'Hedges's g' formula, Appendix B p.103, omits J).",3.87,Table A15 p.98 (coefficient/SE/ES); Table A14 p.96 (posttest M/SD/N); Figure 54 p.47,subagent,high,Statistically significant (p=.001) favoring Journeys. Lead reading outcome (also used to define student ability subgroups). 3-level HLM (time/student/teacher) with Group covariate; teacher level matches randomization unit so SE is cluster-adjusted. K-2 combined.
resendez_azin_2012-02,resendez_azin_2012,98,resendez_azin_2012,Resendez & Azin 2012,Reading,K-2,0.1501,0.002345,0.0484,499,482,44,,True,True,standardized_independent,ITBS (Iowa Tests of Basic Skills) Form C - Vocabulary subtest scale score,1,,"Model-based: g = J*(gamma/s_pooled). gamma = 3.10 (Table A15, p.98), SE = 1.00. s_pooled from Table A14 posttest = sqrt[((498*21.15^2)+(481*20.09^2))/979] = 20.636. d = 3.10/20.636 = 0.1502. df = 979, J = 0.99923, g = 0.1501. g_se = 0.99923*(1.00/20.636) = 0.0484; g_var = 0.002345. Matches report ES = 0.15.",3.1,Table A15 p.98; Table A14 p.96; Figure 55 p.47,subagent,high,Statistically significant (p=.002) favoring Journeys. K-2 combined vocabulary subtest.
resendez_azin_2012-03,resendez_azin_2012,98,resendez_azin_2012,Resendez & Azin 2012,Reading,K-2,0.0742,0.002234,0.0473,494,482,44,,True,True,standardized_independent,ITBS (Iowa Tests of Basic Skills) Form C - Word Analysis (phonics/decoding) subtest scale score,1,,"Model-based: g = J*(gamma/s_pooled). gamma = 1.90 (Table A15, p.98), SE = 1.21. s_pooled from Table A14 posttest = sqrt[((493*25.70^2)+(481*25.46^2))/974] = 25.582. d = 1.90/25.582 = 0.0743. df = 974, J = 0.99923, g = 0.0742. g_se = 0.99923*(1.21/25.582) = 0.0473; g_var = 0.002234.",1.9,Table A15 p.98; Table A14 p.96; Figure 58 p.48,subagent,high,"NON-significant (slope p=.12); report left ES blank in Table A15, value computed here. Treatment group had significantly higher Word Analysis pretest (p=.005), so the program-effect model controlled for baseline; a 2-level pretest-controlled model gave consistent (still NS) results (report footnote 20, p.97). K-2 combined."
resendez_azin_2012-04,resendez_azin_2012,98,resendez_azin_2012,Resendez & Azin 2012,Reading,K,0.3911,0.011213,0.1059,157,183,44,,True,True,standardized_independent,ITBS (Iowa Tests of Basic Skills) Form C - Reading Words (word recognition) subtest scale score (Kindergarten only),1,,"Model-based: g = J*(gamma/s_pooled). gamma = 5.06 (Table A15, p.98), SE = 1.37. s_pooled from Table A14 posttest = sqrt[((156*14.19^2)+(182*11.70^2))/338] = 12.909. d = 5.06/12.909 = 0.3920. df = 338, J = 0.99778, g = 0.3911. g_se = 0.99778*(1.37/12.909) = 0.1059; g_var = 0.011213. Matches report ES = 0.39.",5.06,Table A15 p.98; Table A14 p.96; Figure 57 p.48,subagent,high,"Statistically significant (p<.001) favoring Journeys; largest effect and the only one exceeding the report's .25 educational-significance threshold. Administered to Kindergarten students only (grade band K), so full sample for this grade-restricted measure (is_full_sample=true: this is a whole-grade-K outcome, not a non-random subset)."
resendez_azin_2012-05,resendez_azin_2012,98,resendez_azin_2012,Resendez & Azin 2012,Other,1-2,0.1505,0.003944,0.0628,315,301,44,,True,True,standardized_independent,ITBS (Iowa Tests of Basic Skills) Form C - Spelling subtest scale score (grades 1-2),1,,"Model-based: g = J*(gamma/s_pooled). gamma = 2.54 (Table A15, p.98), SE = 1.06. s_pooled from Table A14 posttest = sqrt[((314*16.74^2)+(300*16.98^2))/614] = 16.858. d = 2.54/16.858 = 0.1507. df = 614, J = 0.99878, g = 0.1505. g_se = 0.99878*(1.06/16.858) = 0.0628; g_var = 0.003944. Matches report ES = 0.15.",2.54,Table A15 p.98; Table A14 p.96; Figure 56 p.48,subagent,high,"Statistically significant (p=.02) favoring Journeys. Spelling administered to grades 1-2 only. Mapped to 'Other' per spec (writing/language/other), not Reading. Some evidence of differential dropout attrition on spelling among control students (Table A4), considered minor by the report."
resendez_azin_2012-06,resendez_azin_2012,98,resendez_azin_2012,Resendez & Azin 2012,Other,1-2,0.02,0.003045,0.0552,335,301,44,,True,True,standardized_independent,ITBS (Iowa Tests of Basic Skills) Form C - Language (writing conventions/grammar) subtest scale score (grades 1-2),1,,"Model-based: g = J*(gamma/s_pooled). gamma = 0.41 (Table A15, p.98), SE = 1.13. s_pooled from Table A14 posttest = sqrt[((334*21.25^2)+(300*19.53^2))/634] = 20.454. d = 0.41/20.454 = 0.0200. df = 634, J = 0.99882, g = 0.0200. g_se = 0.99882*(1.13/20.454) = 0.0552; g_var = 0.003045.",0.41,Table A15 p.98; Table A14 p.96; Figure 59 p.48,subagent,high,"NON-significant (slope p=.72); report left ES blank in Table A15, value computed here. Language subtest (capitalization, punctuation, usage/written-English conventions) administered to grades 1-2 only. Mapped to 'Other' per spec (writing/language)."
robinson_smith_2018-01,robinson_smith_2018,99,robinson_smith_2018,Robinson-Smith et al. 2018,Reading,"Pre-K (nursery, ages 3-4, pre-Reception)",0.04,0.005102,0.07143,562,566,101,0.18,True,True,standardized_independent,CELF Preschool 2 UK - Core Language Standard Score,1,,"Hedges g reported directly by the report (Table 12, p.36): g=0.04 (95% CI -0.10, 0.18) from a 2-level multilevel mixed-effect linear regression (pupils within nurseries), with baseline Core Language Standard Score and the nursery minimisation factor as fixed effects and nursery as a random effect (-> pretest- and cluster-adjusted). Standardised by the total pooled SD = sqrt(pooled variance 63.8) = 7.99 (Table 14). Cross-check: pretest-adjusted difference in means 0.30 / 7.99 = 0.0376 ~ 0.04. g_se derived from the reported 95% CI: SE = (0.18 - (-0.10)) / (2*1.95996) = 0.07143; g_var = SE^2 = 0.005102.",0.3,Table 1 (p.6); Table 12 (p.36); Table 14 (p.39),subagent,high,"Headline/primary confirmatory outcome. No additional months' progress (0 months), p=0.60, not significant. Raw group means (Table 12): intervention 27.3 (95% CI 26.7-28.0), control 26.3 (95% CI 25.6-27.0) on the CELF scaled Core Language Standard Score; SDs not printed for post-test (pooled variance 63.8 from Table 14). n_t/n_c are the n-in-model from Table 12 (1128 total: 562 intervention; 566 control). n_clusters=101 nurseries in the analysis (102 randomised; 51 intervention, 50 control retained). ICC=0.18 (95% CI 0.14-0.24). CELF Preschool 2 UK is an independent, norm-referenced, standardised language assessment administered by trained assessors -> standardized_independent."
robinson_smith_2018-02,robinson_smith_2018,99,robinson_smith_2018,Robinson-Smith et al. 2018,Reading,"Pre-K (nursery, ages 3-4, pre-Reception)",0.0,0.006254,0.07908,560,564,101,0.12,True,True,standardized_independent,CELF Preschool 2 UK - Sentence Structure subscale (scaled score),0,redundant_subscale,"Hedges g reported directly (Table 12, p.36): g=0.00 (95% CI -0.15, 0.16), p=0.96, from the same pretest- and cluster-adjusted multilevel model; standardised by the subscale pooled SD = sqrt(9.1) = 3.02 (Table 14). impact_estimate=0.01 is the pretest-adjusted difference in means (Table 14). g_se derived from the reported 95% CI: SE = (0.16 - (-0.15)) / (2*1.95996) = 0.07908; g_var = 0.006254.",0.01,Table 12 (p.36); Table 14 (p.39),subagent,high,"Secondary outcome; a component (subscale) of the Core Language Standard Score composite. Raw group means (Table 12): intervention 8.9, control 8.8 (scaled). ICC=0.12 (95% CI 0.08-0.18). n-in-model from Table 12 (1124 total: 560; 564)."
robinson_smith_2018-03,robinson_smith_2018,99,robinson_smith_2018,Robinson-Smith et al. 2018,Reading,"Pre-K (nursery, ages 3-4, pre-Reception)",0.06,0.008434,0.09184,557,563,101,0.22,True,True,standardized_independent,CELF Preschool 2 UK - Word Structure subscale (scaled score),0,redundant_subscale,"Hedges g reported directly (Table 12, p.36): g=0.06 (95% CI -0.12, 0.24), p=0.52, from the same pretest- and cluster-adjusted multilevel model; standardised by the subscale pooled SD = sqrt(10.9) = 3.30 (Table 14). impact_estimate=0.19 is the pretest-adjusted difference in means (Table 14). g_se derived from the reported 95% CI: SE = (0.24 - (-0.12)) / (2*1.95996) = 0.09184; g_var = 0.008434.",0.19,Table 12 (p.36); Table 14 (p.39),subagent,high,"Secondary outcome; a component (subscale) of the Core Language Standard Score composite. Raw group means (Table 12): intervention 9.2, control 8.7 (scaled). ICC=0.22 (95% CI 0.16-0.29). n-in-model from Table 12 (1120 total: 557; 563)."
robinson_smith_2018-04,robinson_smith_2018,99,robinson_smith_2018,Robinson-Smith et al. 2018,Reading,"Pre-K (nursery, ages 3-4, pre-Reception)",0.01,0.003443,0.05867,554,558,101,0.08,True,True,standardized_independent,CELF Preschool 2 UK - Expressive Vocabulary subscale (scaled score),0,redundant_subscale,"Hedges g reported directly (Table 12, p.36): g=0.01 (95% CI -0.11, 0.12), p=0.92, from the same pretest- and cluster-adjusted multilevel model; standardised by the subscale pooled SD = sqrt(8.7) = 2.95 (Table 14). impact_estimate=0.02 is the pretest-adjusted difference in means (Table 14). g_se derived from the reported 95% CI: SE = (0.12 - (-0.11)) / (2*1.95996) = 0.05867; g_var = 0.003443.",0.02,Table 12 (p.36); Table 14 (p.39),subagent,high,"Secondary outcome; a component (subscale) of the Core Language Standard Score composite. Raw group means (Table 12): intervention 9.2, control 8.9 (scaled). ICC=0.08 (95% CI 0.04-0.14). n-in-model from Table 12 (1112 total: 554; 558)."
robinson_smith_2018-05,robinson_smith_2018,99,robinson_smith_2018,Robinson-Smith et al. 2018,Reading,"Pre-K (nursery, ages 3-4, pre-Reception)",0.05,0.008434,0.09184,518,499,101,0.21,True,True,standardized_independent,CELF Preschool 2 UK - Concepts and Following Directions subscale (scaled score),0,redundant_subscale,"Hedges g reported directly (Table 12, p.36): g=0.05 (95% CI -0.13, 0.23), p=0.58, from the same pretest- and cluster-adjusted multilevel model; standardised by the subscale pooled SD = sqrt(9.6) = 3.10 (Table 14). impact_estimate=0.16 is the pretest-adjusted difference in means (Table 14). g_se derived from the reported 95% CI: SE = (0.23 - (-0.13)) / (2*1.95996) = 0.09184; g_var = 0.008434.",0.16,Table 12 (p.36); Table 14 (p.39),subagent,high,"Secondary outcome; a component (subscale) of the Core Language Standard Score composite. Raw group means (Table 12): intervention 8.0, control 7.5 (scaled). ICC=0.21 (95% CI 0.16-0.27). n-in-model from Table 12 (1017 total: 518; 499)."
rose_2017-01,rose_2017,100,rose_2017,Rose 2017,Reading,3-6,0.02,0.002872,0.0536,2402,2564,116,0.11,True,True,standardized_independent,"KS2 Reading (National Curriculum test, 2015/16, via National Pupil Database; standardized score)",1,,"EEF cluster-randomised standardized effect size = (final-model treatment coefficient) / sqrt(total variance after controls), from a 3-level multilevel model (school + pupil random part) in Stata, controlling for standardized KS1 reading/writing/maths/science, everFSM, school FSM%, school average KS2, school size and randomisation variables. g = reported ES from Table 6 = 0.02. Appendix H Table H.1 (model 3): treatment b=0.02 (SE 0.05); random part school variance 0.06, student variance 0.47 (total 0.53), N=4966, 116 groups. g_se/g_var derived from reported 95% CI (-0.09, 0.12): SE = 0.21/(2*1.96) = 0.0536, g_var = 0.002872. df in thousands so J~1, g~d.",0.02,p.5 Table 1 (exec summary); p.25 Table 6 (primary outcome analysis); p.77-78 Appendix H Table H.1 (model coefficients),subagent,high,"Headline / primary confirmatory outcome; EEF security rating 5/5 padlocks (very high). p=0.74; equivalent to 0 months' additional progress; no evidence of impact. Raw standardized means: intervention +0.02, control -0.02. n in model 4,966 (intervention 2,402; control 2,564) across 116 schools. KS2 reading obtained from the National Pupil Database (externally set/marked National Curriculum tests) -> standardized_independent."
rose_2017-02,rose_2017,100,rose_2017,Rose 2017,STEM,3-6,0.06,0.003747,0.0612,2412,2588,116,0.11,True,True,standardized_independent,"KS2 Numeracy / Maths (National Curriculum test, 2015/16, via National Pupil Database; standardized score)",1,,"EEF cluster-randomised standardized effect size = (final-model treatment coefficient) / sqrt(total variance after controls), 3-level multilevel model (school + pupil), same covariate set as reading. g = reported ES from Table 7 = 0.06. Appendix H Table H.2 (model 3): treatment b=0.04 (SE 0.06); random part school variance 0.10, student variance 0.42 (total 0.52), N=5000, 116 groups (the 2dp-rounded b=0.04 does not exactly reproduce the unrounded reported ES 0.06; Table 7 ES used). g_se/g_var derived from reported 95% CI (-0.08, 0.16): SE = 0.24/(2*1.96) = 0.0612, g_var = 0.003747.",0.06,p.4 (additional findings); p.26 Table 7 (secondary outcome analysis); p.78-79 Appendix H Table H.2 (model coefficients),subagent,high,"Secondary outcome. p=0.54; not statistically significant. Raw standardized means: intervention +0.01, control -0.01. n in model 5,000 (intervention 2,412; control 2,588) across 116 schools. KS2 maths/numeracy from the National Pupil Database (National Curriculum tests) -> standardized_independent. Maps to STEM (maths)."
rose_2017-03,rose_2017,100,rose_2017,Rose 2017,Other,3-6,0.1,0.004398,0.0663,2412,2585,116,0.11,True,True,standardized_independent,"KS2 Grammar, Punctuation and Spelling (GPS) (National Curriculum test, 2015/16, via National Pupil Database; standardized score)",1,,"EEF cluster-randomised standardized effect size = (final-model treatment coefficient) / sqrt(total variance after controls), 3-level multilevel model (school + pupil), same covariate set as reading. g = reported ES from Table 7 = 0.10. Appendix H Table H.3 (model 3): treatment b=0.07 (SE 0.06); random part school variance 0.11, student variance 0.35 (total 0.46), N=4997, 116 groups (2dp-rounded b=0.07 does not exactly reproduce the unrounded reported ES 0.10; Table 7 ES used). g_se/g_var derived from reported 95% CI (-0.06, 0.20): SE = 0.26/(2*1.96) = 0.0663, g_var = 0.004398.",0.1,p.4 (additional findings); p.26 Table 7 (secondary outcome analysis); p.80-81 Appendix H Table H.3 (model coefficients),subagent,high,"Secondary outcome (added by evaluators beyond the SAP as relevant literacy evidence). p=0.27; not statistically significant. Raw standardized means: intervention +0.03, control -0.03. n in model 4,997 (intervention 2,412; control 2,585) across 116 schools. KS2 GPS from the National Pupil Database (National Curriculum tests) -> standardized_independent. Grammar/punctuation/spelling maps to Other (language, not reading comprehension or maths)."
rose_2017-04,rose_2017,100,rose_2017,Rose 2017,Reading,3-6,0.04,0.002107,0.0459,822,902,116,0.11,True,True,standardized_independent,KS2 Reading (National Pupil Database; standardized score) - FSM-eligible pupils subgroup,0,subgroup,"EEF cluster-randomised standardized effect size for the FSM-eligible pupil subgroup, same multilevel model approach. g = reported ES from Table 6 = 0.04. g_se/g_var derived from reported 95% CI (-0.06, 0.12): SE = 0.18/(2*1.96) = 0.0459, g_var = 0.002107.",0.04,"p.25 Table 6 (KS2 reading, FSM pupils row)",subagent,high,"Non-randomised FSM-eligible pupil subgroup (not the full sample). p=0.52; not significant. n in model 1,724 (intervention 822; control 902). Recorded for completeness; should NOT be merged as a full-sample contrast."
rose_2017-05,rose_2017,100,rose_2017,Rose 2017,STEM,3-6,-0.03,0.00188,0.0434,830,915,116,0.11,True,True,standardized_independent,KS2 Numeracy / Maths (National Pupil Database; standardized score) - FSM-eligible pupils subgroup,0,subgroup,"EEF cluster-randomised standardized effect size for the FSM-eligible pupil subgroup, same multilevel model approach. g = reported ES from Table 7 = -0.03. g_se/g_var derived from reported 95% CI (-0.10, 0.07): SE = 0.17/(2*1.96) = 0.0434, g_var = 0.001880.",-0.03,"p.26 Table 7 (KS2 numeracy, FSM pupils row)",subagent,high,"Non-randomised FSM-eligible pupil subgroup (not the full sample). p=0.68; not significant. n in model 1,745 (intervention 830; control 915). Recorded for completeness; should NOT be merged as a full-sample contrast."
rose_2017-06,rose_2017,100,rose_2017,Rose 2017,Other,3-6,0.09,0.001666,0.0408,829,913,116,0.11,True,True,standardized_independent,"KS2 Grammar, Punctuation and Spelling (National Pupil Database; standardized score) - FSM-eligible pupils subgroup",0,subgroup,"EEF cluster-randomised standardized effect size for the FSM-eligible pupil subgroup, same multilevel model approach. g = reported ES from Table 7 = 0.09. g_se/g_var derived from reported 95% CI (-0.02, 0.14): SE = 0.16/(2*1.96) = 0.0408, g_var = 0.001666.",0.09,"p.26 Table 7 (KS2 GPS, FSM pupils row)",subagent,high,"Non-randomised FSM-eligible pupil subgroup (not the full sample). p=0.14; not significant. n in model 1,742 (intervention 829; control 913). Recorded for completeness; should NOT be merged as a full-sample contrast."
rudd_2017-01,rudd_2017,101,rudd_2017,Rudd et al. 2017,STEM,3-6,0.09,0.03564,0.1888,542,587,24,0.16,True,True,standardized_independent,KS2 mathematics fine-grade score (National Pupil Database / KS2 SATs),1,,"Reported directly as Hedges' g (Table 4). Computed by evaluator per Hedges (2007) for cluster-RCT: adjusted (pair-accounting, KS1-maths-covariate) mean difference between arms / unadjusted total SD of KS2 maths outcome. Taken as g. SE derived from reported 95% CI (-0.28, 0.46): SE = (0.46-(-0.28))/(2*1.96) = 0.1888; g_var = SE^2.",0.09,p.18 Table 4 (KS2 Maths fine grade); also p.4 exec-summary Summary of impact on main outcomes,subagent,high,"PRIMARY headline/confirmatory outcome. Maths -> STEM per spec. p = 0.62 (not significant). Raw means 29.10 (int) vs 28.68 (ctrl); per-arm posttest SDs not printed (only 95% CIs of the means), so sd_t/sd_c left null. EEF '1 additional month's progress', moderate security (3 padlocks; 2 lost because trial powered to MDES 0.37 > EEF 0.2 max)."
rudd_2017-02,rudd_2017,101,rudd_2017,Rudd et al. 2017,Reading,3-6,0.22,0.03189,0.1786,546,587,24,0.16,True,True,standardized_independent,KS2 reading fine-grade score (National Pupil Database / KS2 SATs),1,,"Reported directly as Hedges' g (Table 4). Adjusted mean difference (controlling for KS1 ReadWrite covariate, accounting for pairing) / unadjusted total SD of KS2 reading outcome (Hedges 2007 cluster method). SE derived from reported 95% CI (-0.13, 0.57): SE = (0.57-(-0.13))/(2*1.96) = 0.1786; g_var = SE^2.",0.22,p.18 Table 4 (KS2 Reading fine grade),subagent,high,SECONDARY spill-over outcome. Reading -> Reading per spec. p = 0.21 (not significant). Covariate = KS1 ReadWrite score. Report cautions the larger literacy effects are likely chance (no plausible mechanism for a maths intervention; only 24 schools). n=546/587 contributing to model.
rudd_2017-03,rudd_2017,101,rudd_2017,Rudd et al. 2017,Other,3-6,0.24,0.03189,0.1786,546,587,24,0.16,True,True,standardized_independent,KS2 writing fine-grade score (National Pupil Database / KS2 SATs),1,,"Reported directly as Hedges' g (Table 4). Adjusted mean difference (KS1 ReadWrite covariate, pair-accounting) / unadjusted total SD of KS2 writing outcome (Hedges 2007 cluster method). SE derived from reported 95% CI (-0.11, 0.59): SE = (0.59-(-0.11))/(2*1.96) = 0.1786; g_var = SE^2.",0.24,p.18 Table 4 (KS2 Writing fine grade),subagent,high,SECONDARY spill-over outcome. Writing -> Other per spec. p = 0.17 (not significant). Covariate = KS1 ReadWrite score. Same chance-finding caveat as reading. n=546/587 contributing to model.
rudd_2017-04,rudd_2017,101,rudd_2017,Rudd et al. 2017,Other,3-6,0.21,0.04376,0.2092,545,587,24,0.16,True,True,standardized_independent,KS2 Average Point Score (aggregate across KS2 subjects; National Pupil Database),1,,"Reported directly as Hedges' g (Table 4). Adjusted mean difference (pair-accounting, KS1 covariate) / unadjusted total SD of KS2 Average Point Score (Hedges 2007 cluster method). SE derived from reported 95% CI (-0.20, 0.62): SE = (0.62-(-0.20))/(2*1.96) = 0.2092; g_var = SE^2.",0.21,p.18 Table 4 (KS2 Average Point Score),subagent,high,"SECONDARY outcome that is a COMPOSITE aggregate across KS2 subjects (subsumes the maths/reading/writing components extracted separately) -> outcome_role=composite, mapped to Other. p = 0.30 (not significant). Likely double-counts the other rows for this study; flag for central de-duplication. n=545/587 in model."
rutherford_2014-01,rutherford_2014,102,rutherford_2014,Rutherford et al. 2014,STEM,3-6,0.07,0.001658,0.04072,,,52,0.04,True,True,standardized_independent,California Standards Test (CST) mathematics scale score,1,,"Model-based standardized mean difference. d = impact coefficient b / standardizing SD: b = 5.12 CST points (Table 3, column 3 'Pooled'), standardizing SD = full-sample pretest SD = 72.93 (text p.16/372). d = 5.12/72.93 = 0.0702, reproducing the paper's reported d = 0.07 exactly. Hedges' g = J*d with J = 1 - 3/(4*df-1), df = N-2 = 13801, J = 0.99995, so g = 0.070. g_se = J * (impact_se / standardizing SD) = 0.99995 * (2.97/72.93) = 0.04072 (the impact SE is Huber-White clustered on 52 schools, so already cluster-adjusted); g_var = g_se^2 = 0.001658.",5.12,"Table 3 col 3 'Pooled' (p.373): B=5.12, SE=2.97, d=0.07, N=13,803; standardizing SD 72.93 and effect-size text p.372 ('overall...main effect...5.12 points...marginally significant (p=.089)...effect size of .07'); abstract p.358; discussion p.376.",subagent,high,"PRIMARY CONFIRMATORY student-achievement contrast (RQ1): pooled 1-year main effect of ST Math on CST math. B=+5.12 points favoring treatment, SE=2.97, p=.089 (marginally significant), d=0.07 ('negligible' per Cohen 1988). Model adjusts for math + ELA pretest, grade, year, cohort, ELL, male, retained-flag, FRL, and ethnicity; SEs clustered on 52 schools (Huber-White). EXPLORATORY / SECONDARY (not extracted as separate rows, summarized here): by-grade 1-year effects (Table 3 cols 4-6): 3rd grade d=0.05 (B=3.44,SE=4.03,N=4619), 4th grade d=0.09 (B=6.63,SE=4.26,N=4483), 5th grade d=0.07 (B=5.02,SE=5.38,N=4551); by-cohort: Cohort1 d=0.06 (B=4.17,SE=3.47), Cohort2 d=0.10 (B=7.62,SE=5.47); none individually significant (effect sizes 0.05-0.10). Subgroup interactions (Table 4, NOT full sample): Far Below Basic d=0.04, Below Basic d=0.06, Basic d=0.05, Proficient d=0.07, Advanced d=0.07, Non-ELL d=0.08, ELL d=0.06 -- no significant moderation by prior proficiency or ELL status. 2-YEAR effect (Table 5, exploratory Cohort-1 3rd-graders only, n=2677): cumulative 2-year d=0.16 (11.48 points), p=0.12, n.s.; the authors call this 'no more than exploratory.' ELA CST (off-target): 1-year d=-0.02 (n.s., negative), reflecting possible instructional-time displacement; not a math/STEM achievement contrast. Teacher fidelity observations are not student outcomes and were not extracted."
savage_2013-01,savage_2013,103,savage_2013,Savage et al. 2013,Reading,K-2,0.2138,0.01052,0.1026,549,518,74,,True,True,standardized_independent,Letter-Sound Knowledge (Savage et al. 2009 protocol),1,,"HLM classroom-level Intervention coefficient b=0.961 (SE 0.461, Table 2) / pooled posttest SD=4.492 (Table 1); g=J*b/s, g_se=J*(SE_b/s), J=0.9993",0.961,"p.318 Table 1; p.319 Table 2 (Section A, n=74)",subagent,medium,Whole-sample (K + Grade 1/2). Significant ABRA advantage (p<.05). Standardized/independent letter-sound measure.
savage_2013-02,savage_2013,103,savage_2013,Savage et al. 2013,Reading,K-2,0.1085,0.01174,0.1084,549,518,74,,True,True,researcher_made,Fry Words (word reading; adapted from Fry's Instant Word List),0,researcher_made,"HLM classroom-level Intervention coefficient b=0.691 (SE 0.690, Table 2) / pooled posttest SD=6.363 (Table 1); g=J*b/s, g_se=J*(SE_b/s), J=0.9993",0.691,"p.318 Table 1; p.319 Table 2 (Section A, n=74)",subagent,medium,Whole-sample. Non-significant (HLM SE 0.690). Researcher-adapted word-reading test. Raw posttest means slightly favor control (11.43 vs 11.53) but HLM impact is positive after pretest adjustment.
savage_2013-03,savage_2013,103,savage_2013,Savage et al. 2013,Reading,K-2,0.3103,0.00845,0.0919,549,518,74,,True,True,standardized_independent,CTOPP Phonological (Blending Words) Awareness,1,,"HLM classroom-level Intervention coefficient b=1.080 (SE 0.320, Table 2) / pooled posttest SD=3.479 (Table 1); g=J*b/s, g_se=J*(SE_b/s), J=0.9993",1.08,"p.318 Table 1; p.319 Table 2 (Section A, n=74)",subagent,medium,Whole-sample. Strongest and most significant ABRA advantage (p<.01); headline result in abstract. CTOPP is standardized/independent.
savage_2013-04,savage_2013,103,savage_2013,Savage et al. 2013,Reading,Grade 1/2,0.2266,0.01569,0.1253,549,518,74,,True,True,standardized_independent,DIBELS Phonemic Segmentation Fluency,1,,"HLM classroom-level Intervention coefficient b=2.578 (SE 1.425, Table 2) / pooled posttest SD=11.369 (Table 1); g=J*b/s, g_se=J*(SE_b/s), J=0.9993",2.578,"p.318 Table 1; p.319 Table 2 (Section A, n=74)",subagent,medium,"Administered at posttest to Grade 1/2 only (no kindergarten posttest), but analysed in Section A (n=74 paired classes) per Table 2; pretest covariate derived from CTOPP/Blending Words mean (Table 1 note b). Marginally significant (p<.1). DIBELS is standardized/independent. n_t/n_c reflect full-sample counts; Grade1/2-only student n not separately reported for this Section A analysis."
savage_2013-05,savage_2013,103,savage_2013,Savage et al. 2013,Reading,K-2,0.0816,0.02362,0.1537,549,518,66,,True,True,standardized_independent,GRADE Listening Comprehension subtest,1,,"HLM classroom-level Intervention coefficient b=0.085 (SE 0.160, Table 2) / pooled posttest SD=1.040 (Table 1); g=J*b/s, g_se=J*(SE_b/s), J=0.9993",0.085,"p.318 Table 1; p.319 Table 2 (Section A, Listening Comp n=66)",subagent,medium,Whole-sample but only 66 of 74 paired classrooms (8 kindergarten classes missing subtest by error). Non-significant. GRADE is standardized/nationally normed. Student-level n_t/n_c (549/518) are full-sample approximations; exact n for the 66-class subset not reported.
savage_2013-06,savage_2013,103,savage_2013,Savage et al. 2013,Reading,Grade 1/2,-0.1264,0.01313,0.1146,395,356,50,,True,True,standardized_independent,DIBELS Oral Reading Fluency,1,,"HLM classroom-level Intervention coefficient b=-2.517 (SE 2.282, Table 2 Section B) / pooled posttest SD=19.899 (Table 1); g=J*b/s, g_se=J*(SE_b/s), J=0.9990",-2.517,"p.318 Table 1; p.319 Table 2 (Section B, n=50)",subagent,medium,Grade 1/2 only (50 paired classes). Non-significant. Raw posttest favors control (30.72 vs 38.32) due to baseline imbalance; HLM impact near zero/negative and NS after Fry-Words pretest adjustment. n_t/n_c are Grade 1+2 student counts (352+43 ABRA; 264+92 control).
savage_2013-07,savage_2013,103,savage_2013,Savage et al. 2013,Reading,Grade 1/2,-0.0194,0.0161,0.1269,395,356,50,,True,True,standardized_independent,DIBELS Reading Retell Fluency,1,,"HLM classroom-level Intervention coefficient b=-0.148 (SE 0.969, Table 2 Section B) / pooled posttest SD=7.630 (Table 1); g=J*b/s, g_se=J*(SE_b/s), J=0.9990",-0.148,"p.318 Table 1; p.319 Table 2 (Section B, n=50)",subagent,medium,"Grade 1/2 only. Non-significant, essentially null after pretest adjustment. DIBELS standardized/independent."
savage_2013-08,savage_2013,103,savage_2013,Savage et al. 2013,Reading,Grade 1/2,-0.2628,0.00538,0.0733,395,356,46,,False,False,standardized_independent,GRADE Sentence Comprehension subtest,1,,"Raw posttest means (8.33-9.26)/pooled posttest SD=3.535 (Table 1); g=J*d, g_var via Hedges large-sample formula. HLM Intervention coefficient/SE NOT printed (blank) for this measure in Table 2 Section B, so cluster_adjusted=false; NOT pretest-adjusted (raw means used). J=0.9990",,"p.318 Table 1; p.319 Table 2 (Section B, n=46, Intervention coefficient cell blank)",subagent,medium,"Grade 1/2 only (46 paired classes for GRADE comprehension). The published Table 2 omits the Intervention-condition coefficient/SE for Sentence Comprehension (classroom-level column appears typeset-shifted), so g computed from raw posttest means/SDs and is NOT cluster- or pretest-adjusted. Note text reports NS effect (F(1,72)=2.67, p=.11). Raw means favor control; pretest-adjusted means (8.85 vs 8.73, Table 1) are close, so the unadjusted g overstates a control advantage. No ICC reported for central cluster correction."
savage_2013-09,savage_2013,103,savage_2013,Savage et al. 2013,Reading,Grade 1/2,-0.0073,0.01419,0.1191,395,356,46,,True,True,standardized_independent,GRADE Passage Comprehension subtest,1,,"HLM classroom-level Intervention coefficient b=-0.027 (SE 0.440, Table 2 Section B) / pooled posttest SD=3.691 (Table 1); g=J*b/s, g_se=J*(SE_b/s), J=0.9990",-0.027,"p.318 Table 1; p.319 Table 2 (Section B, n=46)",subagent,medium,"Grade 1/2 only. Non-significant, essentially null after pretest adjustment (raw means favor control but pretest-adjusted means 9.57 vs 9.38 favor ABRA). GRADE standardized/independent."
schmidt_2020-01,schmidt_2020,104,schmidt_2020,Schmidt et al. 2020,STEM,4-8,0.0206,0.00386,0.0621,3801,3211,107,,True,True,standardized_independent,"State standardized mathematics assessment (varies by district; scores standardized to district mean/SD, or sample mean/SD for Garfield City)",1,,"d = reported standardized impact coefficient / pooled SD = 0.02 / 0.97 = 0.0206 (scores already standardized to district mean/SD, so impact is in SD units; this equals the report's reported effect size 0.02). Hedges' g = J*d with J=1-3/(4*df-1), df=n_t+n_c-2=7010, J=0.99989 -> g=0.0206. impact_se derived from p=0.74 via normal approx SE_impact=|0.02|/qnorm(1-0.74/2)=0.0603; g_se=J*SE_impact/pooled_SD=0.0621; g_var=g_se^2=0.00386.",0.02,"p. 35, Exhibit 22 (impact, p, pooled SD, ES, n); p. 32-33 Exhibit 20 (n schools/teachers/students by condition); Appendix G p. G-5 Exhibit G-6 (adjusted mean_t)",subagent,high,"Confirmatory math achievement outcome. Reported impact 0.02 (p=0.74), reported effect size 0.02, pooled SD 0.97; not statistically significant. n_t/n_c = included students by condition from Exhibit 20 (treatment 3,801; control 3,211; total 7,012 matches Exhibit 22). n_clusters=107 included schools (math). Adjusted treatment mean -0.04 from Exhibit G-6 (adjusted control -0.06; both standardized, near 0). Sensitivity tests (Exhibit D-2) ranged -0.01 to 0.08, all non-significant."
schmidt_2020-02,schmidt_2020,104,schmidt_2020,Schmidt et al. 2020,Reading,4-8,0.0306,0.00206,0.0454,4754,3506,117,,True,True,standardized_independent,"State standardized English language arts (ELA/reading) assessment (varies by district; scores standardized to district mean/SD, or sample mean/SD for Garfield City)",1,,"d = reported standardized impact coefficient / pooled SD = 0.03 / 0.98 = 0.0306 (scores already standardized to district mean/SD). Hedges' g = J*d with J=1-3/(4*df-1), df=n_t+n_c-2=8258, J=0.99991 -> g=0.0306. impact_se derived from p=0.50 via normal approx SE_impact=|0.03|/qnorm(1-0.50/2)=0.0445; g_se=J*SE_impact/pooled_SD=0.0454; g_var=g_se^2=0.00206. NOTE: the report's Exhibit 22 lists ELA reported effect size as 0.05, which is inconsistent with impact 0.03 / pooled SD 0.98 (=0.031); I used the reported impact coefficient (0.03) as the basis for g.",0.03,"p. 35, Exhibit 22 (impact, p, pooled SD, ES, n); p. 32-33 Exhibit 20 (n schools/teachers/students by condition); Appendix G p. G-5 Exhibit G-6 (adjusted mean_t)",subagent,high,"Confirmatory ELA/reading achievement outcome. Reported impact 0.03 (p=0.50), reported effect size 0.05 (internally inconsistent with impact/pooled SD; see g_method), pooled SD 0.98; not statistically significant. n_t/n_c = included students by condition from Exhibit 20 (treatment 4,754; control 3,506; total 8,260 matches Exhibit 22). n_clusters=117 included schools (ELA). Adjusted treatment mean -0.06 from Exhibit G-6 (adjusted control -0.10; both standardized, near 0). Sensitivity tests (Exhibit D-2) ranged 0.01 to 0.05, all non-significant."
schneider_2021-01,schneider_2021,105,schneider_2021,Schneider et al. 2021,STEM,9-12,0.208,0.004224,0.065,2127,2111,61,,True,True,standardized_independent,"Independently developed summative science assessment (Michigan Dept. of Education state 11th-grade NGSS science items; IRT-scored, equated across chemistry & physics, standardized)",1,,"Outcome is the standardized summative-assessment z-score (SD=1), so the two-level HLM treatment coefficient gamma_01 = 0.208 (Table 4, Model 2) is itself the standardized mean difference d and impact_se = 0.065 is the SE of d directly (no separate standardizing SD needed). Hedges' g = J*d with J = 1 - 3/(4*df-1), df = n_t+n_c-2 = 4236 -> J = 0.99982, so g = 0.99982*0.208 = 0.208. g_var = J^2 * impact_se^2 = 0.99982^2 * 0.065^2 = 0.004224; g_se = 0.065. Model-based SE from the multilevel model already accounts for school-level clustering.",0.208,"p.8, Table 4, Model (2) (Estimated Treatment Effect of the CESE System); described p.8 Results / Student Outcomes",subagent,high,"Headline confirmatory contrast (RQ1): treatment students scored 0.208 SD higher than control on the independent summative science test (p<.01), the most conservative full-covariate model (controls: pretest, region, course chemistry/physics, gender, race/ethnicity + missing dummies). Alternative specifications of the SAME arm/outcome/test/grade/timepoint contrast (not extracted as separate rows): Table 4 Model (1) without the extra covariates = 0.220 SD (SE 0.064, p<.01); Table 6 three-level HLM (student/teacher/school) Model (3) = 0.211 SD (SE 0.059, p<.001) and Model (4) = 0.196 SD (SE 0.060, p<.01). Cohen's f^2 for the treatment effect = 0.01. Frank et al. (2013) sensitivity: 28.6% of the estimate (~1,637 cases) would have to be replaced with null cases to invalidate the inference. Generalizability index vs U.S. = 0.82. No standardizing SD or numeric ICC reported (outcome pre-standardized; ICC only used as a power-analysis input). Mediation: students' use of modeling explained ~28% of the total effect (a*b=0.055, sig at .10); teachers' incorporation of PBL ~11% (n.s.). No heterogeneity by gender/race/ethnicity (Table 5). Initial sample 70 schools/129 teachers/6,211 students; attrition to 61 schools/119 teachers/4,238 students (Table 2)."
schoen_2020-01,schoen_2020,106,schoen_2020,Schoen et al. 2020,STEM,K-2,0.03,0.00842,0.0918,1123,1049,22,0.027,True,True,standardized_independent,"Iowa Test of Basic Skills - Math Problems (ITBS-MP), cross-grade vertically scaled score",1,,"Report's directly reported Hedges' g (Table 5.1 / Table 5.2, Model 3 confirmatory, aggregate early+late-joiner sample), computed by the authors per WWC as g = J * (multilevel-model treatment coefficient / unadjusted pooled within-group SD using total variance). Model-3 standardized treatment coefficient b = 0.034 (PSD = 0.104). g_se = |g| * (PSD/|b|) = 0.03 * (0.104/0.034) = 0.0918 (equivalently J*PSD/SD); g_var = g_se^2 = 0.00842. J = 1 - 3/(4*df-1) with df = 2170 (J~0.99965). mean/SD are unadjusted posttest descriptives (Table A.5); the impact is the covariate-/pretest-adjusted model coefficient.",0.034,"Table 5.1 & Table 5.2 (pp. 39-40, PDF pp. 54-55); Appendix D Table D.2 (PDF pp. 89-90); descriptives Table A.5 (p. 69, PDF p. 54); Ns Table 2.3 (p. 11)",subagent,high,"RQ1 confirmatory outcome. ITBS Math Problems: word-problem / applications-of-mathematics measure. Model 3 (full covariate + baseline-adjusted): g = 0.03, gamma=0.034, 95% CI [-0.171, 0.244], not significant. Unadjusted/less-adjusted models: Model 1 g=0.10, Model 2 g=0.05. Sensitivity analyses: early-joiners only g=0.03; maximum-likelihood g=0.02. Grade subgroups (Table 5.3, is_full_sample=false, NOT extracted as rows): grade 1 g=0.14 (N=1,103), grade 2 g=-0.07 (N=1,069)."
schoen_2020-02,schoen_2020,106,schoen_2020,Schoen et al. 2020,STEM,K-2,-0.11,0.01277,0.113,1123,1049,22,0.029,True,True,standardized_independent,"Iowa Test of Basic Skills - Math Computation (ITBS-MC), cross-grade vertically scaled score",1,,"Report's directly reported Hedges' g (Table 5.1 / Table 5.2, Model 3 confirmatory, aggregate early+late-joiner sample), WWC method (g = J * model treatment coefficient / unadjusted pooled within-group SD). Model-3 standardized treatment coefficient b = -0.110 (PSD = 0.113). g_se = |g| * (PSD/|b|) = 0.11 * (0.113/0.110) = 0.1130 (= J*PSD/SD); g_var = g_se^2 = 0.01277. df = 2170, J~0.99965. mean/SD are unadjusted posttest descriptives (Table A.5).",-0.11,"Table 5.1 & Table 5.2 (pp. 39-40, PDF pp. 54-55); Appendix D Table D.3 (PDF pp. 91-92); descriptives Table A.5 (p. 69, PDF p. 54); Ns Table 2.3 (p. 11)",subagent,high,"RQ1 confirmatory outcome. ITBS Math Computation: addition/subtraction computational ability. Model 3: g = -0.11 (NEGATIVE, favoring comparison), gamma=-0.110, 95% CI [-0.338, 0.114], not significant in confirmatory Bayesian analysis. Models 1/2: g=-0.07, -0.11. The likelihood-based sensitivity analysis reached conventional significance (gamma=-0.11, p=.02). Authors attribute the negative effect to the Year-1 content focusing on grade-1 mathematics while grade-2 computational expectations are higher. Grade subgroups (Table 5.3, is_full_sample=false, NOT extracted): grade 1 g=0.03 (N=1,103), grade 2 g=-0.29 (N=1,069)."
schoen_2020-03,schoen_2020,106,schoen_2020,Schoen et al. 2020,STEM,K-2,0.08,0.02622,0.1619,305,317,22,0.062,True,True,researcher_made,"Mathematics Performance and Cognition (MPAC) interview, vertically scaled score",0,researcher_made,"Report's directly reported Hedges' g (Table 5.1 / Table 5.2, Model 3 confirmatory, MPAC analytic sample = early joiners only since MPAC was administered only to early joiners), WWC method (g = J * model treatment coefficient / unadjusted pooled within-group SD). Model-3 standardized treatment coefficient b = 0.083 (PSD = 0.168). g_se = |g| * (PSD/|b|) = 0.08 * (0.168/0.083) = 0.1619 (= J*PSD/SD); g_var = g_se^2 = 0.02622. df = 620, J~0.99879. mean/SD are unadjusted posttest descriptives (Table A.5); MPAC posttest is reported on a z-scaled metric.",0.083,"Table 5.1 & Table 5.2 (pp. 39-40, PDF pp. 54-55); Appendix D Table D.1 (PDF pp. 87-88); descriptives Table A.5 (p. 69, PDF p. 54); Ns Table 2.3 (p. 11)",subagent,high,"RQ1 confirmatory outcome. MPAC = one-on-one researcher/developer-made mathematics interview (number, operations, equality; problem solving and algebraic thinking). Researcher-made, so likely excluded by the meta-analysis's independent-measure filter, but extracted and labeled per spec. Model 3: g = 0.08, gamma=0.083, 95% CI [-0.253, 0.417], not significant. Less-adjusted: Model 1 g=0.20, Model 2 g=0.14. Sensitivity: maximum-likelihood g=0.10. Grade subgroups (Table 5.3, is_full_sample=false, NOT extracted): grade 1 g=0.25 (N=336), grade 2 g=-0.01 (N=286)."
shechtman_2019-01,shechtman_2019,107,shechtman_2019,Shechtman et al. 2019,STEM,3-6,-0.06313,0.004637,0.06811,940,979,46,0.13,True,True,standardized_independent,West Virginia General Student Assessment (WVGSA) Grade 5 mathematics scale score (computer-adaptive test + performance tasks); state assessment provided by WVDOE,1,,"Pretest-adjusted (Grade 4 WVGSA covariate) treatment effect from 2-level HLM (students within schools), COEFF = -5.0 scale-score points. Standardized by the pooled within-group posttest SD of student scores (both groups): s_pooled = sqrt(((940-1)*78.5^2 + (979-1)*80.0^2)/(940+979-2)) = 79.27; d = -5.0/79.27 = -0.0631 (matches authors' reported ES = -0.06). Hedges J = 1 - 3/(4*df-1), df = n_t+n_c-2 = 1917, J = 0.99961; g = J*d = -0.06313. Variance from impact SE (preferred): SE(d) = 5.4/79.27 = 0.0681; g_se = J*0.0681 = 0.06811; g_var = g_se^2 = 0.004637.",-5.0,"p.10, Table 2 (Whole sample: Control N=979 M=2483.1 SD=80.0; Treatment N=940 M=2478.0 SD=78.5; Treatment Effect Grade 5: ES=-0.06, COEFF=-5.0, SE=5.4, t=-0.94, p=.348; Level 1 var=5743.6, Level 2 var=853.7, ICC=0.13). Model described p.9.",subagent,high,PRIMARY confirmatory contrast (RQ1). Not statistically significant (p = .348); main finding was a null result. SE (5.4) and ICC (0.13) come from the 2-level MLM so clustering is already accounted for. Treatment 'TPD' component = ~60 hours of required content-rich teacher PD over 2 years plus implementation-coordinator coaching to deliver the RM-CC5 blended curriculum. Grade 4 WVGSA (pretest) was equivalent between groups at baseline; correlation Grade4-Grade5 = 0.79.
shechtman_2019-02,shechtman_2019,107,shechtman_2019,Shechtman et al. 2019,STEM,3-6,0.06955,0.015543,0.12467,250,252,46,0.21,True,True,standardized_independent,WVGSA Grade 5 mathematics scale score,0,subgroup,Pretest-adjusted (Grade 4 WVGSA) 2-level MLM COEFF = 3.9; subgroup pooled posttest SD = sqrt(((250-1)*55.1^2+(252-1)*57.0^2)/500) = 56.06; d = 3.9/56.06 = 0.0696 (reported ES = 0.07). J(df=500) = 0.99850; g = 0.06955. SE(d) = 7.0/56.06 = 0.1249; g_se = 0.12467; g_var = 0.015543.,3.9,"p.10, Table 2 (Grade 4 Level 1: Control N=252 M=2367.6 SD=57.0; Treatment N=250 M=2367.7 SD=55.1; ES=0.07, COEFF=3.9, SE=7.0, t=0.56, p=.573, ICC=0.21).",subagent,high,Non-randomized prior-achievement subgroup (RQ2). Not significant (p=.573). Do not combine with the full-sample estimate. Ns are imputation-averaged whole numbers.
shechtman_2019-03,shechtman_2019,107,shechtman_2019,Shechtman et al. 2019,STEM,3-6,-0.1637,0.017579,0.13259,353,399,46,0.23,True,True,standardized_independent,WVGSA Grade 5 mathematics scale score,0,subgroup,Pretest-adjusted 2-level MLM COEFF = -8.4; subgroup pooled posttest SD = sqrt(((353-1)*52.5^2+(399-1)*50.1^2)/750) = 51.24; d = -8.4/51.24 = -0.1639 (reported ES = -0.16). J(df=750) = 0.99900; g = -0.16370. SE(d) = 6.8/51.24 = 0.1327; g_se = 0.13259; g_var = 0.017579.,-8.4,"p.10, Table 2 (Grade 4 Level 2: Control N=399 M=2475.0 SD=50.1; Treatment N=353 M=2463.3 SD=52.5; ES=-0.16, COEFF=-8.4, SE=6.8, t=-1.23, p=.218, ICC=0.23).",subagent,high,Non-randomized prior-achievement subgroup (RQ2). Not significant (p=.218). Do not combine with the full-sample estimate.
shechtman_2019-04,shechtman_2019,107,shechtman_2019,Shechtman et al. 2019,STEM,3-6,-0.26474,0.018598,0.13638,238,252,46,0.18,True,True,standardized_independent,WVGSA Grade 5 mathematics scale score,0,subgroup,Pretest-adjusted 2-level MLM COEFF = -13.2; subgroup pooled posttest SD = sqrt(((238-1)*47.8^2+(252-1)*51.6^2)/488) = 49.79; d = -13.2/49.79 = -0.2651 (reported ES = -0.27). J(df=488) = 0.99846; g = -0.26474. SE(d) = 6.8/49.79 = 0.1366; g_se = 0.13638; g_var = 0.018598.,-13.2,"p.10, Table 2 (Grade 4 Level 3: Control N=252 M=2539.6 SD=51.6; Treatment N=238 M=2528.0 SD=47.8; ES=-0.27, COEFF=-13.2, SE=6.8, t=-1.94, p=.053, ICC=0.18).",subagent,high,"Non-randomized prior-achievement subgroup (RQ2). Marginal (p=.053), favors control, but after FDR correction across subgroups not significant; authors report no significant differential effects. Do not combine with the full-sample estimate."
shechtman_2019-05,shechtman_2019,107,shechtman_2019,Shechtman et al. 2019,STEM,3-6,-0.13165,0.037825,0.19449,100,77,46,0.26,True,True,standardized_independent,WVGSA Grade 5 mathematics scale score,0,subgroup,Pretest-adjusted 2-level MLM COEFF = -6.7; subgroup pooled posttest SD = sqrt(((100-1)*50.2^2+(77-1)*51.3^2)/175) = 50.68; d = -6.7/50.68 = -0.1322 (reported ES = -0.13). J(df=175) = 0.99570; g = -0.13165. SE(d) = 9.9/50.68 = 0.1954; g_se = 0.19449; g_var = 0.037825.,-6.7,"p.10, Table 2 (Grade 4 Level 4: Control N=77 M=2603.5 SD=51.3; Treatment N=100 M=2591.7 SD=50.2; ES=-0.13, COEFF=-6.7, SE=9.9, t=-0.68, p=.496, ICC=0.26).",subagent,high,Non-randomized prior-achievement subgroup (RQ2). Not significant (p=.496). Smallest subgroup. Do not combine with the full-sample estimate.
shechtman_2019-06,shechtman_2019,107,shechtman_2019,Shechtman et al. 2019,STEM,3-6,-0.1061,0.006713,0.08193,490,480,46,0.15,True,True,standardized_independent,WVGSA Grade 5 mathematics scale score,0,subgroup,Pretest-adjusted 2-level MLM COEFF = -7.9; subgroup pooled posttest SD = sqrt(((490-1)*75.2^2+(480-1)*73.6^2)/968) = 74.41; d = -7.9/74.41 = -0.1062 (reported ES = -0.10). J(df=968) = 0.99922; g = -0.10610. SE(d) = 6.1/74.41 = 0.0820; g_se = 0.08193; g_var = 0.006713.,-7.9,"p.10, Table 2 (Female: Control N=480 M=2481.7 SD=73.6; Treatment N=490 M=2480.2 SD=75.2; ES=-0.10, COEFF=-7.9, SE=6.1, t=-1.30, p=.194, ICC=0.15).",subagent,high,Non-randomized gender subgroup. Not significant (p=.194). Do not combine with the full-sample estimate.
shechtman_2019-07,shechtman_2019,107,shechtman_2019,Shechtman et al. 2019,STEM,3-6,-0.02861,0.004615,0.06793,450,499,46,0.17,True,True,standardized_independent,WVGSA Grade 5 mathematics scale score,0,subgroup,"Pretest-adjusted 2-level MLM COEFF = -2.4; subgroup pooled posttest SD = sqrt(((450-1)*81.8^2+(499-1)*85.7^2)/947) = 83.87; d = -2.4/83.87 = -0.0286. J(df=947) = 0.99921; g = -0.02861. SE(d) = 5.7/83.87 = 0.0680; g_se = 0.06793; g_var = 0.004615. NOTE: Table 2 prints ES = -0.10 for Male, which is INCONSISTENT with COEFF -2.4 and the Male SDs (implies d ~= -0.03) and duplicates the Female ES; computed value -0.029 used.",-2.4,"p.10, Table 2 (Male: Control N=499 M=2484.4 SD=85.7; Treatment N=450 M=2475.5 SD=81.8; ES=-0.10 [likely typo], COEFF=-2.4, SE=5.7, t=-0.41, p=.679, ICC=0.17).",subagent,high,Non-randomized gender subgroup. Not significant (p=.679). Table-printed ES (-0.10) appears to be a typo (duplicates Female ES); recomputed d/g from COEFF and SDs = -0.029. Do not combine with the full-sample estimate.
simmons_2011-01,simmons_2011,108,simmons_2011,Simmons et al. 2011,Reading,K-2,0.36,0.028,0.167,112,94,57,0.23,True,True,standardized_independent,WRMT-R/NU Letter Name Checklist (alphabet/letter-name knowledge),1,,delta_T (Hedges 2007 cluster-randomized effect size) reported directly in Table 4 = gamma01/sqrt(sigma^2+tau00); positive favors ERI. g_se = delta_T/t = 0.36/2.15.,1.23,p.219 Table 4 (ES delta_T); p.218 Table 3 (means/SDs),subagent,high,Alphabet Knowledge domain. Statistically significant after Benjamini-Hochberg (p=.032). Letter ID was a screening-only measure; this checklist is the posttest alphabet measure. Raw posttest SDs shown for reference only; not used to standardize.
simmons_2011-02,simmons_2011,108,simmons_2011,Simmons et al. 2011,Reading,K-2,0.41,0.039,0.197,112,94,57,0.41,True,True,standardized_independent,WRMT-R/NU Letter Sound Checklist (letter-sound knowledge),1,,delta_T (Hedges 2007 cluster effect size) from Table 4. g_se = delta_T/t = 0.41/2.08.,2.32,p.219 Table 4; p.218 Table 3,subagent,high,Letter Sound Knowledge domain. Significant after BH (p=.038).
simmons_2011-03,simmons_2011,108,simmons_2011,Simmons et al. 2011,Reading,K-2,0.47,0.033,0.181,112,94,57,0.27,True,True,standardized_independent,DIBELS Phonemic Segmentation Fluency (PSF),1,,delta_T (Hedges 2007 cluster effect size) from Table 4. g_se = delta_T/t = 0.47/2.60.,7.07,p.219 Table 4; p.218 Table 3,subagent,high,Phonemic Awareness domain. Significant after BH (p=.010). Fluency-based measure.
simmons_2011-04,simmons_2011,108,simmons_2011,Simmons et al. 2011,Reading,K-2,0.42,0.026,0.16,112,94,57,0.21,True,True,standardized_independent,CTOPP Sound Matching,1,,delta_T (Hedges 2007 cluster effect size) from Table 4. g_se = delta_T/t = 0.42/2.62.,0.74,p.219 Table 4; p.218 Table 3,subagent,high,Phonemic Awareness domain. Significant after BH (p=.008).
simmons_2011-05,simmons_2011,108,simmons_2011,Simmons et al. 2011,Reading,K-2,0.4,0.029,0.172,112,94,57,0.24,True,True,standardized_independent,CTOPP Blending Words,1,,delta_T (Hedges 2007 cluster effect size) from Table 4. g_se = delta_T/t = 0.40/2.33.,0.73,p.219 Table 4; p.218 Table 3,subagent,high,Phonemic Awareness domain. Significant after BH (p=.020).
simmons_2011-06,simmons_2011,108,simmons_2011,Simmons et al. 2011,Reading,K-2,0.33,0.037,0.193,112,94,57,0.34,True,True,standardized_independent,DIBELS Nonsense Word Fluency (NWF),1,,delta_T (Hedges 2007 cluster effect size) from Table 4. g_se = delta_T/t = 0.33/1.71.,3.77,p.219 Table 4; p.218 Table 3,subagent,high,Word Attack/decoding domain. NOT statistically significant after BH (p=.088). Fluency-based decoding measure.
simmons_2011-07,simmons_2011,108,simmons_2011,Simmons et al. 2011,Reading,K-2,0.51,0.033,0.181,112,94,57,0.26,True,True,standardized_independent,WRMT-R/NU Word Attack (untimed nonword decoding),1,,delta_T (Hedges 2007 cluster effect size) from Table 4. g_se = delta_T/t = 0.51/2.82.,4.54,p.219 Table 4; p.218 Table 3,subagent,high,Word Attack/decoding domain. Largest effect; significant after BH (p=.004). Untimed standardized decoding measure.
simmons_2011-08,simmons_2011,108,simmons_2011,Simmons et al. 2011,Reading,K-2,0.26,0.03,0.175,112,94,57,0.21,True,True,standardized_independent,TOWRE Phonemic Decoding Efficiency (timed nonword reading),1,,delta_T (Hedges 2007 cluster effect size) from Table 4. g_se = delta_T/t = 0.26/1.49.,0.92,p.219 Table 4; p.218 Table 3,subagent,high,Word Attack/decoding domain (timed). NOT statistically significant after BH (p=.136).
simmons_2011-09,simmons_2011,108,simmons_2011,Simmons et al. 2011,Reading,K-2,0.25,0.036,0.189,112,94,57,0.42,True,True,standardized_independent,WRMT-R/NU Word ID (untimed real-word identification),1,,delta_T (Hedges 2007 cluster effect size) from Table 4. g_se = delta_T/t = 0.25/1.32.,2.62,p.219 Table 4; p.218 Table 3,subagent,high,Word Identification domain. NOT statistically significant after BH (p=.186).
simmons_2011-10,simmons_2011,108,simmons_2011,Simmons et al. 2011,Reading,K-2,0.05,0.04,0.2,112,94,57,0.41,True,True,standardized_independent,TOWRE Sight Word Efficiency (timed real-word reading),1,,delta_T (Hedges 2007 cluster effect size) from Table 4. g_se = delta_T/t = 0.05/0.25.,0.24,p.219 Table 4; p.218 Table 3,subagent,high,Word Identification domain (timed). NOT statistically significant (p=.802). Near-zero effect.
simmons_2011-11,simmons_2011,108,simmons_2011,Simmons et al. 2011,Other,K-2,0.34,0.039,0.197,112,94,57,0.33,True,True,standardized_independent,Test of Written Spelling-4 (TWS-4),1,,delta_T (Hedges 2007 cluster effect size) from Table 4. g_se = delta_T/t = 0.34/1.73.,0.57,p.219 Table 4; p.218 Table 3,subagent,high,Spelling domain (mapped to outcome_subject 'Other' per spec: writing/language/spelling -> Other). NOT significant after BH (p=.084).
simmons_2011-12,simmons_2011,108,simmons_2011,Simmons et al. 2011,Reading,K-2,0.07,0.027,0.163,112,94,57,0.11,True,True,standardized_independent,WRMT-R/NU Passage Comprehension,1,,delta_T (Hedges 2007 cluster effect size) from Table 4. g_se = delta_T/t = 0.07/0.43.,0.53,p.219 Table 4; p.218 Table 3,subagent,high,"Passage Comprehension domain. NOT significant (p=.668). Note raw posttest mean favored TPI (99.09 vs 97.83), but the covariate-adjusted delta_T from Table 4 is +0.07 (favoring ERI); g sign follows the model-based Table 4 value, positive = favors ERI."
sloan_2018-01,sloan_2018,109,sloan_2018,Sloan et al. 2018,Reading,Year 1 (Reception-to-Year-1 cohort; K-2),0.07,0.00287,0.0536,648,674,54,0.13,True,True,standardized_independent,WRMT III (Woodcock Reading Mastery Test III) total literacy score (Word Identification + Word Attack + Passage Comprehension combined),1,,"Report's Hedges g (Table 6, main complete-case analysis): standardised mean difference = intervention dummy coefficient from two-level multilevel model (pupils nested in schools) adjusted for BPVS pre-test, divided by the outcome SD. g_se/g_var derived from reported 95% CI [-0.03, 0.18]: g_se=(0.18-(-0.03))/(2*1.96)=0.0536; g_var=0.00287. Raw means (Table 6): Int 82.3, Ctrl 77.6; combined-score SDs not reported (subscale SDs only in Table 7). J~1.000 (df in thousands).",0.07,p.18 Table 6 (also exec summary p.5; Table 8 with extra covariate gives 0.09),subagent,high,"PRIMARY confirmatory outcome at end of treatment (end of Year 1). Literacy/reading -> Reading. ~1 month additional progress, p=0.14, non-significant. EEF security 3/5 padlocks. Multilevel model fully accounts for school clustering. Headline value used in exec summary."
sloan_2018-02,sloan_2018,109,sloan_2018,Sloan et al. 2018,Reading,Year 1 (Reception-to-Year-1 cohort; K-2),0.06,0.0026,0.051,753,738,54,0.13,True,True,standardized_independent,"Phonics Screening Check (national standardised Year 1 phonics assessment, from National Pupil Database)",1,,"Report's Hedges g (Table 6, main complete-case analysis): same multilevel ES method (pupils nested in schools, BPVS pretest-adjusted). g_se/g_var derived from reported 95% CI [-0.04, 0.16]: g_se=(0.16-(-0.04))/(2*1.96)=0.051; g_var=0.0026. Raw means (Table 6): Int 34.7, Ctrl 33.4; SDs not reported. J~1.000.",0.06,p.18 Table 6,subagent,high,"Secondary outcome at end of treatment (end of Year 1). Phonics (reading decoding) -> Reading. p=0.21, non-significant. Table 8 (with school-attainment covariate) also g=0.06."
sloan_2018-03,sloan_2018,109,sloan_2018,Sloan et al. 2018,Reading,end of Reception (Reception-to-Year-1 cohort; K-2) - earlier wave,0.04,0.0026,0.051,746,791,54,0.13,True,True,standardized_independent,WRMT III (Woodcock Reading Mastery Test III) total literacy score at mid-point (Letter Identification + Word Identification + Word Attack combined),1,,"Report's Hedges g (Table 6, main complete-case analysis): same multilevel ES method (BPVS pretest-adjusted, pupils nested in schools). g_se/g_var derived from reported 95% CI [-0.06, 0.14]: g_se=(0.14-(-0.06))/(2*1.96)=0.051; g_var=0.0026. Raw means (Table 6): Int 57.7, Ctrl 54.8; SDs not reported. J~1.000.",0.04,p.18 Table 6 (also exec summary p.5),subagent,high,"EARLIER WAVE: WRMT literacy at mid-point (end of Reception, 12 months). The end-of-treatment timepoint is the end-of-Year-1 row above; this 12-month wave is recorded for completeness (do not double-count with the end-of-Year-1 Woodcock). p=0.42, ~0 months progress, non-significant. Reading."
sloan_2018-04,sloan_2018,109,sloan_2018,Sloan et al. 2018,Reading,"Year 1 (K-2), FSM-eligible pupils",0.12,0.0126,0.1122,153,168,54,0.13,True,True,standardized_independent,"WRMT III Woodcock total literacy score at end of Year 1, FSM-eligible subgroup",0,subgroup,"Report's Hedges g (Table 9, FSM subsample, main multilevel ES method, BPVS pretest-adjusted). g_se/g_var derived from reported 95% CI [-0.10, 0.34]: g_se=(0.34-(-0.10))/(2*1.96)=0.1122; g_var=0.0126. Raw means (Table 9): Int 69.97, Ctrl 64.46.",0.12,p.21 Table 9,subagent,high,"Pre-specified FSM-eligible subgroup (n=386 overall). WRMT literacy at end of Year 1 -> Reading. p=0.23, non-significant. (Mid-point FSM Woodcock g=0.22 [0.01,0.44], p=0.03, was significant but at the 12-month wave, not extracted as a separate end-of-treatment row.)"
sloan_2018-05,sloan_2018,109,sloan_2018,Sloan et al. 2018,Reading,"Year 1 (K-2), FSM-eligible pupils",0.16,0.01041,0.102,185,191,54,0.13,True,True,standardized_independent,"Phonics Screening Check at end of Year 1, FSM-eligible subgroup",0,subgroup,"Report's Hedges g (Table 9, FSM subsample, main multilevel ES method, BPVS pretest-adjusted). g_se/g_var derived from reported 95% CI [-0.04, 0.36]: g_se=(0.36-(-0.04))/(2*1.96)=0.102; g_var=0.01041. Raw means (Table 9): Int 32.43, Ctrl 30.04.",0.16,p.21 Table 9,subagent,high,"Pre-specified FSM-eligible subgroup. Phonics at end of Year 1 -> Reading. p=0.06, borderline / non-significant. The report notes 'some evidence' SfA benefits FSM pupils."
smith_2016-01,smith_2016,110,smith_2016,Smith et al. 2016,Reading,K-2,0.318,0.0143,0.1196,348,381,44,0.114,True,True,standardized_independent,"WRMT Word Attack (Woodcock Reading Mastery Test-revised, Form H)",1,,"Hedges' g reported by authors (Table 3, Hedges 1981/WWC), from mixed-model Time x condition fall->spring gain difference; standardized by spring posttest SD (~7.6). g_se=g*SE_b/b=0.318*0.91/2.42; g_var=g_se^2.",2.42,"p.563-564, Table 3; means/SDs Table 1 p.562",subagent,high,Statistically significant favoring ECRI (p=.0112). Largest spring effect. WRMT Word Attack = pseudoword decoding subtest.
smith_2016-02,smith_2016,110,smith_2016,Smith et al. 2016,Reading,K-2,0.235,0.0164,0.1279,348,381,44,0.149,True,True,standardized_independent,"WRMT Word Identification (Woodcock Reading Mastery Test-revised, Form H)",1,,Hedges' g reported by authors (Table 3) from mixed-model Time x condition fall->spring gain difference; standardized by spring posttest SD (~9.5). Coefficient 2.24 printed as '2.241' where superscript 1 = p<.10 footnote. g_se=g*SE_b/b=0.235*1.22/2.24; g_var=g_se^2.,2.24,"p.563-564, Table 3; means/SDs Table 1 p.562",subagent,high,"Marginal (p=.0743, p<.10); favors ECRI. Non-significant attributed to larger ICC."
smith_2016-03,smith_2016,110,smith_2016,Smith et al. 2016,Reading,K-2,0.235,0.013,0.114,362,387,44,0.079,True,True,standardized_independent,"SAT-10 Word Reading (Stanford Achievement Test, 10th ed.)",1,,Hedges' g reported by authors (Table 3) from mixed-model Time x condition fall->spring gain difference (scaled scores); standardized by spring posttest SD (~45.8). g_se=g*SE_b/b=0.235*5.22/10.76; g_var=g_se^2.,10.76,"p.563-564, Table 3; means/SDs Table 1 p.562",subagent,high,Statistically significant favoring ECRI (p=.0455). Authors note ~4-percentile gain (control 18th -> ECRI ~22nd percentile).
smith_2016-04,smith_2016,110,smith_2016,Smith et al. 2016,Reading,K-2,0.209,0.0168,0.1298,362,385,44,0.151,True,True,standardized_independent,"SAT-10 Total Reading (Stanford Achievement Test, 10th ed.)",1,,Hedges' g reported by authors (Table 3) from mixed-model Time x condition fall->spring gain difference (scaled scores); standardized by spring posttest SD (~29.3). g_se=g*SE_b/b=0.209*3.80/6.12; g_var=g_se^2.,6.12,"p.563-564, Table 3; means/SDs Table 1 p.562",subagent,high,"Not significant (p=.1154). SAT-10 Total Reading is an aggregate distal composite (subsumes SAT-10 Word Reading and Sentence Reading, both also extracted)."
smith_2016-05,smith_2016,110,smith_2016,Smith et al. 2016,Reading,K-2,0.191,0.0139,0.1179,355,388,44,0.123,True,True,standardized_independent,"DIBELS NWF-WRC (Nonsense Word Fluency, Words Recoded Completely)",1,,Hedges' g reported by authors (Table 3) from mixed-model Time x condition fall->spring gain difference; standardized by spring posttest SD (~13.8). g_se=g*SE_b/b=0.191*1.63/2.64; g_var=g_se^2.,2.64,"p.563-564, Table 3; means/SDs Table 1 p.562",subagent,high,Not significant at spring (p=.1140); trend favors ECRI. Same measure was significant fall->winter (see winter row).
smith_2016-06,smith_2016,110,smith_2016,Smith et al. 2016,Reading,K-2,0.182,0.0203,0.1426,363,386,44,0.111,True,True,standardized_independent,"SAT-10 Sentence Reading (Stanford Achievement Test, 10th ed.)",0,redundant_subscale,Hedges' g reported by authors (Table 3) from mixed-model Time x condition fall->spring gain difference (scaled scores); standardized by spring posttest SD (~38.4). g_se=g*SE_b/b=0.182*5.47/6.98; g_var=g_se^2.,6.98,"p.563-564, Table 3; means/SDs Table 1 p.562",subagent,high,Not significant (p=.2093). Subscale of SAT-10 Total Reading composite.
smith_2016-07,smith_2016,110,smith_2016,Smith et al. 2016,Reading,K-2,0.12,0.013,0.114,355,388,44,0.13,True,True,standardized_independent,DIBELS ORF (Oral Reading Fluency),1,,Hedges' g reported by authors (Table 3) from mixed-model Time x condition fall->spring gain difference; standardized by spring posttest SD (~23.3). g_se=g*SE_b/b=0.120*2.65/2.79; g_var=g_se^2.,2.79,"p.563-564, Table 3; means/SDs Table 1 p.562",subagent,high,Not significant at spring (p=.2998); smallest spring effect; trend favors ECRI. Same measure was significant fall->winter (see winter row).
smith_2016-08,smith_2016,110,smith_2016,Smith et al. 2016,Reading,K-2,0.301,0.0133,0.1154,371,392,44,0.129,True,True,standardized_independent,"DIBELS NWF-WRC (Nonsense Word Fluency, Words Recoded Completely)",1,,Hedges' g reported by authors (Table 2) from mixed-model Time x condition fall->winter gain difference; standardized by winter posttest SD (~9.5). g_se=g*SE_b/b=0.301*1.10/2.87; g_var=g_se^2.,2.87,"p.563, Table 2; means/SDs Table 1 p.562",subagent,high,INTERIM mid-year wave (not end of treatment). Statistically significant favoring ECRI (p=.0128). Duplicate of the spring NWF-WRC measure at an earlier timepoint; flag for central de-duplication (prefer spring end-of-treatment wave).
smith_2016-09,smith_2016,110,smith_2016,Smith et al. 2016,Reading,K-2,0.255,0.0113,0.1064,371,393,44,0.164,True,True,standardized_independent,DIBELS ORF (Oral Reading Fluency),1,,Hedges' g reported by authors (Table 2) from mixed-model Time x condition fall->winter gain difference; standardized by winter posttest SD (~16.6). g_se=g*SE_b/b=0.255*1.76/4.22; g_var=g_se^2.,4.22,"p.563, Table 2; means/SDs Table 1 p.562",subagent,high,INTERIM mid-year wave (not end of treatment). Statistically significant favoring ECRI (p=.0214). Duplicate of the spring ORF measure at an earlier timepoint; flag for central de-duplication (prefer spring end-of-treatment wave).
somers_2010-01,somers_2010,111,somers_2010,Somers et al. 2010,Reading,9,0.11996,0.0015994,0.03999,1331,924,,,False,True,standardized_independent,GRADE (Group Reading Assessment and Diagnostic Evaluation) reading comprehension subtest,1,,"Reported standardized impact (effect size = impact / SD of non-ERO group in program year, all schools) taken directly from Appendix Table F.1 (ES = 0.12, ES SE = 0.04). Hedges' g = J*d with J = 1 - 3/(4*df-1), df = n_t+n_c-2 = 2253, J = 0.99967; g = 0.99967*0.12 = 0.11996; g_se = J*0.04 = 0.03999; g_var = g_se^2.",1.23,Appendix Table F.1 (p. F-5); cross-ref Table 3.4 (p. 66) and Table ES.2 discussion (p. ES-16),subagent,high,"RAAL = the more intensive of the two programs (Three TPD principles per registry row 111). Impact 1.23 standard score points, statistically significant (p=0.002). Mean_t is unadjusted ERO-group mean; mean_c is regression-adjusted non-ERO mean (Table 3.4); SDs not reported. Model: OLS regression-adjusted for school/cohort blocking + GRADE pretest + overage status (+ district reading/math tests + outcome pretest for high-school outcomes), Huber-White robust SE. Student-level random assignment within schools, so no cluster adjustment needed (cluster_adjusted=false; n_clusters/icc not applicable to the student-level contrast). Vocabulary subtest impact was ~0 (ES=0.00) and not extracted (separate test, not the primary reading comprehension outcome)."
somers_2010-02,somers_2010,112,somers_2010,Somers et al. 2010,Reading,9,0.04998,0.001599,0.03999,1341,988,,,False,True,standardized_independent,GRADE (Group Reading Assessment and Diagnostic Evaluation) reading comprehension subtest,1,,"Reported standardized impact (effect size = impact / SD of non-ERO group in program year, all schools) taken directly from Appendix Table F.1 (ES = 0.05, ES SE = 0.04). Hedges' g = J*d with J = 1 - 3/(4*df-1), df = n_t+n_c-2 = 2327, J = 0.99968; g = 0.99968*0.05 = 0.04998; g_se = J*0.04 = 0.03999; g_var = g_se^2.",0.56,Appendix Table F.1 (p. F-5); cross-ref Table 3.4 (p. 66) and Table ES.2 discussion (p. ES-16),subagent,high,"Xtreme Reading = the less intensive of the two programs (One TPD principle per registry row 112). Impact 0.56 standard score points, NOT statistically significant (p=0.165). Mean_t is unadjusted ERO-group mean; mean_c is regression-adjusted non-ERO mean (Table 3.4); SDs not reported. Same OLS model and student-level random-assignment design as RAAL arm. The difference between the RAAL and Xtreme impacts is itself not statistically significant. Vocabulary subtest impact ES=0.03, not significant, not extracted."
song_2021-01,song_2021,113,song_2021,Song et al. 2021,STEM,4-8,0.0576,0.000889,0.0298,14186,15809,126,,True,True,standardized_independent,"State mathematics achievement test (district administrative records, standardized to student-level SD units within district/grade/subject)",1,,"Outcome scores reported in student-level SD units; estimated difference from three-level HLM (students within teachers within schools, controlling for random-assignment blocks, baseline achievement, and student background) is already the standardized impact d = 0.058 in SD units. g = J*d with J = 1 - 3/(4*df-1) = 0.9939 (df = n_clusters - 2 = 124). g_se = J*SE(d) with SE(d)=0.030; g_var = g_se^2.",0.058,Exhibit J.26 (p. J-22); also Exhibit 3.12 (p. 73) and Exhibit ES.5 (p. ES-14/15),subagent,high,End-of-treatment (cumulative two-year) impact; the immediate post for the 2-year program. Not statistically significant (p=0.055); similar magnitude to the significant Year-1 estimate. Year-2 model controls for baseline-year achievement (two years prior). A sensitivity model controlling for prior achievement in BOTH subjects makes this Year-2 math estimate statistically significant (Exhibit J.32/33); the headline model (J.26) is reported here.
song_2021-02,song_2021,113,song_2021,Song et al. 2021,Reading,4-8,0.0239,0.000668,0.0258,13962,15423,126,,True,True,standardized_independent,"State reading/ELA achievement test (district administrative records, standardized to student-level SD units within district/grade/subject)",1,,"Outcome scores reported in student-level SD units; estimated difference from three-level HLM (students within teachers within schools, controlling for random-assignment blocks, baseline reading/ELA achievement, and student background) is already the standardized impact d = 0.024 in SD units. g = J*d with J = 1 - 3/(4*df-1) = 0.9939 (df = n_clusters - 2 = 124). g_se = J*SE(d) with SE(d)=0.026; g_var = g_se^2.",0.024,Exhibit J.26 (p. J-22); also Exhibit 3.12 (p. 73) and Exhibit ES.5 (p. ES-14/15),subagent,high,End-of-treatment (cumulative two-year) impact; the immediate post for the 2-year program. Not statistically significant (p=0.345). Year-2 model controls for baseline-year reading/ELA achievement (two years prior).
song_2021-03,song_2021,113,song_2021,Song et al. 2021,STEM,4-8,0.0527,0.000357,0.0189,13967,15907,127,,True,True,standardized_independent,"State mathematics achievement test (district administrative records, standardized to student-level SD units within district/grade/subject)",1,,"Outcome scores reported in student-level SD units; estimated difference from three-level HLM (students within teachers within schools, controlling for random-assignment blocks, baseline-year mathematics achievement, and student background) is already the standardized impact d = 0.053 in SD units. g = J*d with J = 1 - 3/(4*df-1) = 0.9940 (df = n_clusters - 2 = 125). g_se = J*SE(d) with SE(d)=0.019; g_var = g_se^2.",0.053,Exhibit J.26 (p. J-22); also Exhibit 3.12 (p. 73) and Exhibit ES.5 (p. ES-14/15),subagent,high,"Interim one-year wave (effect of first year of implementation), NOT the end-of-treatment wave for the 2-year program; recorded as secondary timepoint. Statistically significant (p=0.005). Provided for completeness; central merge should prefer the Year-2 end-of-treatment estimate."
song_2021-04,song_2021,113,song_2021,Song et al. 2021,Reading,4-8,0.0099,0.00032,0.0179,13134,15358,127,,True,True,standardized_independent,"State reading/ELA achievement test (district administrative records, standardized to student-level SD units within district/grade/subject)",1,,"Outcome scores reported in student-level SD units; estimated difference from three-level HLM (students within teachers within schools, controlling for random-assignment blocks, baseline-year reading/ELA achievement, and student background) is already the standardized impact d = 0.010 in SD units. g = J*d with J = 1 - 3/(4*df-1) = 0.9940 (df = n_clusters - 2 = 125). g_se = J*SE(d) with SE(d)=0.018; g_var = g_se^2.",0.01,Exhibit J.26 (p. J-22); also Exhibit 3.12 (p. 73) and Exhibit ES.5 (p. ES-14/15),subagent,high,"Interim one-year wave (effect of first year of implementation), NOT the end-of-treatment wave for the 2-year program; recorded as secondary timepoint. Not statistically significant (p=0.583). Provided for completeness; central merge should prefer the Year-2 end-of-treatment estimate."
speckesser_2018-01,speckesser_2018,114,speckesser_2018,Speckesser et al. 2018,Other,"KS4 (Year 10-11, ages 14-16; ~grades 9-11)",0.1,0.00315,0.05612,12358,13035,140,0.09,True,True,standardized_independent,"GCSE Attainment 8 (capped GCSE point score, KS4_ATT8)",1,,"Hedges' g reported directly by EEF (Table 5, precise model): model treatment coefficient divided by pooled SD = sqrt(residual var + between-school var), i.e. d=beta/s with total SD=0.880. g_se and g_var derived from the reported 95% CI (-0.01, 0.21): se=(0.21-(-0.01))/(2*1.96).",2.04,"p.5 Table 1; p.21 Table 5; p.62 Appendix H (ICC=0.09, total SD=0.880)",subagent,high,"Primary outcome. Precise (ANCOVA-style multilevel) model adjusting for KS2 pretest plus stratification dummies, with school random effects (Stata mixed, REML). p=0.088 (sig at 10%). Impact_estimate is the raw mean difference (47.70-45.66=2.04 GCSE points); the model-based standardized impact is the reported g=0.10. Mean CIs: intervention 47.70 (45.32-50.07), control 45.66 (43.81-47.50). Subgroup/sensitivity g all positive (FSM 0.07; non-TEEP 0.13; simplest model 0.11)."
speckesser_2018-02,speckesser_2018,114,speckesser_2018,Speckesser et al. 2018,Reading,"KS4 (Year 10-11, ages 14-16; ~grades 9-11)",0.02,0.002349,0.04847,,,140,0.11,True,True,standardized_independent,GCSE English attainment point score (KS4_APENG_PTQ_EE),1,,"Hedges' g reported directly by EEF (Table 7, precise model). g_se and g_var derived from reported 95% CI (-0.08, 0.11): se=(0.11-(-0.08))/(2*1.96).",,p.22 Table 7; p.62 Appendix H (ICC=0.11),subagent,high,"Secondary outcome (English GCSE). N=22,628 total pupils; intervention/control split not reported separately. p=0.72, not significant. Means/SDs not reported for secondary outcomes."
speckesser_2018-03,speckesser_2018,114,speckesser_2018,Speckesser et al. 2018,STEM,"KS4 (Year 10-11, ages 14-16; ~grades 9-11)",0.02,0.002603,0.05102,,,140,0.12,True,True,standardized_independent,GCSE Maths attainment point score (KS4_APMAT_PTQ_EE),1,,"Hedges' g reported directly by EEF (Table 7, precise model). g_se and g_var derived from reported 95% CI (-0.08, 0.12): se=(0.12-(-0.08))/(2*1.96).",,p.22 Table 7; p.62 Appendix H (ICC=0.12),subagent,high,"Secondary outcome (Maths GCSE). N=22,935 total pupils; intervention/control split not reported separately. p=0.74, not significant. Means/SDs not reported for secondary outcomes."
stevens_slavin_1995-01,stevens_slavin_1995,115,stevens_slavin_1995,Stevens & Slavin 1995,Reading,2-6 (collapsed; no grade x treatment interaction),0.211,0.00462,0.0679,411,462,5,,False,True,standardized_independent,California Achievement Test (CAT) Form E - Reading Vocabulary subtest (grade-standardized z-scores),1,,"d = (HLM-fitted adjusted M_t - M_c)/s_pooled posttest SD = (0.10-(-0.11))/0.996 = 0.211; g = J*d, J=0.99914 (df=871); g_var = (n_t+n_c)/(n_t*n_c)+d^2/(2(n_t+n_c)) then J^2*Var(d). Student-level variance (not cluster-adjusted).",0.21,"p.334 Table 1 (Year 2 Posttests, Read. voc.); narrative p.335",subagent,medium,"Significant t=3.04, p<.01 (HLM). Pretest covariate = CAT Total Reading. Paper-reported ES +.21 matches computed g. Full nonhandicapped+handicapped student sample."
stevens_slavin_1995-02,stevens_slavin_1995,115,stevens_slavin_1995,Stevens & Slavin 1995,Reading,2-6 (collapsed; no grade x treatment interaction),0.281,0.00463,0.0681,411,462,5,,False,True,standardized_independent,California Achievement Test (CAT) Form E - Reading Comprehension subtest (grade-standardized z-scores),1,,"d = (HLM-fitted adjusted M_t - M_c)/s_pooled = (0.15-(-0.13))/0.996 = 0.281; g = J*d, J=0.99914. Student-level variance (not cluster-adjusted).",0.28,"p.334 Table 1 (Year 2 Posttests, Read. comp.); narrative p.335",subagent,medium,"Significant t=3.62, p<.01 (HLM). Pretest covariate = CAT Total Reading. Paper-reported ES +.28 matches computed g."
stevens_slavin_1995-03,stevens_slavin_1995,115,stevens_slavin_1995,Stevens & Slavin 1995,Reading,2-6 (collapsed; no grade x treatment interaction),0.21,0.00462,0.0679,411,462,5,,False,True,standardized_independent,California Achievement Test (CAT) Form E - Language Expression subtest (grade-standardized z-scores),1,,"d = (HLM-fitted adjusted M_t - M_c)/s_pooled = (0.11-(-0.10))/0.998 = 0.210; g = J*d, J=0.99914. Student-level variance (not cluster-adjusted).",0.21,"p.334 Table 1 (Year 2 Posttests, Lang. expr.); narrative p.335",subagent,medium,"Language expression mapped to Reading per spec (reading vocabulary/comprehension/language expression -> Reading). Significant t=2.93, p<.01 (HLM). Pretest covariate = CAT Total Language. Paper-reported ES +.21 matches computed g."
stevens_slavin_1995-04,stevens_slavin_1995,115,stevens_slavin_1995,Stevens & Slavin 1995,Other,2-6 (collapsed; no grade x treatment interaction),0.1,0.0046,0.0678,411,462,5,,False,True,standardized_independent,California Achievement Test (CAT) Form E - Language Mechanics subtest (grade-standardized z-scores),1,,"d = (HLM-fitted adjusted M_t - M_c)/s_pooled = (0.05-(-0.05))/0.997 = 0.100; g = J*d, J=0.99914. Student-level variance (not cluster-adjusted).",0.1,"p.334 Table 1 (Year 2 Posttests, Lang. mech.); narrative p.335",subagent,medium,"Language mechanics mapped to Other per spec (writing/language mechanics -> Other). NOT significant, t=1.16. Pretest covariate = CAT Total Language. Paper-reported ES +.10 matches computed g."
stevens_slavin_1995-05,stevens_slavin_1995,115,stevens_slavin_1995,Stevens & Slavin 1995,STEM,2-6 (collapsed; no grade x treatment interaction),0.291,0.00464,0.0681,411,462,5,,False,True,standardized_independent,California Achievement Test (CAT) Form E - Math Computation subtest (grade-standardized z-scores),1,,"d = (HLM-fitted adjusted M_t - M_c)/s_pooled = (0.15-(-0.14))/0.995 = 0.291; g = J*d, J=0.99914. Student-level variance (not cluster-adjusted).",0.29,"p.334 Table 1 (Year 2 Posttests, Math comp.); narrative p.335",subagent,medium,"Significant t=3.77, p<.01 (HLM; printed as '.377' in OCR, narrative confirms t=3.77). Pretest covariate = CAT Total Mathematics (note comparison group had slightly higher math pretest, controlled in HLM). Paper-reported ES +.29 matches computed g."
stevens_slavin_1995-06,stevens_slavin_1995,115,stevens_slavin_1995,Stevens & Slavin 1995,STEM,2-6 (collapsed; no grade x treatment interaction),0.099,0.0046,0.0678,411,462,5,,False,True,standardized_independent,California Achievement Test (CAT) Form E - Math Application subtest (grade-standardized z-scores),1,,"d = (HLM-fitted adjusted M_t - M_c)/s_pooled = (0.04-(-0.06))/1.010 = 0.099; g = J*d, J=0.99914. Student-level variance (not cluster-adjusted).",0.1,"p.334 Table 1 (Year 2 Posttests, Math appl.); narrative p.335",subagent,medium,"NOT significant, t=1.24. Pretest covariate = CAT Total Mathematics. Paper-reported ES +.10 matches computed g (raw CES mean -.03 < raw comp .01, but adjusted/HLM-fitted means favor CES: .04 vs -.06)."
stokes_2018-01,stokes_2018,116,stokes_2018,Stokes et al. 2018,STEM,K-2,0.08,0.00287,0.0536,3238,3115,160,,True,True,standardized_independent,"Progress Test in Maths (PTM, GL Assessment) - standard age score",1,,"EEF Hedges' g: adjusted treatment-group difference (beta = 1.181, ANCOVA adjusting for school-level KS1 prior attainment) standardised by the pooled UNADJUSTED outcome SD (pooled variance 242.80 -> SD 15.58); 1.181/15.58 = 0.076 ~ 0.08 reported (Hedges J ~= 1.000 for this df, negligible). g_se and g_var back-computed from the reported 95% CI (-0.03, 0.18): SE = (0.18-(-0.03))/(2*1.96) = 0.0536, var = 0.00287. sd_t/sd_c derived as sqrt(group outcome variances 238.97 and 246.77 from Table 7.",1.181,"Table 1 (p.5), Table 6 & Table 7 (pp.25-26)",subagent,high,"Headline confirmatory outcome. p=0.156, n.s. (below the 0.14 MDES). Cluster-robust SEs (Stata cluster option on school); analysis on complete cases. This is the EFFECTIVENESS trial (train-the-trainers via Maths Hubs / NCETM, reduced developer involvement), distinct from the earlier developer-led EFFICACY trial ('Improving Numeracy and Literacy in Key Stage 1', Worth et al.) which reported a larger ES (~0.2)."
stokes_2018-02,stokes_2018,116,stokes_2018,Stokes et al. 2018,STEM,K-2,0.09,0.006664,0.0816,649,674,,,True,True,standardized_independent,"Progress Test in Maths (PTM, GL Assessment) - standard age score",0,subgroup,"EEF Hedges' g: adjusted difference 1.31 standardised by pooled unadjusted SD (pooled variance 217.53 -> SD 14.75); g=0.09 reported. g_se/g_var back-computed from reported 95% CI (-0.07, 0.25): SE = (0.25-(-0.07))/(2*1.96) = 0.0816, var = 0.006664. sd_t/sd_c from group variances 221.29 and 213.91 (Table 9).",1.31,Table 8 & Table 9 (pp.26-27),subagent,high,"Pre-specified FSM-eligible subgroup (non-randomised subset). p=0.288, n.s. Not the full-sample contrast; provided for completeness and excluded by is_full_sample=false."
styles_2014-01,styles_2014,117,styles_2014,Styles et al. 2014,Reading,Year 7 (low-attaining; KS2 predicted L3-4b),0.06,0.003686,0.0607,282,288,12,,True,True,standardized_independent,"GL Assessment New Group Reading Test (NGRT), composite reading score (post-test raw score, ANCOVA-adjusted for pre-test, school, sex, FSM, age)",1,,"Report's reported effect size = Hedges' g (Table 10, p.18). g = J * (intervention coefficient B / pooled post-test raw SD). B=0.405 (Appendix I, p.31), pooled post-test SD = sqrt(((281*6.8^2)+(287*7.3^2))/568) = 7.057 (from Table 11, p.18). d = 0.405/7.057 = 0.0574; J(df=568)=0.99868; g=0.0573 (report rounds to 0.06). g_se = J*SE_B/SD = 0.99868*0.429/7.057 = 0.0607; reproduced CI (-0.062,0.176) matches reported (-0.06,0.18). Standardised by pooled raw post-test SD.",0.405,"p.18 Table 10 (primary); p.18 Table 11 (post-test SDs); p.31 Appendix I (model coefficient B, SE)",subagent,high,"Primary/headline confirmatory outcome. NGRT composite = sum/aggregate of the two subscales (sentence completion + passage comprehension), both also extracted below as subscales. Non-significant (p=0.346). Pupil-level randomisation; no clustering to correct."
styles_2014-02,styles_2014,117,styles_2014,Styles et al. 2014,Reading,Year 7 (low-attaining; KS2 predicted L3-4b),0.02,0.005102,0.0714,282,288,12,,True,True,standardized_independent,"NGRT sentence completion subscale (post-test raw, ANCOVA-adjusted)",0,redundant_subscale,"Report's reported Hedges' g (Table 10, p.18) = 0.02, 95% CI (-0.12, 0.16). g_se derived from CI: (0.16-(-0.12))/(2*1.96) = 0.0714; g_var = 0.005102. No coefficient table reported for subscales, so impact_estimate/SE and means/SDs left null.",,p.18 Table 10 (secondary - sentence completion),subagent,high,Secondary outcome; one of two NGRT subscales that compose the primary composite reading score. Non-significant (p=0.804).
styles_2014-03,styles_2014,117,styles_2014,Styles et al. 2014,Reading,Year 7 (low-attaining; KS2 predicted L3-4b),0.07,0.003748,0.0612,282,288,12,,True,True,standardized_independent,"NGRT passage comprehension subscale (post-test raw, ANCOVA-adjusted)",0,redundant_subscale,"Report's reported Hedges' g (Table 10, p.18) = 0.07, 95% CI (-0.05, 0.19). g_se derived from CI: (0.19-(-0.05))/(2*1.96) = 0.0612; g_var = 0.003748. No coefficient table reported for subscales, so impact_estimate/SE and means/SDs left null.",,p.18 Table 10 (secondary - passage comprehension),subagent,high,Secondary outcome; one of two NGRT subscales that compose the primary composite reading score. Non-significant (p=0.281).
styles_2014-04,styles_2014,117,styles_2014,Styles et al. 2014,Reading,"Year 7 (low-attaining), FSM-eligible",0.01,0.014914,0.1221,81,77,12,,True,True,standardized_independent,"GL Assessment NGRT composite reading score, FSM-eligible pupils (post-test raw, ANCOVA-adjusted)",0,subgroup,"Report's reported Hedges' g (Table 10, p.18) = 0.01, 95% CI (-0.23, 0.25). Reproduced: B=0.056 (Appendix I FSM model, p.32), standardised by overall pooled post-test SD 7.057 -> d=0.0079; J(df=156)=0.99518; g=0.0079 (~0.01). g_se = J*SE_B/SD = 0.99518*0.866/7.057 = 0.1221; reproduced CI (-0.231,0.247) matches reported (-0.23,0.25). g_var=0.014914.",0.056,"p.18 Table 10 (primary FSM); p.32 Appendix I (FSM model coefficient B, SE)",subagent,high,Pre-specified FSM-eligible subgroup (non-randomised subset). Non-significant (p=0.948). is_full_sample=false.
sutherland_2019-01,sutherland_2019,118,sutherland_2019,Sutherland et al. 2019,STEM,3-6,-0.04,0.0044,0.0663,1103,1030,112,0.09,True,True,standardized_independent,ACER Essential Learning Metric (ELM) for Mathematics (Years 4-5),1,,"Hedges' g reported by the evaluator (exec-summary Table 1, p.5): ES = (Y_T - Y_C)_baseline-adjusted / pooled unconditional SD, per EEF/Hedges (2007) cluster-RCT guidance. Numerator = multilevel ANCOVA treatment coefficient b=-0.29 (Table 14, p.89), adjusting for KS1 baseline + year group, with class-level clustering and robust SEs. Denominator = pooled unconditional SD s* = sqrt[((n1-1)s1^2+(n2-1)s2^2)/(n1+n2-2)] = sqrt(41.99) = 6.480 (Table 8 pooled variance 41.99; group variances 42.03 int / 41.05 ctrl). Check: -0.29/6.480 = -0.0448 ~ -0.04. SE derived from reported 95% CI (-0.17, 0.09): SE = (0.09-(-0.17))/(2*1.959964) = 0.0663; g_var = SE^2 = 0.0044. mean_t/mean_c are RAW post-test ELM means (Table 7); sd_t/sd_c are sqrt of the group variances in Table 8 (these are the standardising variances, ~ raw post-test SDs).",-0.29,"p.5 Table 1 (exec summary) & p.31 Table 8 (effect size, sign typo) & p.31 Table 7 (raw means) & p.89 Table 14 (ITT model coefficient b=-0.29, se 0.43, ICC 0.09)",subagent,medium,"Headline confirmatory primary outcome. No evidence of impact: g=-0.04, p=0.507 (exec)/0.51 (ITT model); 0 estimated months' progress. Sign is NEGATIVE (favours control); see problems #1 re Table 8 typo. Cluster = class/teacher (analysis-stage between-class ICC 0.09; design-stage assumed 0.13). n_clusters=112 'classes' at analysis (58 int / 54 ctrl); n_t/n_c are pupils in the ITT model (1103 int / 1030 ctrl, total 2133). ELM Maths is an independently developed/administered/marked standardised maths assessment (ACER, aligned to National Curriculum) -> standardized_independent. Secondary disengagement outcome (Hedges g -0.09) NOT extracted (non-achievement)."
sutherland_2019-02,sutherland_2019,118,sutherland_2019,Sutherland et al. 2019,STEM,3-6,0.04,0.0204,0.1429,,,,0.08,True,True,standardized_independent,ACER Essential Learning Metric (ELM) for Mathematics (Years 4-5) - FSM-eligible pupils,0,subgroup,"Hedges' g for the FSM-eligible subgroup reported by the evaluator (exec-summary Table 1, p.5): same EEF/Hedges (2007) cluster-RCT adjusted-ES method as the full-sample primary outcome, applied to FSM-eligible pupils (FSM*treatment cross-level interaction modelled; Table 16, p.90). g=0.04 taken directly. SE derived from reported 95% CI (-0.24, 0.32): SE = (0.32-(-0.24))/(2*1.959964) = 0.1429; g_var = SE^2 = 0.0204. The report does not print a separate raw-means table or split n_t/n_c for this subgroup; total subgroup n=635 (exec Table 1) / n=2063 in the full FSM-interaction model. icc=0.08 = between-class ICC from the FSM-subgroup model (Table 16).",,"p.5 Table 1 (exec summary, 'Mathematics (FSM pupils)') & p.90 Table 16 (ELM maths FSM sub-group model)",subagent,medium,"Non-randomised FSM-eligible subgroup (is_full_sample=false; pre-specified but under-powered subgroup analysis per the report). g=+0.04 (95% CI -0.24, 0.32); exec p=0.061; 0 estimated months' progress; no significant FSM effect. n=635 in exec Table 1 (subgroup-specific) vs 2063 in the full cross-level interaction model; per-arm n not separately printed -> n_t/n_c null. Included so central merge can correctly down-weight/flag this as a subgroup."
taylor_2015-01,taylor_2015,119,taylor_2015,Taylor et al. 2015,STEM,9-10,0.09,0.0018,0.0424,1509,1543,18,0.13,True,True,standardized_independent,"Washington High School Proficiency Exam (HSPE), 10th-grade science",1,,"Paper's reported Hedges' g (J*b01/s_pooled), with numerator = covariate-adjusted multilevel impact coefficient b01 = 3.68 and denominator = sample-size-weighted pooled SD of the UNADJUSTED 10th-grade science outcome (Table 6 SDs 43.305 and 39.119 -> s_pooled = 41.24). Reproduced: J*3.68/41.24 = 0.089 ~= .09. g_se = J*(impact_se/s_pooled) = 0.0424 (model-based SE accounts for clustering); paper's 95% CI [.01,.17] implies g_se ~= .041 (consistent).",3.68,"p. 21-23, Tables 6 and 7 (impact b01=3.68, SE=1.75, p=.035; descriptives SCI10); reported Hedges' g=.09, 95% CI [.01,.17]",subagent,high,"Confirmatory RQ1 main effect of treatment on student science achievement (intent-to-treat). Standardized state test (HSPE 10 science), Cronbach's alpha .87. Multilevel ANCOVA/HLM: students at Level 1, schools at Level 2; TREAT at school level; grand-mean-centered covariates SCI8, MAT8, WRIT7, FRL, GEND, ELL, SPED, GRADE, race contrasts, plus school-mean aggregates (MNSCI8, MNMAT8, MNFRL). Unconditional ICC = .13. The only student-achievement outcome reported; teacher-practice (RTOP, Hedges' g=1.85) and mediation/moderation outcomes are NOT extracted per spec (teacher outcomes / non-achievement). n_clusters = 18 (9 treatment + 9 comparison schools), avg ~170 students/school in analytic sample."
thiede_2018-01,thiede_2018,120,thiede_2018,Thiede et al. 2018,STEM,2-5,,,,42,44,86,,True,True,standardized_independent,"Measures of Academic Progress (MAP), NWEA",0,no_variance,"NOT COMPUTABLE from report: no standardizing SD reported. impact_estimate = Table 4 adjusted (pretest-controlled) posttest MAP mean difference FA - Control = 213.98 - 213.31 = 0.67 RIT points (matches Table 5 multilevel-regression FA main-effect coefficient B=0.68, SE=0.60, z=1.13, ns). To get g, divide by a posttest MAP/RIT SD supplied centrally (none in paper).",0.67,p.112 Table 4 (means); p.113 Table 5 (regression coefficients); p.111-112 sec 3.3 (n's),subagent,medium,"FA main effect / FA-vs-Control contrast was non-significant (z=1.13, p>.05). n_t=42 FA teachers, n_c=44 Control teachers (Grades 2-5 achievement subsample); n_clusters=42+44=86. Table-4 SE of adjusted mean: FA .43, Control .42 (these are SEs, not SDs). Student-level N not reported."
thiede_2018-02,thiede_2018,121,thiede_2018,Thiede et al. 2018,STEM,2-5,,,,53,44,97,,True,True,standardized_independent,"Measures of Academic Progress (MAP), NWEA",0,no_variance,"NOT COMPUTABLE from report: no standardizing SD reported. impact_estimate = Table 4 adjusted (pretest-controlled) posttest MAP mean difference DMT - Control = 214.85 - 213.31 = 1.54 RIT points (matches Table 5 multilevel-regression DMT main-effect coefficient B=1.55, SE=0.57, z=2.72, p<.01). To get g, divide by a posttest MAP/RIT SD supplied centrally (none in paper).",1.54,p.112 Table 4 (means); p.113 Table 5 (regression coefficients); p.111-112 sec 3.3 (n's),subagent,medium,"DMT was the ONLY condition significantly related to higher student math achievement (Table 5 B=1.55, SE=0.57, z=2.72, p<.01). n_t=53 DMT teachers, n_c=44 Control teachers (Grades 2-5 achievement subsample); n_clusters=53+44=97. Table-4 SE of adjusted mean: DMT .38, Control .42. Student-level N not reported."
thiede_2018-03,thiede_2018,122,thiede_2018,Thiede et al. 2018,STEM,2-5,,,,45,44,89,,True,True,standardized_independent,"Measures of Academic Progress (MAP), NWEA",0,no_variance,"NOT COMPUTABLE from report: no standardizing SD reported. impact_estimate = Table 4 adjusted (pretest-controlled) posttest MAP mean difference DMT+FA - Control = 215.94 - 213.31 = 2.63 RIT points (consistent with Table 5 sum of factorial coefficients DMT+FA+interaction = 1.55+0.68+0.41 = 2.64). The combined contrast's SE is NOT directly reported (Table 5 gives only individual coefficient SEs: DMT .57, FA .60, DMTxFA .82), so impact_se is null. To get g, divide by a posttest MAP/RIT SD supplied centrally (none in paper).",2.63,p.112 Table 4 (means); p.113 Table 5 (regression coefficients); p.111-112 sec 3.3 (n's),subagent,medium,"DMT+FA had the highest adjusted mean (215.94). The DMTxFA interaction was non-significant (Table 5 B=0.41, SE=0.82, z=0.50), so the combined condition's effect is approximately additive. impact_se left null because the combined arm-vs-control contrast SE is not reported (would require the model's coefficient covariances). n_t=45 DMT+FA teachers, n_c=44 Control teachers (Grades 2-5 achievement subsample); n_clusters=45+44=89. Table-4 SE of adjusted mean: DMT+FA .41, Control .42. Student-level N not reported."
thurston_2016-01,thurston_2016,123,thurston_2016,Thurston 2016 (EEF Paired Reading),Reading,"Year 7 (KS3, age 11-12)",-0.02,0.0044,0.0663,625,681,120,0.176,True,True,standardized_independent,New Group Reading Test (NGRT) - Overall Reading Scale,1,,"Report's effect size (Table 12, adjusted) = Tymms(2004): adjusted multilevel impact on age-standardised reading score (-0.28) / pupil-level SD from unadjusted multilevel model = -0.02. NOT J-corrected. g_se from reported 95% CI (-0.15,0.11): width/3.92=0.0663; g_var=g_se^2. impact_estimate = adjusted regression coefficient on age-standardised score; mean/sd are unadjusted post-test scale-score descriptives (Table 10), not the standardising metric.",-0.28,p.31 Table 12 (adjusted ES); p.30 Table 10 (descriptives); ICC=0.176 from unadjusted model (adjusted ICC 0.037),subagent,high,"Primary outcome, headline result. Year 7 = tutees. No significant impact. ~ -1 month progress."
thurston_2016-02,thurston_2016,123,thurston_2016,Thurston 2016 (EEF Paired Reading),Reading,"Year 9 (KS3, age 13-14)",-0.06,0.00166,0.0408,614,655,120,0.059,True,True,standardized_independent,New Group Reading Test (NGRT) - Overall Reading Scale,1,,"Report's effect size (Table 13, adjusted) = Tymms(2004): adjusted multilevel impact (-0.91 on age-standardised score) / unadjusted pupil-level SD = -0.06. NOT J-corrected. g_se from reported 95% CI (-0.14,0.02): width/3.92=0.0408; g_var=g_se^2. mean/sd = unadjusted post-test scale-score descriptives (Table 11).",-0.91,p.32 Table 13 (adjusted ES); p.30 Table 11 (descriptives); ICC=0.059 unadjusted (adjusted ICC 0.018),subagent,high,Primary outcome. Year 9 = tutors. No significant impact. ~ -1 month progress (revised conversion = 0 months).
thurston_2016-03,thurston_2016,123,thurston_2016,Thurston 2016 (EEF Paired Reading),Reading,"Year 7 (KS3, age 11-12)",-0.01,0.00315,0.0561,625,681,120,0.164,True,True,standardized_independent,NGRT - Passage Comprehension Scale,0,redundant_subscale,"Report's effect size (Table 16, adjusted) = Tymms(2004) adjusted impact (-0.48 scale-score units) / unadjusted pupil-level SD = -0.01. NOT J-corrected. g_se from 95% CI (-0.12,0.10): width/3.92=0.0561; g_var=g_se^2. mean/sd = unadjusted post-test descriptives (Table 14).",-0.48,p.34-35 Table 16 (adjusted ES); p.33 Table 14 (descriptives); ICC=0.164 unadjusted,subagent,high,Secondary outcome; a component/subscale of the Overall Reading scale. Year 7 tutees. No impact.
thurston_2016-04,thurston_2016,123,thurston_2016,Thurston 2016 (EEF Paired Reading),Reading,"Year 9 (KS3, age 13-14)",-0.09,0.00315,0.0561,614,655,120,0.058,True,True,standardized_independent,NGRT - Passage Comprehension Scale,0,redundant_subscale,"Report's effect size (Table 17, adjusted) = Tymms(2004) adjusted impact (-5.22 scale-score units) / unadjusted pupil-level SD = -0.09. NOT J-corrected. g_se from 95% CI (-0.20,0.02): width/3.92=0.0561; g_var=g_se^2. mean/sd = unadjusted post-test descriptives (Table 15).",-5.22,p.35 Table 17 (adjusted ES); p.33-34 Table 15 (descriptives); ICC=0.058 unadjusted,subagent,high,Secondary outcome; component/subscale of Overall Reading. Year 9 tutors. No significant impact (CI includes 0).
thurston_2016-05,thurston_2016,123,thurston_2016,Thurston 2016 (EEF Paired Reading),Reading,"Year 7 (KS3, age 11-12)",-0.04,0.0026,0.051,627,682,120,0.142,True,True,standardized_independent,NGRT - Sentence Completion Scale,0,redundant_subscale,"Report's effect size (Table 20, adjusted) = Tymms(2004) adjusted impact (-1.60 scale-score units) / unadjusted pupil-level SD = -0.04. NOT J-corrected. g_se from 95% CI (-0.14,0.06): width/3.92=0.051; g_var=g_se^2. mean/sd = unadjusted post-test descriptives (Table 18).",-1.6,p.37 Table 20 (adjusted ES); p.36-37 Table 18 (descriptives); ICC=0.142 unadjusted,subagent,high,Secondary outcome; component/subscale of Overall Reading. Year 7 tutees. No impact.
thurston_2016-06,thurston_2016,123,thurston_2016,Thurston 2016 (EEF Paired Reading),Reading,"Year 9 (KS3, age 13-14)",-0.01,0.00188,0.0434,620,656,120,0.024,True,True,standardized_independent,NGRT - Sentence Completion Scale,0,redundant_subscale,"Report's effect size (Table 21, adjusted) = Tymms(2004) adjusted impact (-0.43 scale-score units) / unadjusted pupil-level SD = -0.01. NOT J-corrected. g_se from 95% CI (-0.09,0.08): width/3.92=0.0434; g_var=g_se^2. mean/sd = unadjusted post-test descriptives (Table 19).",-0.43,p.37-38 Table 21 (adjusted ES); p.37 Table 19 (descriptives); ICC=0.024 unadjusted,subagent,high,Secondary outcome; component/subscale of Overall Reading. Year 9 tutors. No impact.
thurston_2016-07,thurston_2016,123,thurston_2016,Thurston 2016 (EEF Paired Reading),Reading,"Year 7 (KS3, age 11-12), FSM-eligible",-0.04,0.00752,0.0867,,,120,,True,True,standardized_independent,NGRT - Overall Reading Scale (FSM subgroup),0,subgroup,"Report's adjusted effect size for FSM subgroup (p.32 text; Appendix D Table D1a) = -0.04. NOT J-corrected. g_se from 95% CI (-0.21,0.13): width/3.92=0.0867; g_var=g_se^2. Subgroup n=246 FSM pupils (treatment/control split not separately reported in main text).",,p.32 (text); Appendix D Table D1a,subagent,high,"Pre-specified FSM subgroup (non-randomised subset), primary outcome, Year 7 tutees. n=246. No significant impact."
thurston_2016-08,thurston_2016,123,thurston_2016,Thurston 2016 (EEF Paired Reading),Reading,"Year 9 (KS3, age 13-14), FSM-eligible",-0.06,0.00166,0.0408,,,120,,True,True,standardized_independent,NGRT - Overall Reading Scale (FSM subgroup),0,subgroup,"Report's adjusted effect size for FSM subgroup (p.32 text; Appendix D Table D4a) = -0.06. NOT J-corrected. g_se from 95% CI (-0.14,0.02): width/3.92=0.0408; g_var=g_se^2. Subgroup n=246 FSM pupils.",,p.32 (text); Appendix D Table D4a,subagent,high,"Pre-specified FSM subgroup (non-randomised subset), primary outcome, Year 9 tutors. n=246. No significant impact."
tolan_2020-01,tolan_2020,124,tolan_2020,Tolan et al. 2020,Reading,K-3,0.0338,0.00114,0.0338,,,95,,True,True,standardized_independent,"Woodcock-Johnson III Tests of Achievement, Reading composite (Reading Fluency + Reading Comprehension), grade-adjusted",1,,"d = B/SD_post = 0.03/0.88 using full-sample post-test composite SD (Table 2); g = J*d, J=0.9919 (df=N-2, N=95 classrooms); g_se = J*(SE/SD) = 0.9919*(0.03/0.88). Impact_estimate is the pretest-adjusted 'Treatment group' regression coefficient from Table 5. mean_t/mean_c/sd reported are raw full-sample post-test composite values (Table 2), shown for reference only; g is from the adjusted coefficient.",0.03,"p. 87 Table 5 (Treatment group coefficient, Reading composite); p. 80 Table 2 (post-test means/SDs)",subagent,medium,"Full-sample TPD-vs-control main effect on reading achievement; NON-significant (no main effects of intervention in any model). Outcome aggregated to classroom level; unit of analysis = teacher/classroom (95 classrooms, Cohorts 1 & 2 only). WJ III is a standardized/independent norm-referenced test. Authors report a moderated reading d=0.18 ONLY for the highest-risk subgroup (high distress + high disruption) -- see separate subgroup row, not full-sample."
tolan_2020-02,tolan_2020,124,tolan_2020,Tolan et al. 2020,STEM,K-3,-0.0095,0.00146,0.0382,,,95,,True,True,standardized_independent,"Woodcock-Johnson III Tests of Achievement, Math composite (Applied Problems + Math Calculation), grade-adjusted",1,,"d = B/SD_post = -0.01/1.04 using full-sample post-test composite SD (Table 2); g = J*d, J=0.9919 (df=N-2, N=95 classrooms); g_se = J*(SE/SD) = 0.9919*(0.04/1.04). Impact_estimate is the pretest-adjusted 'Treatment group' regression coefficient from Table 5. mean_t/mean_c/sd reported are raw full-sample post-test composite values (Table 2), shown for reference only; g is from the adjusted coefficient.",-0.01,"p. 87 Table 5 (Treatment group coefficient, Math composite); p. 80 Table 2 (post-test means/SDs)",subagent,medium,"Full-sample TPD-vs-control main effect on math achievement; NON-significant (no main effects of intervention in any model). Outcome aggregated to classroom level; unit of analysis = teacher/classroom (95 classrooms, Cohorts 1 & 2 only). WJ III is a standardized/independent norm-referenced test. Authors report a moderated math d=0.11 ONLY for the highest-risk subgroup (high distress + high disruption), and no significant simple slopes for math -- see separate subgroup row, not full-sample."
tolan_2020-03,tolan_2020,124,tolan_2020,Tolan et al. 2020,Reading,K-3,,,,,,,,True,True,standardized_independent,"Woodcock-Johnson III Tests of Achievement, Reading composite (grade-adjusted)",0,no_variance,"NOT COMPUTED -- subgroup/moderated effect, not full-sample. Authors report Cohen's d=0.18 for model-implied intervention-vs-control mean difference within the highest-risk subgroup (simple slope B=0.15, p<.05), standardized by the within-subgroup pooled SD.",0.15,"p. 87 (Results, simple slopes); Fig. 5",subagent,medium,FLAG: subgroup/moderated effect only. d=0.18 for reading achievement among classrooms with high baseline teacher distress AND high baseline classroom disruptive behavior (top third on each moderator). NOT a full-sample contrast; recorded for traceability only. Per spec this should be skipped/flagged as non-full-sample; included here so the central merge can exclude it.
tolan_2020-04,tolan_2020,124,tolan_2020,Tolan et al. 2020,STEM,K-3,,,,,,,,True,True,standardized_independent,"Woodcock-Johnson III Tests of Achievement, Math composite (grade-adjusted)",0,no_variance,"NOT COMPUTED -- subgroup/moderated effect, not full-sample. Authors report Cohen's d=0.11 for model-implied intervention-vs-control mean difference within the highest-risk subgroup; NO simple slope for math was statistically significant.",,"p. 87 (Results, simple slopes); Fig. 6",subagent,medium,FLAG: subgroup/moderated effect only. d=0.11 for math achievement in the highest-risk subgroup; none of the math simple slopes were statistically significant. NOT a full-sample contrast; recorded for traceability only and excluded from the full-sample pool.
vaughn_2022-01,vaughn_2022,126,vaughn_2022,Vaughn et al. 2022,Reading,3-6,0.56,0.00797,0.0893,2614,884,79,0.2,True,True,researcher_made,"Unit test of content knowledge (researcher-developed social studies content assessment, 20-21 items)",0,researcher_made,Reported by authors as Hedges' g for cluster-randomized three-level models (Hedges 2011); CI-derived SE = (0.73-0.38)/(2*1.96). Table 6.,8.32,p.266 Table 6; means/SDs p.265 Table 4 (Benchmark multiple choice); model p.266 Table 5,subagent,high,"Researcher-developed content unit test; not an independent measure (paper's content measures). STRIVE main effect gamma001=8.32, SE=1.31, p<.001 (Table 5)."
vaughn_2022-02,vaughn_2022,126,vaughn_2022,Vaughn et al. 2022,Reading,3-6,0.2,0.0051,0.0714,2614,884,79,0.16,True,True,researcher_made,"Content reading comprehension (researcher-developed; 5 passages, 6 MC items each; Swanson et al. 2018)",0,researcher_made,Author-reported Hedges' g for 3-level cluster-randomized model; CI-derived SE = (0.34-0.06)/(2*1.96). Table 6.,1.33,p.266 Table 6; means/SDs p.265 Table 4 (Benchmark reading comprehension); model p.266 Table 5,subagent,high,"Researcher-developed content reading comprehension measure (not independent). STRIVE main effect gamma001=1.33, SE=0.50, p=.01."
vaughn_2022-03,vaughn_2022,126,vaughn_2022,Vaughn et al. 2022,Reading,3-6,0.51,0.00625,0.0791,2614,884,79,0.16,True,True,researcher_made,Unit test of content vocabulary (researcher-developed vocabulary-matching tests; Swanson et al. 2018),0,researcher_made,Author-reported Hedges' g for 3-level cluster-randomized model; CI-derived SE = (0.66-0.35)/(2*1.96). Table 6.,12.28,p.266 Table 6; means/SDs p.265 Table 4 (Benchmark vocabulary); model p.266 Table 5,subagent,high,"Researcher-developed content vocabulary measure (not independent). STRIVE main effect gamma001=12.28, SE=1.79, p<.01."
vaughn_2022-04,vaughn_2022,126,vaughn_2022,Vaughn et al. 2022,Reading,3-6,0.06,0.00188,0.0434,2434,780,79,0.03,True,True,standardized_independent,Gates-MacGinitie Reading Vocabulary subtest (4th ed.),1,,Author-reported Hedges' g for 3-level cluster-randomized model; CI-derived SE = (0.14-(-0.03))/(2*1.96). Table 6.,2.45,p.266 Table 6; means/SDs p.265 Table 4 (Gates vocabulary); model p.267 Table 7,subagent,high,"Standardized/independent norm-referenced measure (Gates-MacGinitie). NS for non-ELs: g=0.06, 95% CI [-.03,.14]; STRIVE main effect gamma003=2.45, SE=1.83, p=.19 (Table 7)."
vaughn_2022-05,vaughn_2022,126,vaughn_2022,Vaughn et al. 2022,Reading,3-6,-0.04,0.01563,0.125,1477,334,37,0.07,True,True,standardized_independent,Gates-MacGinitie Reading Comprehension subtest (4th ed.),1,,Author-reported Hedges' g for 3-level cluster-randomized model; CI-derived SE = (0.20-(-0.29))/(2*1.96). Table 6.,-0.4,p.266 Table 6; means/SDs p.265 Table 4 (Gates comprehension); model p.267 Table 7,subagent,high,"Standardized/independent measure (Gates-MacGinitie comprehension). Analyzed in only 37 schools (one district capped testing time, a group not administered). NS, near zero/negative for non-ELs: g=-0.04, 95% CI [-.29,.20]; STRIVE gamma001=-0.40, SE=4.10, p=.92 (Table 7). n_clusters=37 for this measure."
vaughn_2022-06,vaughn_2022,125,vaughn_2022,Vaughn et al. 2022,Reading,3-6,0.55,0.00752,0.0867,600,264,79,0.2,True,True,researcher_made,"Unit test of content knowledge (researcher-developed social studies content assessment, 20-21 items)",0,researcher_made,Author-reported Hedges' g for 3-level cluster-randomized model (EL subgroup via EL x STRIVE model contrast); CI-derived SE = (0.72-0.38)/(2*1.96). Table 6.,,"p.266 Table 6; means/SDs p.265 Table 4 (Benchmark multiple choice, ELs); model p.266 Table 5",subagent,high,"EL subgroup (specific population). Researcher-developed content unit test (not independent). g=0.55 [.38,.72]; treatment effect did not differ for EL vs non-EL on content knowledge (ELxSTRIVE NS)."
vaughn_2022-07,vaughn_2022,125,vaughn_2022,Vaughn et al. 2022,Reading,3-6,0.27,0.0051,0.0714,600,264,79,0.16,True,True,researcher_made,"Content reading comprehension (researcher-developed; 5 passages, 6 MC items each; Swanson et al. 2018)",0,researcher_made,Author-reported Hedges' g for 3-level cluster-randomized model (EL subgroup); CI-derived SE = (0.40-0.12)/(2*1.96). Table 6.,,"p.266 Table 6; means/SDs p.265 Table 4 (Benchmark reading comprehension, ELs); model p.266 Table 5",subagent,high,"EL subgroup. Researcher-developed content reading comprehension measure (not independent). g=0.27 [.12,.40]. Significant EL x STRIVE interaction (gamma101=3.27, SE=1.70, p=.05): difference EL vs non-EL smaller in STRIVE schools with 20% ELs."
vaughn_2022-08,vaughn_2022,125,vaughn_2022,Vaughn et al. 2022,Reading,3-6,0.5,0.00625,0.0791,600,264,79,0.16,True,True,researcher_made,Unit test of content vocabulary (researcher-developed vocabulary-matching tests; Swanson et al. 2018),0,researcher_made,Author-reported Hedges' g for 3-level cluster-randomized model (EL subgroup); CI-derived SE = (0.66-0.35)/(2*1.96). Table 6.,,"p.266 Table 6; means/SDs p.265 Table 4 (Benchmark vocabulary, ELs); model p.266 Table 5",subagent,high,"EL subgroup. Researcher-developed content vocabulary measure (not independent). g=0.50 [.35,.66]. Significant 3-way interaction for content vocabulary (Sch.prc.ELs x STRIVE x EL gamma=-0.30, p=.04)."
vaughn_2022-09,vaughn_2022,125,vaughn_2022,Vaughn et al. 2022,Reading,3-6,0.11,0.00188,0.0434,627,248,79,0.03,True,True,standardized_independent,Gates-MacGinitie Reading Vocabulary subtest (4th ed.),0,subgroup,Author-reported Hedges' g for 3-level cluster-randomized model (EL subgroup); CI-derived SE = (0.20-0.03)/(2*1.96). Table 6.,,"p.266 Table 6; means/SDs p.265 Table 4 (Gates vocabulary, ELs); model p.267 Table 7",subagent,high,"EL subgroup. Standardized/independent measure (Gates-MacGinitie vocabulary). g=0.11, 95% CI [.03,.20] (significant for ELs). Significant EL x STRIVE cross-level interaction (gamma203=5.79, p=.05): STRIVE more effective for ELs than non-ELs on Gates vocabulary at average school % EL."
vaughn_2022-10,vaughn_2022,125,vaughn_2022,Vaughn et al. 2022,Reading,3-6,0.12,0.01563,0.125,232,78,37,0.07,True,True,standardized_independent,Gates-MacGinitie Reading Comprehension subtest (4th ed.),0,subgroup,Author-reported Hedges' g for 3-level cluster-randomized model (EL subgroup); CI-derived SE = (0.37-(-0.12))/(2*1.96). Table 6.,,"p.266 Table 6; means/SDs p.265 Table 4 (Gates comprehension, ELs); model p.267 Table 7",subagent,high,"EL subgroup. Standardized/independent measure (Gates-MacGinitie comprehension). NS: g=0.12, 95% CI [-.12,.37]. Analyzed in only 37 schools (testing-time cap). n_clusters=37 for this measure."
vernon_feagans_2013-01,vernon_feagans_2013,127,vernon_feagans_2013,Vernon-Feagans et al. 2013,Reading,K-2,0.361,0.03005,0.1733,176,96,15,,True,True,standardized_independent,Woodcock-Johnson III Diagnostic Reading Battery - Word Attack,1,,d = HLM SRI-vs-SRC contrast b (5.66) / sqrt(total model variance = L1 217.69 + L2 16.73 + L3 10.44 = 244.86; sqrt=15.65) = 0.362; J=0.9972 (df=n_t+n_c-2=270); g=0.361. impact_se 2.72 -> se_d=2.72/15.65=0.174 -> g_var=J^2*se_d^2=0.03005. Reproduces paper-reported d=.36 (Table 5).,5.66,"p.1183 Table 5 (Contrasts: SRI vs. SRC, WA = .36); variance components same column",subagent,high,"Word Attack = phonic/structural decoding of nonwords. WJ-III DRB subtest, median reliability .87. b and SE from 3-level pretest-adjusted HLM with 20 multiply-imputed datasets; cluster-adjusted (students in classrooms in schools). n = spring struggling-reader counts (SRI K84+G1 92=176; SRC K51+G1 45=96)."
vernon_feagans_2013-02,vernon_feagans_2013,127,vernon_feagans_2013,Vernon-Feagans et al. 2013,Reading,K-2,0.541,0.04256,0.2063,176,93,15,,True,True,standardized_independent,Woodcock-Johnson III Diagnostic Reading Battery - Letter Word Identification,1,,d = contrast b (8.39) / sqrt(L1 198.31 + L2 21.42 + L3 19.54 = 239.27; sqrt=15.47) = 0.542; J=0.9972 (df=267); g=0.541. se_d=3.20/15.47=0.207 -> g_var=0.04256. Reproduces paper-reported d=.54 (Table 5).,8.39,"p.1183 Table 5 (Contrasts: SRI vs. SRC, LW = .54)",subagent,high,"Letter Word Identification = letter/word reading. WJ-III DRB subtest, median reliability .91. Cluster-adjusted 3-level HLM, pretest-adjusted, multiply imputed. n = spring struggling-reader counts (SRI 176; SRC K51+G1 42=93)."
vernon_feagans_2013-03,vernon_feagans_2013,127,vernon_feagans_2013,Vernon-Feagans et al. 2013,Reading,K-2,0.484,0.03325,0.1823,176,96,15,,True,True,standardized_independent,Woodcock-Johnson III Diagnostic Reading Battery - Passage Comprehension,1,,d = contrast b (7.65) / sqrt(L1 216.55 + L2 18.21 + L3 13.31 = 248.07; sqrt=15.75) = 0.486; J=0.9972 (df=270); g=0.484. se_d=2.88/15.75=0.183 -> g_var=0.03325. Reproduces paper-reported d=.48 (Table 5).,7.65,"p.1183 Table 5 (Contrasts: SRI vs. SRC, PC = .48)",subagent,high,"Passage Comprehension = modified cloze passage reading. WJ-III DRB subtest, median reliability .83. Cluster-adjusted 3-level HLM, pretest-adjusted, multiply imputed. n = spring struggling-reader counts (SRI 176; SRC 96)."
vernon_feagans_2013-04,vernon_feagans_2013,127,vernon_feagans_2013,Vernon-Feagans et al. 2013,Reading,K-2,0.429,0.03118,0.1766,176,96,15,,True,True,standardized_independent,Woodcock-Johnson III Diagnostic Reading Battery - Spelling of Sounds,1,,"d = contrast b (3.23) / sqrt(L1 51.01 + L2 2.78 + L3 2.63 = 56.42; sqrt=7.51) = 0.430; J=0.9972 (df=270); g=0.429. se_d=1.33/7.51=0.177 -> g_var=0.03118. NOTE: paper reports d=.63 for SS but this is NOT reproducible (3.23/.63 implies SD=5.13 / var=26.3, matching no reported component); treated as a likely paper reporting error; g recomputed from reported b and variance components per the paper's stated method (b / sqrt total variation).",3.23,"p.1183 Table 5 (Contrasts: SRI vs. SRC, SS = .63 [paper]; recomputed .43)",subagent,high,"Spelling of Sounds = phonological/orthographic coding (spelling). WJ-III DRB subtest, median reliability .74. Paper-reported effect size .63 conflicts with its own stated method; recomputed g=0.43 from reported b=3.23 and total model variance (56.42). Cluster-adjusted 3-level HLM, pretest-adjusted, multiply imputed."
vernon_feagans_2013-05,vernon_feagans_2013,127,vernon_feagans_2013,Vernon-Feagans et al. 2013,Other,K-2,-0.148,0.03927,0.1982,176,96,15,,True,True,standardized_independent,Peabody Picture Vocabulary Test-III (PPVT-III),1,,"d = contrast b (-1.59) / sqrt(L1 86.48 + L2 22.85 + L3 5.57 = 114.90; sqrt=10.72) = -0.148; J=0.9972; g=-0.148. se_d=2.13/10.72=0.199 -> g_var=0.03927. Paper reports unsigned d=.15 (non-significant, not bolded); sign negative (b=-1.59, p=.46).",-1.59,"p.1184 Table 5 (Contrasts: SRI vs. SRC, PPVT-III = .15)",subagent,high,"RECEPTIVE VOCABULARY, not a reading-achievement test -> outcome_subject=Other; recorded for completeness but should be excluded from the Reading TPD-vs-BAU pool per the assignment (Reading only). Non-significant, no positive TRI effect (b=-1.59, p=.46). NOT one of the 4 reading achievement tests the paper headlines."
vignoles_2015-01,vignoles_2015,128,vignoles_2015,Vignoles et al. 2015,STEM,"K-2 (Year 1, age 5-6)",0.099,0.002916,0.054,2160,2016,83,0.11,True,True,standardized_independent,"Number Knowledge test (Okamoto & Case; Number Worlds, Clark University) - total raw score",1,,"Report's own 'Effect size (Hedge's G)' from OLS regression of standardised post-test z-score on Treatment, adjusting for pre-test (Table 4, Overall column): Beta = +0.099. The post-test was z-standardised by the pooled post-test SD across all 4,176 analysis-sample pupils using the EEF Hedges-G pooled-SD formula incorporating the J small-sample correction (p.14), so Beta is itself Hedges' g. g_se = reported school-level cluster-robust (Huber-White svy) SE = 0.054; g_var = SE^2 = 0.002916. (Independent check: 0.099 +/- 1.96*0.054 = (-0.007,+0.205), matching the report's 95% CI -0.01 to +0.21. J=0.9998 for df=4174 is negligible. Naive non-cluster Var(g) would be 0.00096 / SE 0.031, far smaller, confirming the 0.054 SE already absorbs the design effect.)",0.099,"p.4 (Exec summary table); p.21-22, Table 4 (Overall); methods p.14",subagent,high,"Headline/confirmatory result: +0.10 SD, +2 months progress, p=0.07 (sig at 10% only). maths -> STEM. Single primary outcome (Number Knowledge total raw score). Secondary 'outcome' (Table 5) is only a treatment*pre-test interaction term (heterogeneity test, interaction Beta=+0.003 ns), not a distinct achievement contrast, so not extracted as a separate effect size. Per-cohort: A +0.091, B +0.105 (same trial, temporal cohorts). Appendix meta-analysis combining this primary trial (0.099) with the secondary trial (0.055) gives pooled 0.073 (Table A1) - not extracted (that is the meta-analytic combination across both Math Mastery reports)."
wakabayashi_2020-01,wakabayashi_2020,129,wakabayashi_2020,Wakabayashi et al. 2020,STEM,Pre-K,0.1397,0.003586,0.0599,281,220,52,,True,True,researcher_made,"Early Mathematics Assessment System (EMAS) Birthday Party Assessment (Numbers/Operations and Shape/Space/Patterns; 4-year-old continuous form), Ginsburg et al. 2010",0,researcher_made,"Reported standardized Treatment coefficient from a 2-level HLM (random intercepts; covariates = EMAS math pretest, child age, wealth/poverty index, state dummies, Michigan reference) treated as d=0.14 (the paper itself labels it 'effect size 0.14'); g = J*d with J = 1 - 3/(4*df-1) = 0.99811 (df=398, N=400); g = 0.998*0.14 = 0.1397. g_se = J*impact_se = 0.998*0.06 = 0.0599; g_var = g_se^2 = 0.003586. Standardized on the EMAS outcome's SD scale (HLM standardized coefficient). Already accounts for clustering (multilevel model).",0.14,"p. 339, Table 7 (Multilevel model for EMAS) and Section 5.2; abstract notes 'small' positive effect on EMAS",subagent,high,"Statistically significant favoring TPD (t=2.34, p<.05). Table 7 sample = 400 children nested in 22 sites (n_t/n_c from Table 3 post-tested totals 281/220 across all 3 years used as best available split; the EMAS model n=400 is slightly smaller due to listwise deletion). EMAS is a developer/researcher-associated instrument (developed at Teachers College/Columbia, Ginsburg et al.; Birthday Party version validated by HighScope-affiliated work) -> labeled researcher_made; central filtering may exclude it as non-independent. Paper: 'the small statistically significant effect size between children exposed to Numbers Plus was 0.14 (p < .05)'. Positive = favors TPD. ICC not reported."
wakabayashi_2020-02,wakabayashi_2020,129,wakabayashi_2020,Wakabayashi et al. 2020,STEM,Pre-K,-0.02,,,281,220,52,,True,True,standardized_independent,"Woodcock-Johnson III Tests of Achievement, Applied Problems (subtest 10), McGrew & Woodcock 2001",0,no_variance,"Reported in prose as a 'very small effect size (-0.02)' from the parallel multilevel impact analysis (pretest-adjusted, cluster-adjusted). g = J*d with J~0.998 (N~400) rounds back to -0.02. No SE/variance computable: the paper provides no WJ-III impact table, no SE, and no posttest means/SDs by arm.",-0.02,"p. 339, Section 5.2 (Impact on child mathematics outcomes)",subagent,high,"Non-significant ('No significant differences were found for WJ-III Applied Problems, however, with a very small effect size (-0.02)'). WJ-III Applied Problems is a standardized/independent instrument (this is the WWC-eligible math outcome). No multilevel table reported for WJ-III (only EMAS has Table 7), so g_se and g_var cannot be derived from the paper -- impact_se/g_var/g_se left null. The Discussion (Section 6) notes WJ-III may be 'inadequate for the range of mathematical knowledge developing during early childhood', explaining the divergence from the significant EMAS result. Sign is essentially zero/slightly negative (favors control marginally). ICC not reported."
west_2016-01,west_2016,130,west_2016,West et al. 2016,STEM,Grades 3-8,-0.04,0.001369,0.037,,,89,,True,True,standardized_independent,Summative state mathematics test (state administrative records; standardized within state x subject x grade),1,,"Reported impact estimate is already a standardized mean difference (outcome standardized by state x subject x grade SD): d=-0.04. g=J*d, J=0.99997 (df~21333), g=-0.04. g_se = J*reported cluster-adjusted SE = 0.037; g_var=g_se^2=0.001369. Standardizing SD = state-distribution SD within subject x grade.",-0.04,Table ES.2 (p.xiii) and Table 5.1 'FULL SAMPLE (N=89) Overall' (p.35),subagent,high,"Headline confirmatory math impact, N=89 schools (45 T / 44 C), n=21,335 students. Not statistically significant (p=0.300). Math -> STEM."
west_2016-02,west_2016,130,west_2016,West et al. 2016,Reading,Grades 3-8,-0.05,0.000784,0.028,,,89,,True,True,standardized_independent,Summative state reading/ELA test (state administrative records; standardized within state x subject x grade),1,,"Reported impact estimate is already a standardized mean difference (outcome standardized by state x subject x grade SD): d=-0.05. g=J*d, J=0.99997 (df~21256), g=-0.05. g_se = J*reported cluster-adjusted SE = 0.028; g_var=g_se^2=0.000784. Standardizing SD = state-distribution SD within subject x grade.",-0.05,Table ES.2 (p.xiii) and Table 5.2 'FULL SAMPLE (N=89) Overall' (p.36),subagent,high,"Headline confirmatory reading/ELA impact, N=89 schools (45 T / 44 C), n=21,258 students. Not statistically significant (p=0.099). Reading/ELA -> Reading."
west_2016-03,west_2016,130,west_2016,West et al. 2016,STEM,Grades 3-8,0.0,0.001936,0.044,,,69,,True,True,standardized_independent,Summative state mathematics test (state administrative records; standardized within state x subject x grade),0,subgroup,"Reported standardized impact d=0.00 (math, reduced sample). g=J*d=0.00; g_se=J*reported cluster-adjusted SE=0.044; g_var=0.001936. Standardizing SD = state-distribution SD within subject x grade.",0.0,Table ES.2 (p.xiii) and Table 5.1 'REDUCED SAMPLE (n=69) Overall' (p.35),subagent,high,"Reduced sample = 69 schools (35 T / 34 C) = only treatment schools that worked with ANet for both years plus matched pairs; a non-randomised post-hoc subset, n=15,806. Provided for completeness; prefer the full-sample row. Math -> STEM."
west_2016-04,west_2016,130,west_2016,West et al. 2016,Reading,Grades 3-8,-0.01,0.001024,0.032,,,69,,True,True,standardized_independent,Summative state reading/ELA test (state administrative records; standardized within state x subject x grade),0,subgroup,"Reported standardized impact d=-0.01 (reading, reduced sample). g=J*d=-0.01; g_se=J*reported cluster-adjusted SE=0.032; g_var=0.001024. Standardizing SD = state-distribution SD within subject x grade.",-0.01,Table ES.2 (p.xiii) and Table 5.2 'REDUCED SAMPLE (n=69) Overall' (p.36),subagent,high,"Reduced sample = 69 schools (35 T / 34 C); non-randomised post-hoc subset, n=15,746. Provided for completeness; prefer the full-sample row. Reading/ELA -> Reading."
whittaker_2020-01,whittaker_2020,131,whittaker_2020,Whittaker et al. 2020,STEM,Pre-K,-0.06,0.01159,0.1076,70,70,140,,True,True,researcher_made,"MTP-STEAM (Short Tools for Early Assessment in Mathematics; adapted short form of TEAM, + measurement/shapes items)",0,researcher_made,"Reported in Table 9 (g = -0.06): classroom-level standardized regression coefficient (Mplus FIML) for treatment, controlling for fall MTP-STEAM + covariates, standardized to control-group fall SD. impact_estimate = standardized beta (-0.034), impact_se = SE{beta} (0.061). g_se approximated as SE{beta} x (g/beta).",-0.034,Table 9 (p. 69 of PDF); means Table 2 (p. 62),subagent,high,"Direct child math assessment. Year 1 = experimental wave (meets WWC; 10.3% overall / 2.3% differential attrition at fall, 19.2%/4.6% at spring). Non-significant (p=.57). Classroom-level means in Table 2 are aggregated within classroom."
whittaker_2020-02,whittaker_2020,131,whittaker_2020,Whittaker et al. 2020,STEM,Pre-K,0.14,0.01182,0.1087,70,70,140,,True,True,researcher_made,NSPV (Number Sense and Place Value dynamic assessment; Kinzie et al. 2014),0,researcher_made,"Reported in Table 9 (g = 0.14): classroom-level standardized regression coefficient (Mplus FIML), controlling for fall NSPV + covariates, standardized to control-group fall SD. impact_estimate = beta (0.085), impact_se = SE{beta} (0.066). g_se approximated as SE{beta} x (g/beta).",0.085,Table 9 (p. 69 of PDF); means Table 2 (p. 62),subagent,high,Direct child math assessment. Year 1 experimental wave. Non-significant (p=.20).
whittaker_2020-03,whittaker_2020,131,whittaker_2020,Whittaker et al. 2020,STEM,Pre-K,0.1,0.00926,0.0962,70,70,140,,True,True,standardized_independent,LENS on Science (adaptive IRT science assessment; Greenfield et al. 2011),1,,"Reported in Table 9 (g = 0.10): classroom-level standardized regression coefficient (Mplus FIML), controlling for fall LENS + covariates, standardized to control-group fall SD. impact_estimate = beta (0.053), impact_se = SE{beta} (0.051). g_se approximated as SE{beta} x (g/beta).",0.053,Table 9 (p. 69 of PDF); means Table 2 (p. 62),subagent,high,Direct child science assessment; published independent IRT-based instrument (closest to standardized/independent of the measures here). Year 1 experimental wave. Non-significant (p=.30).
whittaker_2020-04,whittaker_2020,131,whittaker_2020,Whittaker et al. 2020,STEM,Pre-K,-0.06,0.01904,0.138,70,70,140,,True,False,standardized_independent,"PAS (Preschool Assessment of Science, task-based; Gropen et al. 2017)",1,,"Reported in Table 9 (g = -0.06): classroom-level standardized treatment coefficient (Mplus FIML), covariate-adjusted. PAS has no fall score, so the coefficient compares spring means (posttest-only, covariate-adjusted) rather than residualized change. impact_estimate = beta (-0.030), impact_se = SE{beta} (0.069). g_se approximated as SE{beta} x (g/beta).",-0.03,Table 9 (p. 69 of PDF); means Table 2 (p. 62),subagent,high,"Direct child science assessment, independent instrument. Spring-only (no fall baseline), so covariate-adjusted posttest contrast, not residualized change. Year 1 experimental wave. Non-significant (p=.66)."
whittaker_2020-05,whittaker_2020,131,whittaker_2020,Whittaker et al. 2020,STEM,Pre-K,-0.09,0.01058,0.1029,70,70,140,,True,True,researcher_made,"ARS Math (Academic Rating Scale, teacher-rated; adapted from ECLS-K + 5 items)",0,researcher_made,"Reported in Table 9 (g = -0.09): classroom-level standardized regression coefficient (Mplus FIML), controlling for fall ARS-Math + covariates, standardized to control-group fall SD. impact_estimate = beta (-0.063), impact_se = SE{beta} (0.072). g_se approximated as SE{beta} x (g/beta).",-0.063,Table 9 (p. 69 of PDF); means Table 2 (p. 62),subagent,high,Teacher-rating measure of math skills (not a direct child assessment; rater = treatment-aware teacher). Year 1 experimental wave. Non-significant (p=.39).
whittaker_2020-06,whittaker_2020,131,whittaker_2020,Whittaker et al. 2020,STEM,Pre-K,0.03,0.01187,0.1089,70,70,140,,True,True,researcher_made,"ARS Science (Academic Rating Scale, teacher-rated; adapted from ECLS-K + 7 items)",0,researcher_made,"Reported in Table 9 (g = 0.03): classroom-level standardized regression coefficient (Mplus FIML), controlling for fall ARS-Science + covariates, standardized to control-group fall SD. impact_estimate = beta (0.019), impact_se = SE{beta} (0.069). g_se approximated as SE{beta} x (g/beta).",0.019,Table 9 (p. 69 of PDF); means Table 2 (p. 62),subagent,high,Teacher-rating measure of science skills. Year 1 experimental wave. Non-significant (p=.78).
whittaker_2020-07,whittaker_2020,131,whittaker_2020,Whittaker et al. 2020,STEM,Pre-K,0.06,0.0111,0.1054,40,35,75,,True,True,researcher_made,MTP-STEAM (Short Tools for Early Assessment in Mathematics),0,researcher_made,"Reported in Table 9 (g = 0.06): classroom-level standardized regression coefficient (Mplus FIML), controlling for fall MTP-STEAM + covariates, standardized to control-group fall SD. impact_estimate = beta (0.041), impact_se = SE{beta} (0.072). g_se approximated as SE{beta} x (g/beta).",0.041,Table 9 (p. 69 of PDF); means Table 2 (p. 62),subagent,high,"Year 2 = quasi-experimental (55.8% classroom attrition). MTP-STEAM had baseline non-equivalence at spring Year 2 (d = -0.41, fails WWC), so this contrast is internal-validity-compromised. Non-significant (p=.57). Separate cohort from Year 1 (consecutive single-year cohorts)."
whittaker_2020-08,whittaker_2020,131,whittaker_2020,Whittaker et al. 2020,STEM,Pre-K,0.17,0.01784,0.1336,40,35,75,,True,True,researcher_made,NSPV (Number Sense and Place Value dynamic assessment),0,researcher_made,"Reported in Table 9 (g = 0.17): classroom-level standardized regression coefficient (Mplus FIML), controlling for fall NSPV + covariates, standardized to control-group fall SD. impact_estimate = beta (0.112), impact_se = SE{beta} (0.088). g_se approximated as SE{beta} x (g/beta).",0.112,Table 9 (p. 69 of PDF); means Table 2 (p. 62),subagent,high,"Year 2 quasi-experimental. NSPV had baseline non-equivalence at spring Year 2 (d = -0.39, fails WWC). Non-significant (p=.21). Separate cohort from Year 1."
whittaker_2020-09,whittaker_2020,131,whittaker_2020,Whittaker et al. 2020,STEM,Pre-K,0.2,0.01904,0.138,40,35,75,,True,True,standardized_independent,LENS on Science (adaptive IRT science assessment),1,,"Reported in Table 9 (g = 0.20): classroom-level standardized regression coefficient (Mplus FIML), controlling for fall LENS + covariates, standardized to control-group fall SD. impact_estimate = beta (0.100), impact_se = SE{beta} (0.069). g_se approximated as SE{beta} x (g/beta).",0.1,Table 9 (p. 69 of PDF); means Table 2 (p. 62),subagent,high,"Direct child science assessment, independent IRT instrument. Year 2 quasi-experimental. LENS met baseline equivalence (d = -0.09). Non-significant (p=.15)."
whittaker_2020-10,whittaker_2020,131,whittaker_2020,Whittaker et al. 2020,STEM,Pre-K,0.39,0.02434,0.156,40,35,75,,True,False,standardized_independent,"PAS (Preschool Assessment of Science, task-based)",1,,"Reported in Table 9 (g = 0.39): classroom-level standardized treatment coefficient (Mplus FIML), covariate-adjusted; PAS has no fall score so it is a covariate-adjusted posttest-only contrast. impact_estimate = beta (0.220), impact_se = SE{beta} (0.088). g_se approximated as SE{beta} x (g/beta).",0.22,Table 9 (p. 69 of PDF); means Table 2 (p. 62),subagent,high,"Direct child science assessment, independent instrument. Year 2 quasi-experimental. STATISTICALLY SIGNIFICANT favoring treatment (p=.01); one of the paper's three significant Year 2 child effects. Spring-only (no fall baseline) -> covariate-adjusted posttest contrast."
whittaker_2020-11,whittaker_2020,131,whittaker_2020,Whittaker et al. 2020,STEM,Pre-K,0.26,0.00903,0.095,40,35,75,,True,True,researcher_made,"ARS Math (Academic Rating Scale, teacher-rated)",0,researcher_made,"Reported in Table 9 (g = 0.26): classroom-level standardized regression coefficient (Mplus FIML), controlling for fall ARS-Math + covariates, standardized to control-group fall SD. impact_estimate = beta (0.238), impact_se = SE{beta} (0.087). g_se approximated as SE{beta} x (g/beta).",0.238,Table 9 (p. 69 of PDF); means Table 2 (p. 62),subagent,high,Teacher-rating measure (treatment-aware rater). Year 2 quasi-experimental. STATISTICALLY SIGNIFICANT favoring treatment (p=.006). ARS-Math met baseline equivalence (d = -0.01).
whittaker_2020-12,whittaker_2020,131,whittaker_2020,Whittaker et al. 2020,STEM,Pre-K,0.25,0.01053,0.1026,40,35,75,,True,True,researcher_made,"ARS Science (Academic Rating Scale, teacher-rated)",0,researcher_made,"Reported in Table 9 (g = 0.25): classroom-level standardized regression coefficient (Mplus FIML), controlling for fall ARS-Science + covariates, standardized to control-group fall SD. impact_estimate = beta (0.212), impact_se = SE{beta} (0.087). g_se approximated as SE{beta} x (g/beta).",0.212,Table 9 (p. 69 of PDF); means Table 2 (p. 62),subagent,high,Teacher-rating measure (treatment-aware rater). Year 2 quasi-experimental. STATISTICALLY SIGNIFICANT favoring treatment (p=.01). ARS-Science met baseline equivalence (d = -0.12).
wiggins_2017-01,wiggins_2017,132,wiggins_2017,Wiggins et al. 2017,STEM,3-6,0.0,0.004742,0.06886,1336,1501,94,0.131,True,True,standardized_independent,"KS2 maths SATs (NPD ks2_mattotmrk, total raw mark)",1,,"Report's Cohen's d = OLS impact coefficient (KS1 pretest + stratum-adjusted) / pooled SD; multiplied by Hedges J = 1-3/(4*df-1) with df=n_model-2=2835 (J=0.99974), so g=0.00. g_se = (CI_hi-CI_lo)/(2*1.95996) from reported 95% CI (-0.13, 0.14); CIs use Huber-White SE clustered at school level; g_var = g_se^2.",0.0,p.31 Table 10 (cohort A primary outcomes); also p.5 Table 1 (exec summary); ICC/n_clusters p.26 Table 5A (primary analysis row),subagent,high,"Maths -> STEM. n in model = 2,837. p = 0.96. KS2 maths SATs is a national standardized test, marked blind, not specific to the LRS intervention. n_clusters = 94 schools (49 int; 45 control) in primary analysis."
wiggins_2017-02,wiggins_2017,132,wiggins_2017,Wiggins et al. 2017,Reading,3-6,0.0,0.004065,0.06376,1334,1495,94,0.105,True,True,standardized_independent,"KS2 reading SATs (NPD ks2_readmrk, raw mark)",1,,"Report's Cohen's d = OLS impact coefficient (KS1 pretest + stratum-adjusted) / pooled SD; multiplied by Hedges J (df=2827, J=0.99973), so g=0.00. g_se = (CI_hi-CI_lo)/(2*1.95996) from reported 95% CI (-0.12, 0.13); CIs use school-clustered Huber-White SE; g_var = g_se^2.",0.0,p.31 Table 10 (cohort A primary outcomes); also p.5 Table 1 (exec summary); ICC/n_clusters p.27 Table 6A (primary analysis row),subagent,high,"Reading -> Reading. n in model = 2,829. p = 0.96. KS2 reading SATs is national standardized, marked blind. n_clusters = 94 schools."
wiggins_2017-03,wiggins_2017,132,wiggins_2017,Wiggins et al. 2017,STEM,3-6,-0.07998,0.004397,0.06631,1441,1686,93,0.115,True,True,standardized_independent,"KS2 maths SATs (NPD ks2matscore, scaled score)",1,,"Report's Cohen's d = OLS impact coefficient (KS1 pretest + stratum-adjusted) / pooled SD; multiplied by Hedges J (df=3125, J=0.99976), g=-0.080. g_se = (CI_hi-CI_lo)/(2*1.95996) from reported 95% CI (-0.21, 0.05); CIs use school-clustered Huber-White SE; g_var = g_se^2.",-0.08,p.31 Table 11 (cohort B primary outcomes); also p.5 Table 1 (exec summary); ICC/n_clusters p.26 Table 5B (primary analysis row),subagent,high,"Maths -> STEM. n in model = 3,127. p = 0.24 (not significant). Cohort B = higher-security 5-padlock result (lower attrition, balanced baseline). 2016 KS2 used scaled scores (mean ~100). n_clusters = 93 schools (48 int; 45 control)."
wiggins_2017-04,wiggins_2017,132,wiggins_2017,Wiggins et al. 2017,Reading,3-6,-0.03999,0.004742,0.06886,1386,1627,93,0.096,True,True,standardized_independent,"KS2 reading SATs (NPD ks2readscore, scaled score)",1,,"Report's Cohen's d = OLS impact coefficient (KS1 pretest + stratum-adjusted) / pooled SD; multiplied by Hedges J (df=3011, J=0.99975), g=-0.040. g_se = (CI_hi-CI_lo)/(2*1.95996) from reported 95% CI (-0.17, 0.10); CIs use school-clustered Huber-White SE; g_var = g_se^2.",-0.04,p.31 Table 11 (cohort B primary outcomes); also p.5 Table 1 (exec summary); ICC/n_clusters p.27 Table 6B (primary analysis row),subagent,high,"Reading -> Reading. n in model = 3,013. p = 0.60 (not significant). Cohort B = higher-security result. 2016 KS2 scaled scores. n_clusters = 93 schools."
wiggins_2019-01,wiggins_2019,133,wiggins_2019,Wiggins et al. 2019,STEM,7-12,0.09,0.003442,0.0587,3328,3486,39,0.083,True,True,standardized_independent,GCSE Mathematics point score (NPD KS4_EBPTSMAT_PTQ_EE / EBacc maths pillar),1,,"Report's Cohen's d = adjusted (OLS, KS2-controlled, strata + Huber-White cluster-robust) difference in means / sqrt(pooled total variance of outcome) = 0.157/sqrt(3.176). J small-sample correction applied (J=0.99989, df=6812) -> g=J*d=0.09. SE from reported 95% CI (-0.03, 0.20): SE=(0.20-(-0.03))/(2*1.96)=0.0587; g_se=J*SE; g_var=g_se^2. CI/SE already cluster-adjusted.",0.09,"p.4 Table 1 (exec summary); p.33 Table 12 (raw means + d + CI); p.33 Table 13 (adjusted diff 0.157, pooled var 3.176); ICC p.26 Table 5",subagent,high,Maths -> STEM. Dual primary outcome. p=0.15. n in model 6814 (3328 int; 3486 ctrl). 39 schools analysed (20 int + 19 ctrl). Raw posttest means from Table 12 (CIs in report); raw SDs per arm not tabulated for outcome (only pooled variance reported).
wiggins_2019-02,wiggins_2019,133,wiggins_2019,Wiggins et al. 2019,Reading,7-12,0.05,0.003748,0.0612,3315,3469,39,0.094,True,True,standardized_independent,GCSE English point score (NPD KS4_EBPTSENG_PTQ_EE / EBacc English pillar),1,,"Cohen's d = adjusted diff / sqrt(pooled var) = 0.083/sqrt(2.176)=0.056~0.05. J applied (J=0.99989, df=6782) -> g=0.05. SE from 95% CI (-0.07, 0.17): (0.17-(-0.07))/(2*1.96)=0.0612; g_var=g_se^2. Cluster-adjusted CI.",0.05,"p.4 Table 1; p.33 Table 12; p.33 Table 13 (adjusted diff 0.083, pooled var 2.176); ICC p.30 Table 7",subagent,high,English -> Reading per spec mapping (English/ELA -> Reading). Dual primary outcome. p=0.38. n in model 6784 (3315 int; 3469 ctrl).
wiggins_2019-03,wiggins_2019,133,wiggins_2019,Wiggins et al. 2019,STEM,7-12,0.04,0.004066,0.0638,3257,3418,39,0.104,True,True,standardized_independent,GCSE Mathematics point score (NPD KS4_EBPTSMAT_PTQ_EE / EBacc maths pillar),1,,"Cohen's d = adjusted diff / sqrt(pooled var) = 0.078/sqrt(4.417)=0.037~0.04. J applied (J=0.99989, df=6673) -> g=0.04. SE from 95% CI (-0.09, 0.16): (0.16-(-0.09))/(2*1.96)=0.0638; g_var=g_se^2. Cluster-adjusted CI.",0.04,"p.4 Table 1; p.34 Table 14; p.34 Table 15 (adjusted diff 0.078, pooled var 4.417); ICC p.27 Table 6",subagent,high,Maths -> STEM. Dual primary outcome. Full 2-year intervention dose (end-of-treatment for full dose). p=0.57. n in model 6675 (3257 int; 3418 ctrl). High EEF security.
wiggins_2019-04,wiggins_2019,133,wiggins_2019,Wiggins et al. 2019,Reading,7-12,0.03,0.005472,0.074,3236,3403,39,0.119,True,True,standardized_independent,GCSE English point score (NPD KS4_EBPTSENG_PTQ_EE / EBacc English pillar),1,,"Report Cohen's d=0.03 (Table 14). J applied (J=0.99989, df=6637) -> g=0.03. SE from 95% CI (-0.11, 0.18): (0.18-(-0.11))/(2*1.96)=0.0740; g_var=g_se^2. CI asymmetric about d=0.03 so SE approximate. Cluster-adjusted CI. (Table 15 'adjusted diff'=0.699 is an internal typo, inconsistent with reported d; not used.)",0.03,p.4 Table 1; p.34 Table 14; ICC p.31 Table 8,subagent,high,English -> Reading. Dual primary outcome. Full 2-year dose. p=0.64. n in model 6639 (3236 int; 3403 ctrl). Raw mean lower for intervention (4.53) than control (4.72) but adjusted/regression d=+0.03 after KS2 control. EEF security downgraded to moderate-to-high (underpowered for this outcome).
wiggins_2019-05,wiggins_2019,133,wiggins_2019,Wiggins et al. 2019,STEM,7-12,0.05,0.006249,0.0791,850,1044,39,0.083,True,True,standardized_independent,GCSE Mathematics point score (NPD EBacc maths pillar),0,subgroup,"Report subgroup effect size 0.05 (Table 17). J applied (J=0.99960, df=1773) -> g=0.05. SE from 95% CI (-0.10, 0.21): (0.21-(-0.10))/(2*1.96)=0.0791; g_var=g_se^2.",0.05,p.35 Table 17,subagent,high,Pre-specified FSM-ever-eligible subgroup (non-randomised subset). Maths -> STEM. p=0.50. n in model 1775 (850 int; 1044 ctrl).
wiggins_2019-06,wiggins_2019,133,wiggins_2019,Wiggins et al. 2019,Reading,7-12,-0.02,0.008427,0.0918,850,1044,39,0.094,True,True,standardized_independent,GCSE English point score (NPD EBacc English pillar),0,subgroup,"Report subgroup effect size -0.02 (Table 17). J applied (J=0.99960, df=1756) -> g=-0.02. SE from 95% CI (-0.20, 0.16): (0.16-(-0.20))/(2*1.96)=0.0918; g_var=g_se^2.",-0.02,p.35 Table 17,subagent,high,FSM-ever-eligible subgroup. English -> Reading. p=0.81. n in model 1758 (850 int; 1044 ctrl).
wiggins_2019-07,wiggins_2019,133,wiggins_2019,Wiggins et al. 2019,STEM,7-12,-0.03,0.00344,0.0586,874,999,39,0.104,True,True,standardized_independent,GCSE Mathematics point score (NPD EBacc maths pillar),0,subgroup,"Report subgroup effect size -0.03 (Table 18). J applied (J=0.99960, df=1871) -> g=-0.03. SE from 95% CI (-0.14, 0.09): (0.09-(-0.14))/(2*1.96)=0.0587; g_var=g_se^2.",-0.03,p.35 Table 18,subagent,high,FSM-ever-eligible subgroup. Maths -> STEM. p=0.66. n in model 1762 (874 int; 999 ctrl).
wiggins_2019-08,wiggins_2019,133,wiggins_2019,Wiggins et al. 2019,Reading,7-12,-0.03,0.007517,0.0867,874,999,39,0.119,True,True,standardized_independent,GCSE English point score (NPD EBacc English pillar),0,subgroup,"Report subgroup effect size -0.03 (Table 18). J applied (J=0.99960, df=1871) -> g=-0.03. SE from 95% CI (-0.20, 0.14): (0.14-(-0.20))/(2*1.96)=0.0867; g_var=g_se^2.",-0.03,p.35 Table 18,subagent,high,FSM-ever-eligible subgroup. English -> Reading. p=0.72. n in model 1749 (874 int; 999 ctrl).
wijekumar_2009-01,wijekumar_2009,134,wijekumar_2009,Wijekumar et al. 2009,STEM,3-6,0.02,0.00108,0.0328,1223,1233,32,0.12,True,True,standardized_independent,"TerraNova CTBS Basic Battery, math subtest, Form A (CTB/McGraw-Hill 2000); scaled scores, level 14 (grade 4); norm-referenced standardized test",1,,"Pretest-adjusted (ANCOVA-style 3-level HLM) impact estimate divided by the student-level pooled within-group posttest SD, exactly as the authors define it (p.~22, line: 'effect size was computed as a standardized mean difference (Hedge's g) by dividing the adjusted group mean difference (gamma010) by the pooled within-intervention and control group standard deviation of the student-level outcome score'). Numerator gamma010 = 0.78 TerraNova scale points (Table 12 bottom row / chapter 4; SE=1.27); standardizing SD = pooled student-level posttest SD = 38.69 (p.41). d = 0.78/38.69 = 0.02016. Hedges' J = 1 - 3/(4*df - 1) with df ~ 2454 (N=2456-2) ~ 0.99969, so g = J*d = 0.02015 ~ 0.02, matching the authors' reported effect size of 0.02. g_se = impact_se / standardizing_SD = 1.27/38.69 = 0.03283; g_var = g_se^2 = 0.001078. This SE is taken from the multilevel-model impact SE, which accounts for student-within-classroom-within-school clustering (cluster_adjusted=true). Adjusted posttest means (Table 12): intervention 648.29, control 647.50 (diff 0.78 after class-mean pretest adjustment); unadjusted posttest means 647.41 vs 646.60 (diff 0.81, SE 2.36). The authors did not report a separate intervention-group posttest SD (control student-level SD=38.18; pooled=38.69), so sd_t is left null.",0.78,"Table 12, p.40-41 (adjusted posttest impact gamma010=0.78, SE=1.27, p=.543, ES 0.02); pooled posttest SD 38.69 / control SD 38.18 on p.41; analytic sample (1,223 int / 1,233 ctrl, 122 teachers, 32 schools) Table 7 p.16 & p.40; Hedges' g definition p.~22; ICC 0.12 (teacher) / 0.05 (school) Appendix I Table I1 p.71; complete-model gamma010=0.80 SE=1.47 in Appendix J Table J1 p.72.",subagent,high,"PRIMARY and ONLY student-achievement contrast in this report: the single confirmatory question (Do grade-4 Odyssey Math classrooms outperform control classrooms on the TerraNova math subtest?). Intent-to-treat, full sample. Result is essentially null: adjusted impact 0.78 scale points (<1 point), Hedges' g ~0.02, NOT statistically significant (p=.54); the study had 80%+ power to detect MDE=0.20 and found no effect. This is a MATH (STEM) outcome -- there are NO reading outcomes in this report (see 'problems': the assignment brief's ITSS/reading assumption does not apply to this row; row 134 = the CompassLearning Odyssey Math NCEE report). The two exploratory subgroup questions (gender; low vs medium/high scorers) were deferred to a separate report and are not analyzed here, so no subgroup effect sizes exist. Random assignment was at the teacher/classroom level (122 classrooms) blocked within 32 schools (registry codes assignment unit = 'School'); n_clusters recorded as 32 schools (top design level). icc=0.12 is the teacher/classroom-level ICC; school-level ICC=0.05. g_var/g_se derived from the multilevel-model impact SE (already clustering-adjusted)."
wijekumar_2017-01,wijekumar_2017,135,wijekumar_2017,Wijekumar et al. 2017,Reading,7-12,0.182,0.0017,0.0413,1131,893,108,0.126,True,True,standardized_independent,"Gray Silent Reading Test (GSRT; Wiederholt & Blalock, 2000); standardized distal reading-comprehension measure; Form B pretest, Form A posttest",1,,"Pretest/covariate-adjusted standardized mean difference per the authors (Table 2 note): numerator = HLM main-effects model M1 fixed-effect coefficient for ITSS = 2.12 GSRT scale points (SE 0.48, p<.001, df=80; Table 2 & Table 3 M1 column), adjusting for student- and class-level GSRT pretest, signaling pretest, gender, and rural locale. Standardizing SD = unadjusted pooled within-treatment-group STUDENT-LEVEL PRETEST SD of GSRT = 11.52 (Table 2; WWC-recommended standardizer). d = 2.12/11.52 = 0.184, matching the authors' reported ES 0.18. Hedges J = 1 - 3/(4*80 - 1) = 0.9906 -> g = 0.182. g_se = J*(0.48/11.52) = 0.0413; g_var = g_se^2 = 0.00170. SE is from the three-level HLM so it already accounts for clustering (cluster_adjusted=true). Posttest student-level descriptive means/SDs (Table 1, raw/unadjusted): ITSS 40.02 (SD 11.66, n=1,131), control 37.42 (SD 13.47, n=893); these are unadjusted and are recorded for reference only -- g uses the adjusted impact 2.12 / pretest SD 11.52.",2.12,"Table 2 (GSRT coefficient 2.12, SE 0.48, pooled pretest SD 11.52, ES 0.18; df=80); Table 3 M1 column (ITSS=2.12, SE .48) and M0 variance components (school 2.48 / classroom 20.04 / student 136.13); Table 1 (GSRT student-level posttest: ITSS n=1,131 M=40.02 SD=11.66; control n=893 M=37.42 SD=13.47); Methods (effect-size definition; GSRT standardized-test description; 108 classrooms / 25 schools / 2,489 students; teacher-level random assignment).",subagent,high,"PRIMARY and the only INDEPENDENT/standardized reading-achievement contrast in this report -- the headline outcome for the study's primary research question. ITSS classrooms scored ~0.18 SD higher on the GSRT than BAU control, statistically significant (p<.001). Intent-to-treat-style full sample (students using ITSS <=30 min total over the year were excluded a priori, mostly pull-out special-ed students, with matched exclusion in control). cluster_adjusted=true (HLM SE). icc=0.126 is the classroom-level ICC derived from M0 variance components (school-level ICC=0.016); randomization unit was teacher/classroom (108 classrooms in 25 schools), so n_clusters=108. The researcher-designed measures below are developer-made (researcher_made) proximal outcomes and are NOT independent measures."
wijekumar_2017-02,wijekumar_2017,135,wijekumar_2017,Wijekumar et al. 2017,Reading,7-12,0.201,0.00274,0.0524,1415,1074,108,0.126,True,True,researcher_made,Researcher-designed Short Comparison Text: Signaling word identification task,0,researcher_made,d = adjusted ITSS coefficient 1.69 / pooled student-level pretest SD 8.32 = 0.203 (authors ES 0.20); g = J*d with J=0.9906 (df=80) = 0.201; g_se = J*(0.44/8.32) = 0.0524. Means/SDs are raw posttest student-level (Table 1) for reference; g uses adjusted impact / pretest SD.,1.69,"Table 2 (Signaling 1.69, SE 0.44, pretest SD 8.32, ES 0.20); Table 1 (Signaling top-level structure student-level posttest n/M/SD).",subagent,high,"Developer-made proximal measure (researcher_made), not an independent standardized test; included for completeness, expected to be filtered centrally."
wijekumar_2017-03,wijekumar_2017,135,wijekumar_2017,Wijekumar et al. 2017,Reading,7-12,0.363,0.00375,0.0613,1084,788,108,0.126,True,True,researcher_made,Researcher-designed Short Comparison Text: Top-level structure,0,researcher_made,d = 0.71 / 1.94 = 0.366 (authors ES 0.37); g = J*d = 0.363; g_se = J*(0.12/1.94) = 0.0613.,0.71,"Table 2 (Short Comparison top-level structure 0.71, SE 0.12, pretest SD 1.94, ES 0.37).",subagent,high,Developer-made proximal measure (researcher_made); subscale of the short-comparison-text battery. Not an independent standardized test.
wijekumar_2017-04,wijekumar_2017,135,wijekumar_2017,Wijekumar et al. 2017,Reading,7-12,0.194,0.00542,0.0736,1084,788,108,0.126,True,True,researcher_made,Researcher-designed Short Comparison Text: # issues contrasted,0,researcher_made,d = 0.29 / 1.48 = 0.196 (authors ES 0.20); g = J*d = 0.194; g_se = J*(0.11/1.48) = 0.0736.,0.29,"Table 2 (Short Comparison # issues 0.29, SE 0.11, pretest SD 1.48, ES 0.20).",subagent,high,Developer-made proximal measure (researcher_made); subscale. Not an independent standardized test.
wijekumar_2017-05,wijekumar_2017,135,wijekumar_2017,Wijekumar et al. 2017,Reading,7-12,0.15,0.00252,0.0502,1084,788,108,0.126,True,True,researcher_made,Researcher-designed Short Comparison Text: Competence,0,researcher_made,d = 0.36 / 2.37 = 0.152 (authors ES 0.15); g = J*d = 0.150; g_se = J*(0.12/2.37) = 0.0502.,0.36,"Table 2 (Short Comparison competence 0.36, SE 0.12, pretest SD 2.37, ES 0.15).",subagent,high,Developer-made proximal measure (researcher_made); subscale. Not an independent standardized test.
wijekumar_2017-06,wijekumar_2017,135,wijekumar_2017,Wijekumar et al. 2017,Reading,7-12,0.326,0.00664,0.0815,1082,787,108,0.126,True,True,researcher_made,Researcher-designed Long Comparison Text: Top-level structure,0,researcher_made,d = 0.52 / 1.58 = 0.329 (authors ES 0.33); g = J*d = 0.326; g_se = J*(0.13/1.58) = 0.0815.,0.52,"Table 2 (Long Comparison top-level structure 0.52, SE 0.13, pretest SD 1.58, ES 0.33).",subagent,high,Developer-made proximal measure (researcher_made); subscale. Not an independent standardized test.
wijekumar_2017-07,wijekumar_2017,135,wijekumar_2017,Wijekumar et al. 2017,Reading,7-12,0.312,0.01211,0.1101,1082,787,108,0.126,True,True,researcher_made,Researcher-designed Long Comparison Text: # issues contrasted,0,researcher_made,d = 0.17 / 0.54 = 0.315 (authors ES 0.31); g = J*d = 0.312; g_se = J*(0.06/0.54) = 0.1101.,0.17,"Table 2 (Long Comparison # issues 0.17, SE 0.06, pretest SD 0.54, ES 0.31).",subagent,high,Developer-made proximal measure (researcher_made); subscale. Not an independent standardized test.
wijekumar_2017-08,wijekumar_2017,135,wijekumar_2017,Wijekumar et al. 2017,Reading,7-12,0.282,0.00826,0.0909,1082,787,108,0.126,True,True,researcher_made,Researcher-designed Long Comparison Text: Competence,0,researcher_made,d = 0.31 / 1.09 = 0.284 (authors ES 0.28); g = J*d = 0.282; g_se = J*(0.10/1.09) = 0.0909.,0.31,"Table 2 (Long Comparison competence 0.31, SE 0.10, pretest SD 1.09, ES 0.28).",subagent,high,Developer-made proximal measure (researcher_made); subscale. Not an independent standardized test.
wijekumar_2017-09,wijekumar_2017,135,wijekumar_2017,Wijekumar et al. 2017,Reading,7-12,0.46,0.00408,0.0639,1085,788,108,0.126,True,True,researcher_made,Researcher-designed Main Idea (short text): Top-level structure,0,researcher_made,d = 0.72 / 1.55 = 0.465 (authors ES 0.46); g = J*d = 0.460; g_se = J*(0.10/1.55) = 0.0639.,0.72,"Table 2 (Main Idea top-level structure 0.72, SE 0.10, pretest SD 1.55, ES 0.46).",subagent,high,Developer-made proximal measure (researcher_made); subscale. Not an independent standardized test.
wijekumar_2017-10,wijekumar_2017,135,wijekumar_2017,Wijekumar et al. 2017,Reading,7-12,0.919,0.02076,0.1441,1085,788,108,0.126,True,True,researcher_made,Researcher-designed Main Idea (short text): # issues contrasted,0,researcher_made,"d = 0.51 / 0.55 = 0.927 (authors ES 0.92, the largest effect); g = J*d = 0.919; g_se = J*(0.08/0.55) = 0.1441.",0.51,"Table 2 (Main Idea # issues 0.51, SE 0.08, pretest SD 0.55, ES 0.92).",subagent,high,"Developer-made proximal measure (researcher_made); the largest effect in the study (ES 0.92), a writing-the-main-idea production task closely aligned to the ITSS instruction. Not an independent standardized test."
wijekumar_2017-11,wijekumar_2017,135,wijekumar_2017,Wijekumar et al. 2017,Reading,7-12,0.251,0.00149,0.0386,1085,788,108,0.126,True,True,researcher_made,Researcher-designed Main Idea (short text): Competence,0,researcher_made,d = 0.39 / 1.54 = 0.253 (authors ES 0.25); g = J*d = 0.251; g_se = J*(0.06/1.54) = 0.0386.,0.39,"Table 2 (Main Idea competence 0.39, SE 0.06, pretest SD 1.54, ES 0.25).",subagent,high,"Developer-made proximal measure (researcher_made); subscale. Raw means/SDs not cleanly separable in the OCR'd Table 1 row, left null. Not an independent standardized test."
wijekumar_2017-12,wijekumar_2017,135,wijekumar_2017,Wijekumar et al. 2017,Reading,7-12,0.235,0.00356,0.0597,,,108,0.126,True,True,researcher_made,Researcher-designed Problem and Solution Text: Top-level structure,0,researcher_made,d = 0.59 / 2.49 = 0.237 (authors ES 0.24); g = J*d = 0.235; g_se = J*(0.15/2.49) = 0.0597.,0.59,"Table 2 (Problem and Solution top-level structure 0.59, SE 0.15, pretest SD 2.49, ES 0.24).",subagent,high,Developer-made proximal measure (researcher_made); subscale. Per-group student-level n not separable in OCR'd Table 1 tail; left null. Not an independent standardized test.
wijekumar_2017-13,wijekumar_2017,135,wijekumar_2017,Wijekumar et al. 2017,Reading,7-12,0.251,0.00395,0.0628,,,108,0.126,True,True,researcher_made,Researcher-designed Problem and Solution Text: Competence,0,researcher_made,d = 0.52 / 2.05 = 0.254 (authors ES 0.25); g = J*d = 0.251; g_se = J*(0.13/2.05) = 0.0628.,0.52,"Table 2 (Problem and Solution competence 0.52, SE 0.13, pretest SD 2.05, ES 0.25).",subagent,high,Developer-made proximal measure (researcher_made); subscale. Per-group student-level n not separable in OCR'd Table 1 tail; left null. Not an independent standardized test.
wolf_2018-01,wolf_2018,136,wolf_2018,Wolf et al. 2018,STEM,3,0.267,0.01804,0.1343,745,572,42,,True,True,standardized_independent,Iowa Test of Basic Skills (ITBS) science subtest,1,,"g = J*d, d = impact_estimate(5.63)/pooled_SD(21.06) = 0.267 (matches report Std Effect Size 0.27); pooled SD = unadjusted pooled posttest SD from Table C4; J=0.9994 from analytic N=1317. g_se = J*(impact_se/pooled_SD) = 0.9994*(2.83/21.06).",5.63,Table 5 (p.25); Table C4 row T1_Students_1_Gr3 (p.56); descriptives Table B1 (p.46),subagent,high,"Confirmatory contrast (C). Statistically significant positive impact (p=.047): the only significant positive achievement effect among the headline outcomes; T1 grade-3 received the intensive science-infused literacy curriculum (CRISELLA). Standardized/independent norm-referenced test, individually administered by trained testers. mean_t not separately reported (Table 5 gives unadjusted control mean 185.94 only)."
wolf_2018-02,wolf_2018,136,wolf_2018,Wolf et al. 2018,Reading,K,0.159,0.00125,0.0353,563,583,45,,True,True,standardized_independent,Woodcock-Munoz Language Survey-Revised (WMLS-R) oral language subtest,1,,"g = J*d, d = 4.15/26.03 = 0.159 (matches report Std Effect Size 0.16); pooled SD 26.03 from Table C4; J=0.9993 (N=1146). g_se = 0.9993*(0.92/26.03).",4.15,Table 6 (p.26); Table C4 row T1_Students_5_GrK (p.56); Table B1 (p.46),subagent,high,"Confirmatory contrast (C). Statistically significant positive oral-language impact (p<.001) for kindergarten, where T1 curriculum most emphasized oral language. Reading/literacy domain -> Reading. Low-stakes individually administered language test."
wolf_2018-03,wolf_2018,136,wolf_2018,Wolf et al. 2018,Reading,K,0.147,0.00348,0.059,541,582,45,,True,True,standardized_independent,Test of Phonological Awareness 2nd Edition Plus (TOPA 2+),1,,"g = J*d, d = 0.40/2.71 = 0.148 (matches report Std Effect Size 0.15); pooled SD 2.71 from Table C4; J=0.9993 (N=1123). g_se = 0.9993*(0.16/2.71).",0.4,Table 7 (p.26); Table C4 row T1_Students_7_GrK (p.56); Table B1 (p.46),subagent,high,"Confirmatory contrast (C). Statistically significant positive phonological-awareness impact (p=.010) for kindergarten T1, whose curriculum specifically targeted phonemic awareness. Phonological awareness (literacy) -> Reading. Standardized individually administered test."
wolf_2018-04,wolf_2018,136,wolf_2018,Wolf et al. 2018,Reading,3,0.131,0.00992,0.0996,639,472,42,,True,True,standardized_independent,State of Texas Assessments of Academic Readiness (STAAR) reading subtest,1,,"g = J*d, d = 16.74/128.12 = 0.131 (matches report Std Effect Size 0.13); pooled SD 128.12 from Table C4; J=0.9993 (N=1111). g_se = 0.9993*(12.77/128.12).",16.74,Table 9 (p.28); Table C4 row T1_Students_12_Gr3 (p.56); Table B1 (p.46),subagent,high,Confirmatory contrast (C) for reading achievement. Not statistically significant (p=.190). High-stakes Texas state reading test; pretest for STAAR was the WMLS-R reading subtest. Reading achievement -> Reading.
wolf_2018-05,wolf_2018,136,wolf_2018,Wolf et al. 2018,Reading,3,-0.033,0.0034,0.0583,650,470,42,,True,True,standardized_independent,Woodcock-Munoz Language Survey-Revised (WMLS-R) reading subtest (English language development in reading),1,,"g = J*d, d = -0.54/16.62 = -0.0325 (matches report Std Effect Size -0.03); pooled SD 16.62 from Table C4; J=0.9993 (N=1120). g_se = 0.9993*(0.97/16.62).",-0.54,Table 9 (p.28); Table C4 row T1_Students_13_Gr3 (p.56); Table B1 (p.46),subagent,high,Confirmatory contrast (C) for English language development in reading (WMLS-R reading). Not significant (p=.579). Low-stakes individually administered reading test. -> Reading.
wolf_2018-06,wolf_2018,136,wolf_2018,Wolf et al. 2018,Reading,1,0.014,0.00353,0.0594,605,560,41,,True,True,standardized_independent,Dynamic Indicators of Basic Early Literacy Skills (DIBELS) Oral Reading Fluency (ORF),1,,"g = J*d, d = 0.40/27.93 = 0.0143 (matches report Std Effect Size 0.01); pooled SD 27.93 from Table C4; J=0.9994 (N=1165). g_se = 0.9994*(1.66/27.93).",0.4,Table 9 (p.28); Table C4 row T1_Students_22_Gr1 (p.57); Table B1 (p.47),subagent,high,Confirmatory contrast (C) for reading fluency (grade 1 is the designated confirmatory grade for DIBELS in T1). Not significant (p=.811). Reading fluency (literacy) -> Reading.
wolf_2018-07,wolf_2018,136,wolf_2018,Wolf et al. 2018,Other,3,-0.08,0.00825,0.0909,706,553,42,,True,True,standardized_independent,Texas English Language Proficiency Assessment (TELPAS) writing subtest,1,,"g = J*d, d = -0.07/0.88 = -0.0795 (matches report Std Effect Size -0.08); pooled SD 0.88 from Table C4; J=0.9994 (N=1259). g_se = 0.9994*(0.08/0.88).",-0.07,Table 10 (p.28); Table C4 row T1_Students_23_Gr3 (p.57); Table B1 (p.48),subagent,high,Confirmatory contrast (C) for writing. Not significant (p=.385). Writing not a substantial focus of ELLA-V. TELPAS writing on a 4-point scale. Writing -> Other.
wolf_2018-08,wolf_2018,137,wolf_2018,Wolf et al. 2018,STEM,3,-0.004,0.01344,0.1159,614,572,40,,True,True,standardized_independent,Iowa Test of Basic Skills (ITBS) science subtest,1,,"g = J*d, d = -0.07/19.74 = -0.0035 (matches report Std Effect Size 0.00); pooled SD 19.74 from Table C5; J=0.9994 (N=1186). g_se = 0.9994*(2.29/19.74).",-0.07,Table 5 (p.25); Table C5 row T2_Students_1_Gr3 (p.58); Table B1 (p.46),subagent,high,"Confirmatory contrast (C). Essentially zero / not significant (p=.975): grade-3 T2 received a science-infused ORAL LANGUAGE curriculum (not the intensive science-infused literacy curriculum), and showed no science gain over BAU. Standardized/independent test. -> STEM. Control mean 185.94 shared with T1 contrast (same BAU grade-3 group)."
wolf_2018-09,wolf_2018,137,wolf_2018,Wolf et al. 2018,Reading,K,0.095,0.00123,0.035,609,583,46,,True,True,standardized_independent,Woodcock-Munoz Language Survey-Revised (WMLS-R) oral language subtest,1,,"g = J*d, d = 2.43/25.67 = 0.0947 (matches report Std Effect Size 0.09); pooled SD 25.67 from Table C5; J=0.9994 (N=1192). g_se = 0.9994*(0.90/25.67).",2.43,Table 6 (p.26); Table C5 row T2_Students_5_GrK (p.58); Table B1 (p.46),subagent,high,Confirmatory contrast (C). Statistically significant positive oral-language impact (p=.007) for kindergarten T2 (oral-language-focused STELLA/AOLS curriculum). Reading/literacy domain -> Reading.
wolf_2018-10,wolf_2018,137,wolf_2018,Wolf et al. 2018,Reading,K,-0.022,0.00356,0.0597,603,582,46,,True,True,standardized_independent,Test of Phonological Awareness 2nd Edition Plus (TOPA 2+),1,,"g = J*d, d = -0.06/2.68 = -0.0224 (matches report Std Effect Size -0.02); pooled SD 2.68 from Table C5; J=0.9994 (N=1185). g_se = 0.9994*(0.16/2.68).",-0.06,Table 7 (p.26); Table C5 row T2_Students_7_GrK (p.58); Table B1 (p.46),subagent,high,Confirmatory contrast (C). Not significant (p=.722); phonological awareness was not emphasized in T2. Phonological awareness (literacy) -> Reading.
wolf_2018-11,wolf_2018,137,wolf_2018,Wolf et al. 2018,Reading,3,-0.083,0.01125,0.1061,530,472,40,,True,True,standardized_independent,State of Texas Assessments of Academic Readiness (STAAR) reading subtest,1,,"g = J*d, d = -10.26/123.24 = -0.0833 (matches report Std Effect Size -0.08); pooled SD 123.24 from Table C5; J=0.9992 (N=1002). g_se = 0.9992*(13.08/123.24).",-10.26,Table 9 (p.28); Table C5 row T2_Students_12_Gr3 (p.58); Table B1 (p.46),subagent,high,Confirmatory contrast (C) for reading achievement. Not significant (p=.433). High-stakes Texas state reading test. Reading achievement -> Reading.
wolf_2018-12,wolf_2018,137,wolf_2018,Wolf et al. 2018,Reading,3,-0.048,0.00324,0.0569,533,470,40,,True,True,standardized_independent,Woodcock-Munoz Language Survey-Revised (WMLS-R) reading subtest (English language development in reading),1,,"g = J*d, d = -0.85/17.55 = -0.0484 (matches report Std Effect Size -0.05); pooled SD 17.55 from Table C5; J=0.9993 (N=1003). g_se = 0.9993*(1.00/17.55).",-0.85,Table 9 (p.28); Table C5 row T2_Students_13_Gr3 (p.58); Table B1 (p.46),subagent,high,Confirmatory contrast (C) for English language development in reading (WMLS-R reading). Not significant (p=.393). Low-stakes individually administered reading test. -> Reading.
wolf_2018-13,wolf_2018,137,wolf_2018,Wolf et al. 2018,Reading,2,0.072,0.00214,0.0462,619,690,45,,True,True,standardized_independent,Dynamic Indicators of Basic Early Literacy Skills (DIBELS) Oral Reading Fluency (ORF),1,,"g = J*d, d = 2.43/33.74 = 0.0720 (matches report Std Effect Size 0.07); pooled SD 33.74 from Table C5; J=0.9994 (N=1309). g_se = 0.9994*(1.56/33.74).",2.43,Table 9 (p.28); Table C5 row T2_Students_21_Gr2 (p.59); Table B1 (p.47),subagent,high,Confirmatory contrast (C) for reading fluency (grade 2 is the designated confirmatory grade for DIBELS in T2). Not significant (p=.120). Reading fluency (literacy) -> Reading. Control mean 87.73 is the grade-2 BAU DIBELS mean.
wolf_2018-14,wolf_2018,137,wolf_2018,Wolf et al. 2018,Other,3,0.129,0.00739,0.086,577,553,40,,True,True,standardized_independent,Texas English Language Proficiency Assessment (TELPAS) writing subtest,1,,"g = J*d, d = 0.12/0.93 = 0.1290 (matches report Std Effect Size 0.13); pooled SD 0.93 from Table C5; J=0.9993 (N=1130). g_se = 0.9993*(0.08/0.93).",0.12,Table 10 (p.28); Table C5 row T2_Students_23_Gr3 (p.59); Table B1 (p.48),subagent,high,Confirmatory contrast (C) for writing. Directionally positive but not significant (p=.111); grade-3 T2 curriculum (AOWLS) included a writing component. TELPAS writing on a 4-point scale. Writing -> Other.
worth_2015-01,worth_2015,138,worth_2015,Worth et al. 2015,STEM,K-2,0.198,0.00806,0.0898,517,848,36,0.11,True,True,standardized_independent,"Progress in Maths (PiM, GL Assessment standardised maths test), age-appropriate form",1,,"EEF/NFER reported ES = numeracy-group coefficient (b=0.97, Table A1) / pupil-level SD (4.90, no-covariate multilevel model, Table A1). d=0.97/4.90=0.198; J(df=1940)=0.9996 -> g=0.198. g_se=0.44/4.90=0.0898; g_var=0.00806. Standardized by the no-covariate pupil-level SD. Reproduces report ES 0.20 and CI 0.02-0.37. n_t/n_c are analysed pupils for the maths post-test (Table 5); n_clusters = 17 numeracy + 19 control schools = 36 clusters in this contrast.",0.97,"p.5 (headline ES table), p.21 Table 5, p.57 Table A1",subagent,high,"Primary confirmatory outcome for the numeracy arm (+3 months progress, statistically significant, 5 padlocks). Mean/SD are school-level post-test averages (Table 4, control n=19 schools, numeracy n=17 schools), shown for traceability only -- g was computed from the model coefficient and pupil-level SD, not from these school-level means."
worth_2015-02,worth_2015,138,worth_2015,Worth et al. 2015,STEM,K-2,-0.03,,,539,825,36,0.15,True,True,standardized_independent,Key Stage 1 mathematics points (national teacher-assessed attainment),0,no_variance,"Reported EEF effect size taken directly from Table 5 (KS1 mathematics points, numeracy contrast). Underlying coefficient/SE not tabulated separately in the appendix, so g_var/g_se left null. 95% CI reported -0.23 to 0.16.",,p.21 Table 5,subagent,high,Secondary outcome: no significant impact of the numeracy intervention on KS1 maths attainment. Sample restricted to pupils with matched National Pupil Database records.
worth_2015-03,worth_2015,139,worth_2015,Worth et al. 2015,Reading,K-2,-0.051,0.00444,0.0666,577,850,38,0.09,True,True,standardized_independent,"Progress in English (PiE, GL Assessment standardised literacy test: spelling/grammar + reading comprehension), age-appropriate form",1,,"EEF/NFER reported ES = literacy-group coefficient (b=-0.40, Table A2) / pupil-level SD (7.80, no-covariate multilevel model, Table A2). d=-0.40/7.80=-0.0513; J(df=1938)=0.9996 -> g=-0.051. g_se=0.52/7.80=0.0666; g_var=0.00444. Standardized by the no-covariate pupil-level SD. Reproduces report ES -0.05 and CI -0.18 to 0.08. n_t/n_c are analysed pupils for the literacy post-test (Table 5); n_clusters = 19 literacy + 19 control schools = 38 clusters in this contrast.",-0.4,"p.5 (headline ES table), p.21 Table 5, p.58 Table A2",subagent,high,"Primary confirmatory outcome for the literacy arm (-1 month, not statistically significant; no evidence of impact; 5 padlocks). Mean/SD are school-level post-test averages (Table 4, control n=19 schools, literacy n=19 schools), shown for traceability only -- g was computed from the model coefficient and pupil-level SD, not from these school-level means."
worth_2015-04,worth_2015,139,worth_2015,Worth et al. 2015,Reading,K-2,-0.06,,,596,824,38,0.17,True,True,standardized_independent,Key Stage 1 reading and writing points (national teacher-assessed attainment),0,no_variance,"Reported EEF effect size taken directly from Table 5 (KS1 reading and writing points, literacy contrast). Underlying coefficient/SE not tabulated separately in the appendix, so g_var/g_se left null. 95% CI reported -0.24 to 0.13.",,p.21 Table 5,subagent,high,Secondary outcome: no significant impact of the literacy intervention on KS1 reading and writing attainment. Sample restricted to pupils with matched National Pupil Database records.
worth_2017-01,worth_2017,140,worth_2017,Worth et al. 2017,Other,7-12,-0.01,0.001276,0.0357,6827,5999,82,0.046,True,True,standardized_independent,"GCSE English + maths combined point score (Cohort 2, 2016) - primary outcome",1,,"Reported directly as Hedges' g in Table 13 (column 'Hedges g'): EEF cluster-randomised, KS2-prior-attainment-adjusted multilevel-model standardised mean difference. Taken as g unchanged. g_se = (0.06-(-0.08))/(2*1.959964) from reported 95% CI; g_var = g_se^2. Raw means 76.7 (95% CI 76.2,77.2) vs 76.1 (75.6,76.6); SDs not reported (model-based SMD).",-0.01,"p.31 Table 13 (School-level experiment impact analysis), row 'Primary Outcome: Cohort 2, 2016 GCSE English + maths'",subagent,high,"Headline/primary confirmatory outcome. Composite combining GCSE English (Reading) + maths (STEM); recorded as Other per spec since it mixes subjects. n in model = 12,826 (6,827 int; 5,999 ctrl); raw post-test n = 7,366 (141 missing) int / 6,503 (153 missing) ctrl. p=0.802, not significant. MDES at analysis = 0.11. Equivalent to 0 months' additional progress."
worth_2017-02,worth_2017,140,worth_2017,Worth et al. 2017,Reading,7-12,0.01,0.001666,0.0408,6865,6055,82,0.046,True,True,standardized_independent,"GCSE English point score (Cohort 2, 2016)",0,redundant_subscale,"Reported directly as Hedges' g in Table 13 ('Hedges g' column): EEF cluster-randomised, KS2-adjusted multilevel SMD. Taken as g unchanged. g_se = (0.09-(-0.07))/(2*1.959964) from reported 95% CI; g_var = g_se^2.",0.01,"p.31 Table 13, row 'Cohort 2: 2016 GCSE English'",subagent,high,"GCSE English -> Reading per spec. Subscale of the combined English+maths composite. n in model = 12,920 (6,865 int; 6,055 ctrl). p=0.819, not significant. End-of-treatment wave for the primary cohort."
worth_2017-03,worth_2017,140,worth_2017,Worth et al. 2017,STEM,7-12,-0.02,0.0011,0.0332,6915,6075,82,0.046,True,True,standardized_independent,"GCSE maths point score (Cohort 2, 2016)",0,redundant_subscale,"Reported directly as Hedges' g in Table 13 ('Hedges g' column): EEF cluster-randomised, KS2-adjusted multilevel SMD. Taken as g unchanged. g_se = (0.05-(-0.08))/(2*1.959964) from reported 95% CI; g_var = g_se^2.",-0.02,"p.31 Table 13, row 'Cohort 2: 2016 GCSE maths'",subagent,high,"GCSE maths -> STEM per spec. Subscale of the combined English+maths composite. n in model = 12,990 (6,915 int; 6,075 ctrl). p=0.623, not significant. End-of-treatment wave for the primary cohort."
wright_2020-01,wright_2020,141,wright_2020,Wright et al. 2020,Reading,"Early years / pre-kindergarten (Nursery and Reception; ages 3-5, end of Reception)",-0.08,0.00315,0.05612,985,993,120,0.13,True,True,standardized_independent,"Composite language skill score (standardised composite of BPVS, RAPT Information, RAPT Grammar, CELF Preschool-2 UK Sentence Structure)",1,,"Report's Hedges' g (Table 1 exec summary; Table 11, p.32). Composite outcome is standardised to mean 0/SD 1, so the cluster-adjusted, school-average-pretest-adjusted OLS treatment coefficient is already in SD units = g = -0.08 (adjusted difference in means -0.081, Table 12). g_se/g_var derived from reported 95% CI (-0.19, 0.03): g_se=(0.03-(-0.19))/(2*1.96)=0.05612; g_var=g_se^2=0.003150. sd_t/sd_c from Table 12 variances (1.088 and 0.913 -> SD 1.043 and 0.955; pooled var 1.000).",-0.08,p.6 Table 1 (exec summary); p.32 Table 11; p.33 Table 12; analysis model p.19-20; ICC p.24 Table 7,subagent,high,"PRIMARY confirmatory child-achievement outcome. Early literacy/language -> Reading. ~ -1 month progress, p=0.15, not statistically significant. Model controls for school-average pre-test composite (individual pre-test omitted from primary model) and stratum dummies; SEs clustered at school level so clustering is accounted for."
wright_2020-02,wright_2020,141,wright_2020,Wright et al. 2020,Reading,"Early years / pre-kindergarten (Nursery and Reception; ages 3-5, end of Reception)",-0.058,0.002156,0.04643,985,993,120,,True,True,standardized_independent,British Picture Vocabulary Scale (BPVS) - receptive vocabulary,0,redundant_subscale,"Report's Hedges' g (Table 13, p.34): g=-0.058 (95% CI -0.149, 0.033). Scores standardised; cluster-adjusted, school-average-pretest-adjusted model. g_se=(0.033-(-0.149))/(2*1.96)=0.04643; g_var=0.002156.",-0.058,p.34 Table 13,subagent,high,"Secondary component of the composite -> subscale. Receptive vocabulary; language/literacy -> Reading. p=0.214, not significant."
wright_2020-03,wright_2020,141,wright_2020,Wright et al. 2020,Reading,"Early years / pre-kindergarten (Nursery and Reception; ages 3-5, end of Reception)",-0.044,0.004035,0.06352,985,993,120,,True,True,standardized_independent,Renfrew Action Picture Test (RAPT) - Information score,0,redundant_subscale,"Report's Hedges' g (Table 13, p.34): g=-0.044 (95% CI -0.168, 0.081). Cluster-adjusted, school-average-pretest-adjusted model. g_se=(0.081-(-0.168))/(2*1.96)=0.06352; g_var=0.004035.",-0.044,p.34 Table 13,subagent,high,"Secondary component of the composite -> subscale. Expressive language (information/nouns-verbs) -> Reading. p=0.490, not significant."
wright_2020-04,wright_2020,141,wright_2020,Wright et al. 2020,Reading,"Early years / pre-kindergarten (Nursery and Reception; ages 3-5, end of Reception)",-0.049,0.004265,0.06531,985,993,120,,True,True,standardized_independent,Renfrew Action Picture Test (RAPT) - Grammar score,0,redundant_subscale,"Report's Hedges' g (Table 13, p.34): g=-0.049 (95% CI -0.177, 0.079). Cluster-adjusted, school-average-pretest-adjusted model. g_se=(0.079-(-0.177))/(2*1.96)=0.06531; g_var=0.004265.",-0.049,p.34 Table 13,subagent,high,"Secondary component of the composite -> subscale. Expressive grammar -> Reading. p=0.454, not significant."
wright_2020-05,wright_2020,141,wright_2020,Wright et al. 2020,Reading,"Early years / pre-kindergarten (Nursery and Reception; ages 3-5, end of Reception)",-0.122,0.003064,0.05536,985,993,120,,True,True,standardized_independent,Clinical Evaluation of Language Fundamentals (CELF) Preschool-2 UK - Sentence Structure subtest (receptive),0,redundant_subscale,"Report's Hedges' g (Table 13, p.34): g=-0.122 (95% CI -0.231, -0.014). Cluster-adjusted, school-average-pretest-adjusted model. g_se=(-0.014-(-0.231))/(2*1.96)=0.05536; g_var=0.003064.",-0.122,p.34 Table 13,subagent,high,Secondary component of the composite -> subscale. Receptive language comprehension -> Reading. Nominally significant (p=0.029) but NOT significant after Benjamini-Hochberg multiple-comparison adjustment (threshold ~0.001 across 35 comparisons). ~ -2 months progress.
wright_2020-06,wright_2020,141,wright_2020,Wright et al. 2020,Reading,"Early years / pre-kindergarten (Nursery and Reception; ages 3-5, end of Reception) - FSM-eligible pupils",-0.08,0.00939,0.09694,247,299,120,,True,True,standardized_independent,Composite language skill score (FSM-eligible subgroup),0,subgroup,"Report's Hedges' g (Table 16, p.~36): g=-0.08 (95% CI -0.27, 0.11) for the FSM-eligible subgroup. Cluster-adjusted, school-average-pretest-adjusted model. g_se=(0.11-(-0.27))/(2*1.96)=0.09694; g_var=0.009397.",-0.08,p.~36 Table 16 (impact on primary outcome - pupils eligible for FSM),subagent,high,"Pre-specified FSM-eligible subgroup (non-randomised subset) -> is_full_sample=false. Same magnitude as full sample, not statistically significant (p=0.395). Included for traceability; central merge should prefer the full-sample primary outcome row."
yang_2020-01,yang_2020,142,yang_2020,Yang et al. 2020,STEM,7-8,-0.125,0.0066,0.0812,3786,4119,90,,True,True,standardized_independent,"State science test (end of grade 8), both cohorts combined",1,,d = b/SD = -1.02/8.13; SD = sqrt(school var 5.15 + student var 60.95) = 8.13 from Table 6 variance decomposition (residual). J=0.9999 (df ~ n_t+n_c-2). g = J*d; g_var = J^2*(SE/SD)^2.,-1.02,"p.18, Table 6 (State test, Both cohorts column); SD from variance-decomposition rows",subagent,medium,"Content (content-knowledge PD) vs business-as-usual control on the state science test. Not significant. Coefficient b=-1.02 (SE 0.66); negative = favors control. SD is residual-pooled (no raw SD printed), so |g| is a small over-estimate. End-of-treatment standardized outcome."
yang_2020-02,yang_2020,143,yang_2020,Yang et al. 2020,STEM,7-8,0.107,0.0066,0.0812,4013,4119,90,,True,True,standardized_independent,"State science test (end of grade 8), both cohorts combined",1,,d = b/SD = 0.87/8.13; SD = sqrt(school var 5.15 + student var 60.95) = 8.13 from Table 6 variance decomposition (residual). J=0.9999 (df ~ n_t+n_c-2). g = J*d; g_var = J^2*(SE/SD)^2.,0.87,"p.18, Table 6 (State test, Both cohorts column); SD from variance-decomposition rows",subagent,medium,"Cog-sci (curriculum + cognitive-science-principles PD) vs business-as-usual control on the state science test. Positive but not significant. Coefficient b=0.87 (SE 0.66); positive = favors TPD. SD is residual-pooled (no raw SD printed), so g is a small over-estimate. End-of-treatment standardized outcome."
yang_2020-03,yang_2020,142,yang_2020,Yang et al. 2020,STEM,8,-0.076,0.0241,0.1553,1960,2267,90,,True,True,researcher_made,"Earth end-of-unit test (Inside the Restless Earth), Cohort 1",0,researcher_made,"d = b/SD = -0.25/3.283; SD = sqrt(school 2.04 + classroom 0.79 + student 7.95) = 3.283 from Table 5 variance decomposition (Earth C1, residual). J~0.9994. g = J*d; g_var = J^2*(SE/SD)^2.",-0.25,"p.15-16, Table 5 (Earth, Cohort 1); SD from variance-decomposition rows",subagent,medium,"Last researcher-made unit test (Earth, spring G8). Content vs control, Cohort 1. Not significant. Researcher/developer-made; meta-analysis filters out non-independent measures centrally."
yang_2020-04,yang_2020,142,yang_2020,Yang et al. 2020,STEM,8,-0.082,0.0336,0.1834,1826,1852,82,,True,True,researcher_made,"Earth end-of-unit test (Inside the Restless Earth), Cohort 2",0,researcher_made,"d = b/SD = -0.27/3.270; SD = sqrt(school 2.57 + classroom 0.49 + student 7.63) = 3.270 from Table 5 variance decomposition (Earth C2, residual). J~0.9994. g = J*d; g_var = J^2*(SE/SD)^2.",-0.27,"p.15-16, Table 5 (Earth, Cohort 2); SD from variance-decomposition rows",subagent,medium,"Last researcher-made unit test (Earth, spring G8). Content vs control, Cohort 2. Not significant. Researcher/developer-made."
yang_2020-05,yang_2020,143,yang_2020,Yang et al. 2020,STEM,8,-0.003,0.0205,0.1431,2183,2267,90,,True,True,researcher_made,"Earth end-of-unit test (Inside the Restless Earth), Cohort 1",0,researcher_made,"d = b/SD = -0.01/3.283; SD = sqrt(school 2.04 + classroom 0.79 + student 7.95) = 3.283 from Table 5 variance decomposition (Earth C1, residual). J~0.9994. g = J*d; g_var = J^2*(SE/SD)^2.",-0.01,"p.15-16, Table 5 (Earth, Cohort 1); SD from variance-decomposition rows",subagent,medium,"Last researcher-made unit test (Earth, spring G8). Cog-sci vs control, Cohort 1. Essentially null. Researcher/developer-made."
yang_2020-06,yang_2020,143,yang_2020,Yang et al. 2020,STEM,8,0.205,0.0283,0.1682,1830,1852,82,,True,True,researcher_made,"Earth end-of-unit test (Inside the Restless Earth), Cohort 2",0,researcher_made,"d = b/SD = 0.67/3.270; SD = sqrt(school 2.57 + classroom 0.49 + student 7.63) = 3.270 from Table 5 variance decomposition (Earth C2, residual). J~0.9994. g = J*d; g_var = J^2*(SE/SD)^2.",0.67,"p.15-16, Table 5 (Earth, Cohort 2); SD from variance-decomposition rows",subagent,medium,"Last researcher-made unit test (Earth, spring G8). Cog-sci vs control, Cohort 2. Largest Cog-sci effect (~0.20) but not significant vs control. Researcher/developer-made; the paper's stated Cog-sci-vs-control end-of-unit ES range was 0 to 0.20, consistent with this value."
